# www.mecabricks.com
mtllib Untitled Model.mtl
o Part.1
v -3.836 38.067 -1.898
v 0.329 38.068 -5.168
v -2.442 40.29 2.398
v -1.039 39.81 -3.626
v 1.205 37.122 -6.165
v -4.862 34.86 -2.381
v 1.185 36.636 4.746
v 1.512 30.32 -7.582
v -0.965 36.489 4.805
v 5.782 37.533 0.293
v 3.388 38.32 -3.633
v -5.122 35.198 2.52
v 1.77 38.19 -4.891
v -2.322 40.916 -0.154
v 4.915 36.501 0.407
v -3.127 36.388 3.84
v -3.189 38.646 -3.521
v 4.126 35.401 -4.192
v 2.389 38.174 3.282
v -3.39 34.979 4.169
v 0.748 39.786 -3.782
v 3.363 37.886 4.436
v 4.854 31.599 -5.898
v 4.259 31.695 -6.605
v -5.803 36.56 -0.188
v -2.836 38.345 1.045
v 5.901 36.851 -1.286
v 1.446 36.43 5.71
v -5.176 37.358 2.487
v -5.729 37.299 -0.219
v 4.079 30.645 -5.107
v 2.343 31.86 -5.616
v 2.643 35.95 -4.372
v 1.414 35.742 5.573
v 0.724 40.882 -2.074
v 0.72 41.388 -0.12
v -4.956 36.339 -0.056
v -3.363 36.36 -3.722
v -0.84 41.342 -0.134
v 1.399 37.825 5.421
v -5.731 35.581 -0.165
v 4.113 38.922 -2.049
v 3.381 30.587 -5.83
v 5.141 36.878 2.732
v 2.247 40.944 -0.115
v -4.517 36.35 2.144
v 3.346 37.556 4.507
v -4.876 34.906 2.309
v -3.248 38.542 3.833
v -3.855 37.53 -4.234
v -5.689 35.168 -0.124
v 1.834 35.049 -7.146
v 4.322 33.634 -4.713
v -1.064 35.179 5.239
v 3.835 38.113 -1.564
v -3.34 39.987 -1.811
v 3.253 38.381 4.219
v -3.881 38.068 1.78
v 3.854 39.387 1.797
v 0.548 35.591 -7.015
v 5.039 35.18 -1.867
v -1.039 38.626 4.762
v -4.141 38.832 -2.147
v -2.034 38.349 -2.245
v -4.684 38.119 -2.401
v -5.36 37.132 -2.67
v -3.251 38.321 -0.076
v 2.988 31.939 -4.787
v -3.048 37.381 4.997
v 4.728 38.219 -2.115
v -0.947 39.324 4.112
v 3.962 32.84 -4.36
v 0.448 34.623 -5.685
v 2.772 38.44 1.572
v 2.863 36.695 3.933
v 5.326 36.726 -3.021
v -0.812 41.054 1.755
v 5.015 37.821 2.525
v 5.612 37.191 -2.149
v -5.348 34.868 -0.071
v 5.887 36.081 0.415
v 0.801 40.378 3.277
v 4.388 39.25 -0.105
v 0.145 36.775 -6.202
v -1.372 34.849 -5.132
v -5.139 37.694 -2.546
v -4.505 36.347 -2.192
v -4.51 36.503 -4.115
v 0 40.488 0
v 5.688 36.09 -1.768
v 3.238 35.59 -6.284
v 3.185 30.292 -7.031
v 2.143 34.71 -7.021
v -4.962 38.363 -0.217
v 2.953 38.402 0.452
v -3.941 39.243 1.841
v 2.195 40.567 -1.9
v -1.146 38.423 -4.627
v 3.56 36.002 -5.199
v -2.357 40.61 -1.833
v -1.04 37.242 5.518
v 3.467 36.267 4.677
v 3.914 36.335 -4.698
v 2.78 36.944 -5.824
v 2.842 34.261 -4.379
v 4.934 36.35 -3.618
v 1.398 32.062 -6.975
v -3.695 35.345 -4.608
v -0.787 38.353 -2.908
v -1.722 36.549 -5.688
v 5.618 36.808 -2.295
v 1.916 35.942 -6.978
v -0.263 35.971 -6.15
v 5.198 31.197 -4.685
v 1.998 31.42 -7.893
v 1.172 35.465 -7.217
v 1.487 35.016 -7.153
v 2.276 39.782 -3.216
v -5.181 36.531 2.538
v 1.547 34.712 -7.117
v 5.282 36.258 -3.063
v 1.364 34.623 -6.986
v 1.495 37.415 -5.668
v -3.633 34.875 -4.026
v 1.98 36.727 -6.599
v 0.437 37.507 -5.567
v 0.436 37.422 -5.775
v -4.054 35.873 4.365
v 1.891 38.454 2.269
v 4.637 30.618 -6.282
v -5.144 35.568 -3.144
v -2.638 39.871 -2.855
v -5.058 35.568 2.66
v 3.242 35.148 -5.452
v 3.183 35.596 4.357
v 4.16 38.123 0.334
v 3.883 34.01 -5.28
v -1.343 36.355 -4.738
v -1.847 35.909 -5.599
v -1.76 35.595 -5.636
v 4.211 33.064 -5.617
v 3.661 30.249 -6.391
v 3.889 30.531 -6.66
v 0.981 38.388 -4.887
v 5.486 38.16 0.133
v 5.217 37.462 -2.839
v 1.845 31.084 -6.539
v 0.269 34.875 -6.335
v 0.867 34.733 -6.823
v 3.44 35.8 4.571
v -2.823 38.071 -3.208
v 4.219 36.608 2.426
v 1.5 33.129 -7.267
v -1.103 37.668 5.416
v 5.325 37.191 -2.83
v -0.198 35.625 -6.135
v -0.291 35.533 -6.105
v 2.664 35.069 -6.801
v 1.805 32.921 -7.493
v 3.543 37.74 -4.019
v -3.802 37.047 -4.62
v -4.101 36.879 -4.444
v -4.634 36.926 -3.962
v -1.123 38.212 5.175
v -0.105 36.124 -6.357
v -5.519 36.442 -2.457
v 3.927 37.397 -4.153
v 2.093 30.669 -8.048
v 2.802 38.391 -0.998
v 3.963 35.112 -3.772
v -3.456 35.875 -5.021
v 2.217 33.249 -7.322
v 1.32 35.47 5.236
v 5.438 35.476 -1.893
v -5.161 36.26 -3.305
v 3.69 33.671 -6.097
v 3.523 40.232 -0.116
v 4.252 35.848 -4.209
v -5.358 35.142 -2.314
v -5.148 35.267 -2.971
v -3.101 35.972 5.078
v 1.991 38.377 -2.249
v -4.327 39.09 -0.189
v 4.781 38.352 2.337
v 5.021 37.47 2.584
v -0.026 35.604 -6.447
v -2.212 40.829 1.437
v -2.796 38.344 -1.138
v 3.431 31.381 -7.43
v 5.622 35.819 -1.787
v -3.158 36.207 5.102
v 3.555 38.15 2.023
v -3.826 38.174 3.91
v 3.381 35.677 -5.505
v 5.714 35.476 0.477
v 4.621 36.772 -3.857
v 0.783 36.512 -6.693
v -5.128 35.827 2.671
v -3.419 40.2 -0.167
v 3.485 36.461 -3.547
v -1.548 35.928 5.552
v -4.949 38.038 2.398
v -1.101 35.546 5.565
v -3.18 40.301 1.388
v 0.681 41.087 1.79
v 1.384 37.024 5.666
v 2.692 38.099 -3.22
v 5.579 31.598 -5.062
v 2.533 35.856 5.317
v 1.807 36.053 5.555
v 1.379 37.445 5.469
v 5.595 37.667 -1.486
v 2.485 37.472 -5.303
v 3.52 36.292 -5.195
v -1.09 36.732 5.674
v 3.154 36.578 5.01
v 3.318 39.957 -1.891
v 1.287 38.719 4.781
v -1.078 36.225 5.703
v 1.131 36.381 -4.822
v -4.423 35.848 -4.088
v 3.781 30.725 -7.143
v -1.846 36.184 -5.613
v 0.699 38.359 -2.926
v -0.827 38.113 4.075
v -2.675 38.083 3.252
v 0.721 38.435 2.889
v 0.905 38.081 -4.105
v -4.467 38.522 2.188
v 2.993 33.514 -6.864
v 5.139 36.319 2.763
v 1.069 39.389 4.166
v 4.585 36.48 -1.756
v -2.003 38.361 2.235
v 2.994 38.742 3.839
v 5.847 37.111 0.315
v 2.597 39.408 3.333
v -5.636 35.764 -2.22
v 4.379 38.732 2.061
v 5.398 30.632 -5.444
v -3.723 35.523 4.523
v 4.256 36.965 -4.132
v 5.073 35.65 -3.201
v -1.184 37.61 -5.21
v 4.201 36.17 -4.36
v -5.818 35.896 -0.156
v 2.249 30.148 -7.521
v 2.076 40.357 2.65
v 5.056 36.055 2.698
v 1.396 38.345 5.207
v -0.904 40.861 -2.062
v 5.361 35.216 0.455
v -5.572 35.512 -2.173
v -3.4 37.782 4.569
v 2.729 30.376 -6.585
v 5.359 37.838 -2.002
v -4.16 36.347 4.236
v -3.685 36.521 -4.884
v 4.385 30.213 -5.912
v 4.994 36.61 -3.574
v 5.222 35.969 -3.096
v 5.797 35.818 0.408
v 5.747 36.401 -1.771
v 5.972 36.479 -1.057
v -4.047 37.27 4.244
v 3.469 36.056 4.589
v 1.246 33.848 -6.426
v 3.405 37.087 4.698
v 1.288 33.323 -5.45
v 0.988 33.871 -5.94
v 5.02 37.879 -2.542
v 2.021 40.849 1.531
v -3.583 36.703 4.691
v -5.472 37.928 -0.216
v -0.843 40.346 3.192
v 2.374 38.477 -4.303
v 5.825 37.209 -1.282
v -3.547 37.899 -3.98
v 1.04 34.766 -5.028
v 2.276 36.798 -6.552
v 4.632 35.424 2.664
v 5.002 38.592 -0.05
v -4.241 38.064 -0.084
v 3.105 40.333 1.481
v 2.101 37.369 -5.75
v -2.912 39.256 3.208
v 2.331 35.544 -7.083
v -0.674 38.392 2.916
v 0.969 38.155 3.991
v 5.943 36.56 0.401
v 4.963 35.693 2.746
v 3.087 36.153 -6.178
v 1.908 33.741 -4.813
v -1.172 38.075 -4.05
v -2.794 37.097 5.179
v -2.844 36.74 5.258
v 1.586 36.127 -6.949
v -2.891 35.602 5.158
v -3.873 35.164 4.233
v -3.646 36.175 -4.89
v -1.399 37.155 -5.56
v -1.557 35.105 -5.548
v 2.86 40.295 -1.834
v 0.83 38.383 3.442
v 2.329 39.952 2.989
v -0.867 41.202 -1.079
v -4.626 37.328 3.512
v 5.34 36.996 -2.925
v 5.188 38.558 -0.009
v -4.137 36.039 4.289
v 1.938 37.305 -5.775
v -2.975 37.54 3.644
v 1.406 36.756 5.738
v -0.965 38.26 -3.481
v 0.27 36.877 5.784
v 2.483 33.942 -4.571
v -4.727 37.523 -0.062
v 0.487 38.294 -5.016
v 1.708 40.488 1.708
v 2.385 37.113 5.307
v -5.149 35.175 -2.847
v 4.121 38.116 -0.584
v -0.736 38.318 3.498
v -2.92 40.288 1.864
v -2.479 38.347 -1.737
v 5.95 36.672 -1.22
v 2.174 40.95 0.728
v 5.71 37.804 0.244
v 0.703 41.333 0.797
v -4.158 35.545 -4.246
v -4.748 38.41 -0.209
v -4.161 38.065 0.906
v 5.329 35.176 -0.7
v 0.187 39.366 4.264
v 4.773 35.118 -1.756
v 2.276 30.226 -8.147
v -2.504 36.362 -4.298
v 3.591 31.208 -4.908
v -1.049 37.466 5.458
v -2.319 38.272 2.753
v 1.712 38.171 3.688
v -5.147 37.655 2.487
v -1.468 38.351 -2.642
v 3.344 38.108 -2.483
v 2.665 37.637 3.67
v 0.725 40.374 -3.038
v 2.65 40.629 1.416
v -3.389 38.074 2.556
v 3.634 33.877 -6.488
v 5.129 37.624 -2.817
v -3.889 39.708 -0.174
v -5.729 36.993 -0.216
v -1.595 40.953 1.631
v 3.477 39.929 1.637
v -2.208 37.147 5.34
v -3.395 38.481 4.008
v 2.327 32.754 -4.706
v -1.199 35.804 5.585
v 2.09 36.292 -4.566
v -4.518 35.787 3.746
v -0.014 41.422 -0.125
v -3.203 34.932 3.939
v 5.116 36.294 -3.338
v -1.013 38.685 4.559
v 3.403 40.299 0.737
v -1.113 39.158 -4.156
v 2.333 38.4 0.625
v 2.775 35.952 5.145
v -3.081 39.912 -2.34
v 3.306 35.018 -4.505
v -0.005 41.107 1.809
v -3.391 38.069 -2.608
v 2.251 40.82 -0.992
v 1.436 40.366 3.047
v 1.445 41.232 -0.116
v 0.133 38.134 4.138
v 5.557 37.958 -0.8
v 1.443 40.766 -2.007
v -0.888 39.899 3.659
v -3.288 38.247 -1.584
v 3.86 35.078 -3.444
v 3.954 35.54 3.617
v -0.958 40.377 -2.955
v -5.176 38.316 -0.225
v 3.48 32.222 -4.535
v 1.396 38.366 -2.666
v -1.82 36.365 -5.629
v 4.303 37.569 -1.708
v 1.878 38.088 -3.764
v -2.118 36.426 4.455
v -3.101 38.604 3.657
v -2.395 38.254 -2.754
v -2.344 36.198 5.435
v -1.647 41.166 -0.144
v -1.73 40.751 -1.976
v 3.487 40.122 -1.014
v 5.85 37.026 -1.294
v -0.061 39.786 -3.797
v 2.465 38.387 -1.688
v -1.708 38.4 -1.708
v -3.768 39.465 -1.969
v 4.205 31.793 -7
v -0.914 37.572 4.544
v 2.654 40.347 2.118
v 1.734 35.428 -7.108
v 3.958 39.808 -0.115
v -3.349 38.249 1.439
v -2.244 40.616 1.977
v -3.588 39.839 1.591
v 4.635 30.859 -4.864
v 5.761 37.417 -1.322
v 0.823 39.123 -4.375
v -3.702 36.328 -4.867
v -3.552 36.034 -4.944
v 3.374 36.272 -5.561
v 2.149 38.733 4.42
v -1.059 36.997 5.592
v -5.394 37.807 -1.55
v -0.816 40.714 2.596
v 1.381 38.669 4.966
v -4.905 36.431 -3.657
v -4.814 35.589 -3.573
v 0.728 41.242 -1.048
v -1.066 38.566 4.966
v 3.24 32.241 -7.186
v -2.069 39.282 3.748
v -1.708 40.488 1.708
v 1.329 40.999 1.698
v 3.022 35.551 4.132
v -3.045 36.434 -5.196
v -4.502 36.759 -4.118
v 3.295 38.317 -1.326
v 1.405 38.054 5.381
v 5.578 30.608 -4.886
v 1.1 37.618 4.453
v 4.19 33.505 -5.438
v -4.291 37.526 -2.095
v -0.822 41.289 0.801
v 1.767 30.167 -7.589
v 5.219 30.656 -6.003
v -2.096 38.074 -3.691
v 0.788 38.269 -3.518
v -2.28 35.512 5.343
v 3.694 39.513 -1.989
v 2.081 33.347 -7.403
v 5.863 36.016 -0.71
v 5.398 35.921 -2.638
v 2.368 38.448 1.878
v 4.313 31.597 -6.21
v -2.361 40.805 -1.07
v 0.074 40.376 3.33
v -3.942 36.366 3.042
v -3.78 38.735 -2.823
v 2.307 38.296 -2.762
v -2.721 40.63 1.31
v 4.403 35.375 2.54
v -5.777 35.846 -1.434
v 0.699 40.74 2.677
v 0.775 34.42 -5.815
v 1.388 37.632 5.419
v 4.166 36.498 -4.417
v 2.491 31.824 -5.079
v -2.7 39.841 2.781
v -5.141 34.955 2.427
v -1.326 37.53 -4.505
v 3.238 30.681 -6.275
v -5.724 35.404 -0.154
v -4.311 37.527 2.029
v 1.825 34.537 -6.993
v -2.929 39.313 -3.188
v -1.574 36.793 -5.696
v -2.901 40.593 -0.163
v 2.107 38.411 2.803
v -3.442 40.086 -1.131
v 3.004 38.166 2.739
v -3.702 36.255 4.703
v 3.436 36.157 4.625
v 5.905 36.876 0.338
v 2.333 38.4 -0.625
v 5.185 36.52 2.79
v 2.202 32.088 -7.671
v 1.491 39.791 -3.587
v 2.849 38.415 1.08
v -0.034 40.914 -2.095
v -1.8 38.095 3.785
v -3.686 38.237 -0.097
v 3.495 35.943 4.57
v -0.737 35.706 -5.958
v 2.384 39.222 -3.684
v -2.867 40.376 -1.743
v 3.107 37.077 -5.045
v 1.248 35.431 4.956
v -0.625 40.488 -2.333
v 5.083 35.161 0.425
v 5.283 37.337 -2.785
v 3.961 37.61 2.269
v 5.066 37.244 2.644
v 1.027 37.538 -4.577
v -5.281 36.359 -3.04
v -5.097 35.411 2.601
v 2.173 40.212 -2.69
v -2.265 40.929 0.739
v 5.395 31.6 -5.585
v 0.201 35.32 5.359
v -2.333 40.488 0.625
v -1.209 37.575 -5.352
v -1.452 34.833 -5.403
v 3.565 38.333 0.337
v 4.345 39.112 -1.079
v 1.908 36.586 -6.756
v -0.625 38.4 2.333
v -3.521 39.244 2.552
v 2.985 40.59 -0.115
v -3.316 40.286 0.775
v -2.507 38.352 1.676
v 0.94 39.946 3.728
v 1.376 37.248 5.555
v 1.844 31.738 -7.844
v 3.758 38.743 3.049
v 4.325 36.109 3.741
v 2.974 38.395 -0.258
v 3.119 38.377 1.765
v -5.149 37.025 2.477
v -5.582 37.352 1.224
v 5.037 35.894 2.713
v 3.115 38.691 3.997
v 4.642 37.577 0.38
v 3.099 37.561 -3.517
v 5.267 38.286 1.212
v 4.261 30.26 -6.477
v -1.749 40.309 2.877
v -3.189 37.53 -3.55
v -0.142 38.077 -4.211
v -5.199 36.069 2.619
v 2.94 39.817 -2.655
v -4.129 38.065 -1.062
v 4.229 39.34 0.858
v 5.072 36.192 2.711
v 5.242 37.949 -2.047
v 2.196 31.896 -6.153
v 5.797 37.313 0.308
v 5.005 37.635 2.547
v 1.708 38.4 -1.708
v -1.971 39.843 -3.301
v 2.873 38.794 3.681
v 5.79 35.754 -0.715
v 5.162 35.825 -3.166
v 5.71 36.249 -1.77
v -5.555 35.583 1.288
v 5.455 36.772 -2.716
v -5.22 35.923 -3.169
v 1.939 40.648 2.202
v 4.817 38.625 -0.091
v 0.625 38.4 2.333
v 1.978 31.079 -7.96
v 1.53 32.496 -7.583
v 2.264 37.433 -5.725
v 5.575 35.942 1.555
v -4.836 36.341 -1.215
v -2.415 40.307 -2.433
v 3.966 38.134 1.2
v 2.388 36.548 5.421
v 4.187 35.64 -4.242
v 3.287 35.256 -5.077
v 4.389 36.851 -4.006
v 5.998 36.444 -0.513
v 3.679 37.698 -4.058
v 0.121 34.826 -5.554
v 4.934 30.371 -5.683
v 5.462 36.203 -2.604
v -4.063 36.967 -4.422
v -3.827 34.875 -4.242
v 0.403 34.653 -5.21
v 2.333 40.488 -0.625
v 4.067 35.145 -4.1
v 2.719 34.992 -6.504
v 1.778 35.942 -6.889
v 3.795 30.109 -6.137
v 3.647 30.29 -6.768
v 3.23 35.411 -5.705
v 5.306 35.242 -1.978
v 0.625 38.4 -2.333
v 1.708 32.672 -5.56
v 1.181 37.618 -5.359
v 1.149 33.575 -6.322
v 2.975 31.095 -5.684
v 4.969 38.052 2.471
v 1.193 38.769 4.597
v -3.576 35.025 4.398
v 4.249 35.784 3.763
v -3.031 35.82 5.107
v -0.082 35.958 -6.393
v -4.433 36.918 -4.15
v -1.129 35.223 5.518
v -5.748 35.733 -0.163
v 2.067 36.686 4.405
v -5.243 34.891 1.198
v -5.579 35.625 -2.218
v 1.482 34.49 -4.92
v 0.117 36.836 -6.027
v -4.245 38.015 -3.177
v -4.611 34.856 2.191
v 3.279 35.72 -6.317
v -4.599 34.848 -2.239
v 0.352 37.443 -5.623
v 1.708 38.4 1.708
v -5.38 35.422 -2.629
v 5.823 35.954 0.38
v 4.561 35.175 -2.929
v 2.453 36.812 -6.602
v 4.277 37.874 3.589
v 1.377 31.637 -6.529
v 2.053 35.943 -7.066
v 5.144 32.433 -4.905
v 0.479 37.56 -5.475
v 1.51 38.353 -4.83
v 4.902 38.18 -2.14
v 2.221 30.07 -6.895
v 1.017 35.534 -7.294
v 1.708 40.488 -1.708
v 5.772 35.663 0.456
v 5.85 37.345 -0.63
v 4.44 33.627 -4.226
v 5.694 36.736 1.533
v -4.986 37.036 -3.453
v 3.482 36.542 -5.058
v 2.609 35.145 -7.099
v -5.597 35.146 -1.399
v 4.855 36.7 -3.706
v -4.018 36.118 -4.567
v 0.32 37.207 -5.962
v 1.392 35.508 5.516
v -3.274 36.389 5.02
v 4.158 30.578 -6.517
v 2.784 35.803 5.109
v -3.938 37.237 -4.394
v 3.434 35.706 -5.061
v -4.325 34.872 -3.272
v 5.259 36.106 -3.044
v 2.333 40.488 0.625
v 2.099 36.783 -6.501
v 4.354 36.992 3.839
v 2.313 30.53 -6.55
v 2.351 37.516 5.11
v -0.247 35.813 -6.126
v 0.019 35.013 -6.025
v 0.52 34.738 -6.646
v 5.075 37.04 -3.251
v -1.172 36.034 5.636
v 1.828 39.4 3.846
v -3.176 35.533 4.947
v 0.594 36.078 -6.891
v 1.321 35.732 -7.113
v -5.648 36.009 -2.269
v 0.259 35.643 5.687
v 5.655 31.031 -5.227
v -4.256 34.929 3.29
v 0.044 38.413 2.989
v 1.165 34.703 -6.952
v 5.166 35.563 -2.83
v -1.66 35.364 -5.643
v 5.484 35.574 1.618
v 1.523 35.936 5.597
v -4.413 38.064 3.332
v 5.639 35.272 0.484
v -4.854 36.342 1.119
v 2.649 37.256 -5.586
v 4.272 36.024 -4.21
v -1.708 38.4 1.708
v 5.611 37.026 -2.236
v 2.564 36.135 5.26
v -1.831 35.781 -5.599
v 4.554 38.258 -2.091
v 2.167 36.448 -6.783
v 2.251 37.077 -6.227
v 4.61 37.677 -3.304
v -5.64 36.574 1.258
v 1.427 33.583 -6.411
v -0.131 35.56 -6.159
v -3.44 34.875 -3.809
v 3.594 36.262 -4.955
v -3.662 37.875 -4.106
v 4.133 37.138 -4.195
v 5.533 37.712 1.381
v 0.293 38.299 5.326
v -4.879 38.093 -2.467
v 5.735 37.15 -1.756
v -3.19 37.563 4.854
v -5.739 36.509 -1.52
v 0.078 35.649 -6.736
v 1.226 33.599 -5.08
v 3.549 36.095 -5.265
v -4.2 39.207 0.963
v -0.999 35.135 4.96
v -5.862 36.145 -0.159
v -2.319 38.567 4.395
v 3.106 33.895 -4.237
v -0.02 36.342 -6.375
v 1.56 36.158 5.632
v 1.393 36.311 -7.009
v 2.785 35.054 -4.365
v 1.39 34.702 -7.107
v 4.69 36.29 -3.876
v 0.625 40.488 2.333
v 3.318 35.641 -5.922
v 2.219 35.819 5.392
v -5.38 36.878 -2.639
v 3.42 36.402 4.79
v 1.162 34.386 -6.545
v 2.334 38.368 4.833
v -0.158 36.087 -6.217
v -0.711 35.966 -5.982
v 2.915 36.567 -6.02
v 3.298 39.405 2.644
v -0.047 38.355 -3.013
v -5.528 35.369 -2.175
v 2.136 34.657 -6.908
v 4.523 38.688 2.164
v -5.214 34.853 -1.323
v -2.929 35.751 -5.244
v 3.406 37.783 -3.979
v -3.629 37.998 4.227
v -2.479 38.052 4.88
v 3.966 30.723 -6.65
v 1.55 34.404 -6.796
v 3.769 38.664 -2.93
v 5.611 37.379 -1.933
v 4.879 31.043 -6.089
v -3.018 36.084 -5.189
v -0.068 36.356 -4.945
v -4.395 35.545 3.792
v -5.057 34.833 -0.059
v 1.413 30.865 -7.409
v 3.367 36.797 4.833
v -0.109 38.265 -4.961
v 3.145 30.222 -6.62
v -2.432 35.937 5.357
v 4.783 35.535 -3.501
v -1.105 36.468 5.724
v -4.518 35.188 3.543
v 0.426 34.671 -6.085
v 1.283 35.217 -7.2
v -1.708 40.488 -1.708
v -1.147 37.899 5.339
v -5.052 35.697 2.687
v 0.173 36.714 -6.378
v 4.257 37.975 -3.112
v 0.292 37.76 5.543
v 4.699 31.902 -4.503
v -4.072 36.519 -4.562
v -2.358 37.543 5.186
v 4.915 36.463 -3.677
v 4.178 31.15 -6.859
v 4.268 37.547 3.664
v 3.532 35.943 -5.306
v -0.625 40.488 2.333
v 3.345 35.642 4.582
v -0.627 36.186 -6.055
v 1.736 34.994 -7.046
v -2.333 38.4 -0.625
v -5.417 35.665 -2.72
v -2.314 35.06 4.85
v -4.646 37.599 -3.382
v 2.706 37.511 -4.88
v -4.667 38.464 2.264
v -0.222 35.532 -6.128
v 1.932 35.104 -7.246
v -3.902 37.035 4.353
v -4.823 38.476 1.095
v 4.098 36.481 -2.76
v -3.914 37.492 4.329
v 0.185 36.563 4.898
v -3.114 36.701 5.081
v -1.291 34.865 -4.861
v 5.655 36.584 -2.187
v 3.346 37.712 4.452
v 4.079 32.492 -6.359
v 3.747 33.465 -5.707
v -3.133 36.09 5.076
v -5.684 37.577 -0.212
v -5.699 35.558 -1.414
v -5.556 35.191 1.264
v -2.333 38.4 0.625
v -2.77 37.408 -4.995
v 0.083 35.199 -6.451
v 2.312 34.812 -6.964
v 1.089 33.608 -5.689
v 3.354 30.435 -7.264
v 5.562 37.324 1.418
v -2.93 37.228 5.079
v 2.031 34.809 -7.11
v 5.763 31.596 -4.539
v 2.926 38.434 -3.935
v -4.528 36.189 -4.066
v -4.012 36.625 4.328
v -3.5 37.262 4.725
v 4.071 36.276 -4.557
v -5.073 35.31 -3.117
v 5.471 37.236 -2.495
v 4.971 38.437 -1.079
v 0.27 38.687 4.902
v 1.495 30.271 -6.926
v -3.037 38.337 -0.55
v 1.888 37.668 -5.198
v 3.365 37.366 4.593
v -5.645 37.219 -1.598
v -2.972 36.891 -5.17
v -3.433 37.924 -3.854
v 1.49 34.861 -7.197
v 0.625 40.488 -2.333
v 2.306 37.641 -4.997
v -0.625 38.4 -2.333
v 1.357 37.295 -5.894
v 2.72 35.916 -6.775
v -3.929 38.533 3.092
v 2.936 36.318 -4.093
v 5.885 36.415 -1.308
v -4.267 38.579 2.113
v -4.488 38.145 -2.334
v -3.569 35.713 -4.894
v 5.346 37.594 -2.446
v -1.841 36.026 -5.612
v 0.477 37.432 -5.787
v -4.623 36.45 3.561
v -2.684 34.867 -4.644
v -2.333 40.488 -0.625
v 4.372 36.359 3.835
v -5.124 34.871 -2.523
v 3.596 30.727 -7.635
v 4.09 38.378 3.382
v 3.589 36.02 -4.957
v 5.55 35.678 -1.823
v 4.509 30.166 -5.347
v 4.809 38.688 0.989
v 5.301 36.455 -3.08
v 4.903 35.949 -3.505
v -3.06 38.337 0.432
v 2.309 35.578 4.894
v 0.459 37.491 -5.637
v -5.324 37.354 -2.617
v -5.639 34.904 -0.083
v 2.372 37.867 5.052
v 3.579 36.667 3.287
v -3.652 35.307 4.485
v 4.884 37.3 -3.346
v 0.64 35.121 -7.01
v 3.349 38.102 4.384
v -5.641 35.895 1.313
v 2.78 30.208 -7.346
v 0.294 37.351 5.599
v -4.311 38.948 -1.324
v 5.428 37.844 -1.728
v -4.002 36.353 -3.017
v -2.543 37.766 -4.696
v 5.675 36.207 1.582
v 4.235 38.776 1.958
v 5.687 35.431 -0.69
v -5.336 38.018 1.188
v -2.88 35.212 -5.075
v 2.478 33.266 -7.166
v 3.528 30.388 -6.645
v 5.187 36.671 -3.283
v -3.619 35.972 4.74
v -1.375 38.374 2.667
v 4.615 32.276 -5.733
v 1.925 38.409 -4.651
v 3.255 34.885 -5.2
v -1.159 37.645 -5.068
v 3.525 30.492 -5.384
v 4.861 35.472 2.788
v 5.943 36.262 0.446
v -3.763 36.716 -4.793
v 4.694 36.544 1.438
v 5.778 36.833 -1.803
v 3.332 34.725 -5.801
v 1.434 32.541 -7.271
v -2.27 36.662 5.458
v 5.939 36.922 -0.621
v 1.019 36.869 -6.444
v -0.648 35.493 -5.993
v 1.762 36.868 -6.462
v 1.341 38.451 2.641
v 1.156 35.245 -4.94
v 0.299 36.298 5.822
v 3.598 30.312 -6.062
v 2.71 30.997 -7.799
v 1.529 30.369 -8.238
v -2.882 36.935 5.177
v 5.13 35.299 1.582
v -4.908 38.229 -1.473
v 5.665 35.941 -1.772
v 4.879 36.48 -0.66
v -3.914 35.738 4.448
v 3.029 35.366 -6.564
v -2.324 38.548 -4.152
v 4.153 33.731 -5.099
v 0.608 37.635 -5.455
v 1.589 39.092 -4.248
v 0.021 38.995 -4.507
v -2.157 39.248 -3.74
v -3.456 39.377 -2.574
v -4.08 38.038 -3.081
v -3.9 39.575 -1.22
v -3.257 39.833 2.175
v -3.75 38.588 2.964
v -1.912 39.862 3.309
v -2.222 38.634 4.19
v 0.14 39.933 3.806
v 0.225 38.737 4.711
v 1.63 39.949 3.448
v 2.968 39.948 2.376
v 4.637 38.727 0.917
v 3.819 39.886 0.798
v 3.236 39.243 -3.004
v 4.785 38.47 -1.088
v 3.91 39.686 -1.058
v 1.46 41.091 -1.023
v -0.022 41.278 -1.067
v 1.401 41.198 0.771
v -0.009 41.36 0.807
v 1.438 40.313 -2.913
v -0.048 40.395 -3.056
v -3.773 39.813 0.864
v -1.812 40.341 -2.743
v 0.017 40.75 2.707
v -1.627 40.66 2.351
v 1.313 40.7 2.508
v -2.634 40.524 1.709
v -2.817 40.649 0.724
v -2.931 40.492 -1.076
v -2.791 40.213 -2.174
v -1.615 41.138 0.779
v -1.687 41.037 -1.081
v 2.678 40.11 -2.413
v 2.97 40.48 -0.981
v 2.886 40.635 0.704
v 2.419 40.551 1.92
v 2.142 34.996 -4.667
v 2.239 37.466 -4.243
v 3.785 37.569 -2.71
v -0.147 37.531 -4.695
v -3.806 37.528 -2.882
v -2.382 37.531 -4.093
v -2.544 34.878 -4.405
v -4.609 37.524 -1.164
v -4.935 34.837 -1.242
v -3.761 37.532 2.884
v -4.028 34.887 3.116
v -4.631 37.524 1.055
v -2.008 37.552 4.224
v -2.18 35.009 4.581
v 0.168 37.595 4.616
v 1.919 37.634 4.117
v 3.344 37.628 3.07
v 4.424 37.59 1.347
v 4.605 37.57 -0.637
v 1.611 38.28 -3.227
v -0.094 38.263 -3.611
v 2.871 38.311 -2.127
v -1.755 38.257 -3.179
v -2.9 38.25 -2.219
v -3.552 38.243 -0.87
v -3.59 38.242 0.693
v -2.935 38.258 2.129
v -1.564 38.291 3.234
v 0.088 38.35 3.562
v 1.501 38.407 3.177
v 2.648 38.399 2.33
v 3.411 38.35 1.083
v 3.54 38.322 -0.468
v 1.208 38.4 -2.093
v 2.093 38.4 -1.208
v 2.416 38.4 0
v -1.208 38.4 -2.093
v -2.093 38.4 -1.208
v -2.093 38.4 1.208
v 2.093 38.4 1.208
v 2.416 40.488 0
v 1.208 40.488 -2.093
v 0 38.4 -2.416
v -2.093 40.488 -1.208
v -2.416 38.4 0
v -1.208 38.4 2.093
v 0 38.4 2.416
v 0 40.488 2.416
v 1.208 38.4 2.093
v 2.093 40.488 -1.208
v 0 40.488 -2.416
v -1.208 40.488 -2.093
v -2.416 40.488 0
v -2.093 40.488 1.208
v -1.208 40.488 2.093
v 1.208 40.488 2.093
v 2.093 40.488 1.208
v 3.563 35.92 -4.931
v 2.215 34.97 -7.209
v 1.849 35.458 -7.201
v 1.62 35.398 -7.016
v 2.432 37.126 -6.241
v 2.022 37.736 -5.133
v 3.001 35.454 -6.83
v 3.453 35.898 -5.746
v 3.342 36.744 -5.121
v 4.413 37.93 -3.158
v 4.97 37.173 -3.27
v 3.556 36.404 -4.966
v 4.547 36.46 -4.107
v 5.141 36.451 -3.347
v 4.951 36.145 -3.478
v 3.604 36.13 -4.97
v 4.859 35.763 -3.529
v 3.305 35.491 -5.19
v 4.776 35.231 -3.138
v 3.344 35.016 -4.046
v 3.269 35.02 -4.963
v 4.346 35.119 -2.721
v 4.142 32.356 -5.967
v 1.989 34.661 -7.028
v 2.039 32.286 -7.664
v 1.661 34.413 -6.957
v 1.464 31.005 -8.06
v 2.477 31.797 -7.619
v 1.125 35.965 -7.186
v 1.696 36.531 -6.839
v 0.063 36.19 -6.597
v 1.122 35.129 -7.306
v 1.753 37.601 -5.263
v 2.07 37.027 -6.213
v 2.075 36.558 -6.714
v 0.35 37.485 -5.495
v 0.336 37.151 -6.101
v -0.978 36.152 -5.913
v -3.224 36.721 -5.078
v -3.048 36.233 -5.192
v -0.07 36.366 -6.213
v -2.904 37.114 -5.116
v -2.92 35.525 -5.213
v 0.103 34.809 -5.864
v -2.824 34.855 -4.883
v 0.14 34.842 -5.245
v -0.06 35.251 -6.139
v -2.482 37.795 -4.55
v 5.319 32.425 -4.394
v 3.854 30.07 -5.594
v 3.241 34.75 -5.437
v 4.966 32.407 -5.475
v 4.763 30.416 -6.257
v 3.735 30.148 -6.68
v 3.558 30.433 -6.856
v 5.479 31.034 -5.762
v 4.256 31.087 -6.437
v 2.915 30.383 -7.959
v 3.155 35.331 -6.219
v 4.016 32.629 -6.751
v 4.099 31.212 -7.281
v 2.355 34.739 -6.747
v 1.781 30.229 -8.23
v 1.649 30.04 -6.984
v -0.556 35.78 -6.02
v -0.996 35.654 -5.873
v -2.974 35.939 -5.202
v -4.098 36.313 -4.528
v -4.123 36.725 -4.495
v -4.964 36.788 -3.521
v 0.354 37.401 -5.75
v -2.604 37.737 -4.841
v -0.17 35.863 -6.16
v 0.227 35.146 -6.764
v -4.411 37.992 -3.273
v -3.84 35.923 -4.687
v -4.925 36.034 -3.58
v -4.561 34.883 -3.461
v -4.698 38.262 -1.436
v -5.656 36.942 -1.582
v -4.816 37.175 -3.611
v -5.434 35.942 -2.781
v -5.117 38.195 -1.51
v -5.595 37.466 -1.582
v -5.357 35.501 -2.717
v -5.492 34.868 -1.404
v -5.35 35.327 -2.572
v -4.613 38.534 1.068
v -4.109 38.478 3.219
v -5.034 38.418 1.122
v -5.548 37.652 1.231
v -5.569 37.023 1.217
v -4.497 37.645 3.644
v -4.52 36.994 3.631
v -4.602 36 3.657
v -5.697 36.149 1.304
v -4.483 34.971 3.464
v -5.532 34.944 1.255
v -4.421 35.382 3.71
v -5.568 35.412 1.275
v -5.564 35.734 1.302
v -2.524 36.409 5.419
v -2.34 36.055 5.394
v -4.431 35.679 3.8
v -3.687 36.098 4.7
v -3.461 35.807 4.821
v -2.26 37.357 5.263
v -3.547 37.426 4.647
v -2.416 38.501 4.6
v -2.449 37.758 5.071
v 0.314 38.637 5.093
v 0.283 37.995 5.497
v -2.245 36.912 5.389
v 0.302 37.557 5.549
v 0.279 37.129 5.682
v 0.275 36.599 5.85
v 0.334 35.958 5.767
v -2.449 35.111 5.12
v -2.341 35.778 5.355
v 2.029 38.785 4.243
v 2.27 38.681 4.596
v 2.375 38.086 5.006
v 2.354 37.685 5.058
v 2.361 37.333 5.197
v 2.4 36.852 5.396
v 2.504 36.28 5.318
v 2.433 35.622 5.163
v 4.303 36.587 4.046
v 2.469 36.006 5.295
v 2.975 35.898 4.98
v 4.324 36.235 3.766
v 4.319 35.964 3.746
v 4.297 37.339 3.742
v 4.263 37.699 3.611
v 4.242 38.094 3.533
v 3.637 38.792 2.916
v 3.879 38.694 3.182
v 5.39 35.351 1.662
v 5.731 36.399 1.593
v 5.553 35.778 1.58
v 5.599 36.081 1.552
v 5.878 37.125 -0.624
v 5.53 37.51 1.399
v 5.992 36.706 -0.594
v 5.619 37.088 1.456
v 5.771 37.612 -0.677
v 5.157 38.405 -1.069
v 5.476 37.96 1.33
v 4.981 38.65 1.061
v 5.929 36.188 -0.719
v 5.752 35.61 -0.674
v 4.101 38.02 -3.066
v 5.748 36.999 -1.799
v 5.824 36.642 -1.672
v 5.82 35.882 -0.748
v 5.474 36.441 -2.664
v 2.59 37.546 -4.861
v -5.675 35.388 -1.4
v -5.717 35.697 -1.43
v -5.808 36.089 -1.455
v 4.777 37.457 -3.388
v 5.252 37.721 -2.429
v 5.453 37.462 -2.314
v 5.711 37.302 -1.681
v 5.466 37.046 -2.61
v 5.306 35.779 -2.738
v 5.448 36.044 -2.577
v 5.161 36.88 -3.263
v 1.44 34.395 -6.634
v 2.978 31.02 -6.146
v 1.413 32.772 -6.189
v 0.666 34.463 -5.176
v 0.884 34.377 -6.455
v 1.389 30.728 -6.798
v 2.738 30.123 -6.781
v 3.497 30.343 -6.434
v 5.104 30.325 -5.108
v 5.831 31.028 -4.692
v 4.112 31.467 -4.659
v 2.793 33.05 -4.45
v 1.785 32.734 -4.984
v 3.102 31.036 -5.203
v -4.088 34.862 -3.083
v -4.953 34.838 1.141
v 0.192 35.285 5.083
v 0.209 35.356 5.636
v 2.185 35.534 4.624
v 3.761 35.494 3.447
v 4.148 35.586 3.786
v 4.87 35.247 1.502
v 5.049 35.117 -0.668
v 5.61 35.235 -0.733
v 2.823 37.476 -4.899
v 2.327 36.435 -6.861
v -3.315 37.036 4.881
v -3.672 36.425 4.686
v 5.157 38.405 -1.069
v 5.188 38.558 -0.009
v 4.981 38.65 1.061
v 1.753 37.601 -5.263
v 1.753 37.601 -5.263
v 1.938 37.305 -5.775
v 2.07 37.027 -6.213
v 1.208 40.488 2.093
v 1.708 40.488 1.708
v 2.093 40.488 1.208
v -4.698 38.262 -1.436
v -4.748 38.41 -0.209
v -4.613 38.534 1.068
v 4.346 35.119 -2.721
v 4.773 35.118 -1.756
v 5.049 35.117 -0.668
v 2.915 30.383 -7.959
v 2.276 30.226 -8.147
v 1.781 30.229 -8.23
v 3.155 35.331 -6.219
v 3.155 35.331 -6.219
v 3.634 33.877 -6.488
v 4.016 32.629 -6.751
v -4.109 38.478 3.219
v -3.395 38.481 4.008
v -2.416 38.501 4.6
v 2.793 33.05 -4.45
v 2.327 32.754 -4.706
v 1.785 32.734 -4.984
v 1.785 32.734 -4.984
v -4.028 34.887 3.116
v -3.203 34.932 3.939
v -2.18 35.009 4.581
v -2.222 38.634 4.19
v -1.013 38.685 4.559
v 0.225 38.737 4.711
v 2.416 38.4 0
v 2.333 38.4 0.625
v 2.093 38.4 1.208
v 3.344 35.016 -4.046
v 3.344 35.016 -4.046
v 3.344 35.016 -4.046
v 3.306 35.018 -4.505
v 3.269 35.02 -4.963
v 3.269 35.02 -4.963
v 3.269 35.02 -4.963
v 3.86 35.078 -3.444
v -5.117 38.195 -1.51
v -5.176 38.316 -0.225
v -5.034 38.418 1.122
v -3.75 38.588 2.964
v -3.101 38.604 3.657
v -1.208 38.4 -2.093
v -1.708 38.4 -1.708
v -2.093 38.4 -1.208
v 4.205 31.793 -7
v 4.099 31.212 -7.281
v 0.314 38.637 5.093
v 1.381 38.669 4.966
v 2.27 38.681 4.596
v -1.066 38.566 4.966
v -2.093 40.488 1.208
v -1.708 40.488 1.708
v -1.208 40.488 2.093
v 2.185 35.534 4.624
v 3.022 35.551 4.132
v 3.761 35.494 3.447
v 5.104 30.325 -5.108
v 5.578 30.608 -4.886
v 5.831 31.028 -4.692
v 3.241 34.75 -5.437
v 3.241 34.75 -5.437
v 4.19 33.505 -5.438
v 4.966 32.407 -5.475
v 4.763 30.416 -6.257
v 5.219 30.656 -6.003
v 5.479 31.034 -5.762
v 1.989 34.661 -7.028
v 1.989 34.661 -7.028
v 1.989 34.661 -7.028
v 1.989 34.661 -7.028
v 2.081 33.347 -7.403
v 4.142 32.356 -5.967
v 4.313 31.597 -6.21
v 4.256 31.087 -6.437
v 4.403 35.375 2.54
v 4.87 35.247 1.502
v 0.666 34.463 -5.176
v 0.666 34.463 -5.176
v 0.775 34.42 -5.815
v 0.884 34.377 -6.455
v 0.884 34.377 -6.455
v 0.884 34.377 -6.455
v 2.491 31.824 -5.079
v 3.102 31.036 -5.203
v -4.483 34.971 3.464
v -5.141 34.955 2.427
v -5.532 34.944 1.255
v 2.978 31.02 -6.146
v 3.238 30.681 -6.275
v 3.497 30.343 -6.434
v 3.497 30.343 -6.434
v 1.825 34.537 -6.993
v 1.661 34.413 -6.957
v 1.661 34.413 -6.957
v 2.093 38.4 -1.208
v 2.333 38.4 -0.625
v 3.342 36.744 -5.121
v 3.107 37.077 -5.045
v 2.823 37.476 -4.899
v 2.823 37.476 -4.899
v 0.192 35.285 5.083
v 1.248 35.431 4.956
v 0 40.488 -2.416
v -0.625 40.488 -2.333
v -1.208 40.488 -2.093
v 5.083 35.161 0.425
v 5.395 31.6 -5.585
v -2.416 40.488 0
v -2.333 40.488 0.625
v 0.354 37.401 -5.75
v 0.354 37.401 -5.75
v -1.209 37.575 -5.352
v -2.604 37.737 -4.841
v 0.103 34.809 -5.864
v 0.103 34.809 -5.864
v -1.452 34.833 -5.403
v -2.824 34.855 -4.883
v 1.696 36.531 -6.839
v 1.908 36.586 -6.756
v 2.075 36.558 -6.714
v 2.075 36.558 -6.714
v -1.208 38.4 2.093
v -0.625 38.4 2.333
v 0 38.4 2.416
v 3.115 38.691 3.997
v 3.879 38.694 3.182
v 4.261 30.26 -6.477
v 3.735 30.148 -6.68
v 3.735 30.148 -6.68
v 2.196 31.896 -6.153
v 1.413 32.772 -6.189
v 1.413 32.772 -6.189
v 1.413 32.772 -6.189
v 1.208 38.4 -2.093
v 1.708 38.4 -1.708
v 2.029 38.785 4.243
v 2.873 38.794 3.681
v 3.637 38.792 2.916
v 4.637 38.727 0.917
v 4.817 38.625 -0.091
v 4.785 38.47 -1.088
v 0.625 38.4 2.333
v 1.208 38.4 2.093
v 1.53 32.496 -7.583
v 1.464 31.005 -8.06
v 2.432 37.126 -6.241
v 2.264 37.433 -5.725
v 2.022 37.736 -5.133
v 2.022 37.736 -5.133
v 3.287 35.256 -5.077
v 3.305 35.491 -5.19
v 3.305 35.491 -5.19
v 3.679 37.698 -4.058
v 4.413 37.93 -3.158
v 0.121 34.826 -5.554
v 0.14 34.842 -5.245
v 0.14 34.842 -5.245
v -3.827 34.875 -4.242
v -4.561 34.883 -3.461
v 0.403 34.653 -5.21
v 2.093 40.488 -1.208
v 2.333 40.488 -0.625
v 2.416 40.488 0
v 4.067 35.145 -4.1
v 4.776 35.231 -3.138
v 2.719 34.992 -6.504
v 2.355 34.739 -6.747
v 1.62 35.398 -7.016
v 1.778 35.942 -6.889
v 3.795 30.109 -6.137
v 3.854 30.07 -5.594
v 3.854 30.07 -5.594
v 3.558 30.433 -6.856
v 3.558 30.433 -6.856
v 3.647 30.29 -6.768
v 3.23 35.411 -5.705
v 5.306 35.242 -1.978
v 5.61 35.235 -0.733
v 0.625 38.4 -2.333
v 0 38.4 -2.416
v 1.181 37.618 -5.359
v 0.608 37.635 -5.455
v 0.608 37.635 -5.455
v 1.149 33.575 -6.322
v 1.193 38.769 4.597
v -3.576 35.025 4.398
v -2.449 35.111 5.12
v -1.129 35.223 5.518
v 0.209 35.356 5.636
v 0.117 36.836 -6.027
v -0.07 36.366 -6.213
v -4.611 34.856 2.191
v -4.953 34.838 1.141
v 3.453 35.898 -5.746
v 3.279 35.72 -6.317
v 3.001 35.454 -6.83
v -4.088 34.862 -3.083
v -4.599 34.848 -2.239
v -4.935 34.837 -1.242
v 0.35 37.485 -5.495
v 0.35 37.485 -5.495
v 0.352 37.443 -5.623
v 1.708 38.4 1.708
v 2.327 36.435 -6.861
v 2.453 36.812 -6.602
v 1.389 30.728 -6.798
v 1.377 31.637 -6.529
v 1.849 35.458 -7.201
v 2.053 35.943 -7.066
v 0.479 37.56 -5.475
v 4.902 38.18 -2.14
v 1.649 30.04 -6.984
v 2.221 30.07 -6.895
v 2.738 30.123 -6.781
v 1.125 35.965 -7.186
v 1.017 35.534 -7.294
v 1.122 35.129 -7.306
v 1.708 40.488 -1.708
v 1.208 40.488 -2.093
v 5.319 32.425 -4.394
v 4.44 33.627 -4.226
v 3.482 36.542 -5.058
v 3.556 36.404 -4.966
v 2.609 35.145 -7.099
v 2.215 34.97 -7.209
v 1.392 35.508 5.516
v 2.433 35.622 5.163
v 3.563 35.92 -4.931
v 3.563 35.92 -4.931
v 3.434 35.706 -5.061
v 2.333 40.488 0.625
v 2.099 36.783 -6.501
v -0.06 35.251 -6.139
v 0.019 35.013 -6.025
v 0.52 34.738 -6.646
v 0.227 35.146 -6.764
v 5.39 35.351 1.662
v 5.639 35.272 0.484
v -2.093 38.4 1.208
v -1.708 38.4 1.708
v 4.101 38.02 -3.066
v 4.554 38.258 -2.091
v 1.44 34.395 -6.634
v 1.44 34.395 -6.634
v 1.427 33.583 -6.411
v -0.17 35.863 -6.16
v -0.131 35.56 -6.159
v -2.544 34.878 -4.405
v -3.44 34.875 -3.809
v 3.604 36.13 -4.97
v 3.594 36.262 -4.955
v -3.662 37.875 -4.106
v -4.411 37.992 -3.273
v -4.879 38.093 -2.467
v 0.063 36.19 -6.597
v 0.078 35.649 -6.736
v 1.226 33.599 -5.08
v -0.999 35.135 4.96
v 3.106 33.895 -4.237
v 1.393 36.311 -7.009
v 0 40.488 2.416
v 0.625 40.488 2.333
v 1.162 34.386 -6.545
v -0.158 36.087 -6.217
v 2.136 34.657 -6.908
v 4.523 38.688 2.164
v 3.406 37.783 -3.979
v 2.59 37.546 -4.861
v 2.59 37.546 -4.861
v 3.966 30.723 -6.65
v 1.55 34.404 -6.796
v -5.057 34.833 -0.059
v 3.145 30.222 -6.62
v -1.708 40.488 -1.708
v -2.093 40.488 -1.208
v 0.336 37.151 -6.101
v 0.173 36.714 -6.378
v 3.532 35.943 -5.306
v -0.625 40.488 2.333
v 3.345 35.642 4.582
v 4.148 35.586 3.786
v 1.736 34.994 -7.046
v -2.333 38.4 -0.625
v -2.416 38.4 0
v 2.706 37.511 -4.88
v -4.667 38.464 2.264
v 1.932 35.104 -7.246
v -1.291 34.865 -4.861
v 3.747 33.465 -5.707
v -2.333 38.4 0.625
v 5.763 31.596 -4.539
v 1.495 30.271 -6.926
v 1.888 37.668 -5.198
v -2.482 37.795 -4.55
v -3.433 37.924 -3.854
v -4.08 38.038 -3.081
v 1.49 34.861 -7.197
v 0.625 40.488 -2.333
v 2.306 37.641 -4.997
v -0.625 38.4 -2.333
v -4.267 38.579 2.113
v -4.488 38.145 -2.334
v 0.477 37.432 -5.787
v -2.333 40.488 -0.625
v -5.124 34.871 -2.523
v -5.492 34.868 -1.404
v 3.596 30.727 -7.635
v 3.589 36.02 -4.957
v 4.509 30.166 -5.347
v -5.639 34.904 -0.083
v 4.235 38.776 1.958
v 3.528 30.388 -6.645
v 3.255 34.885 -5.2
v -1.159 37.645 -5.068
v 3.525 30.492 -5.384
v 4.861 35.472 2.788
v 1.529 30.369 -8.238
usemtl MB_154
s off
f 1 372 380
f 372 961 380
f 1 380 536
f 380 962 536
f 1 536 437
f 536 945 437
f 1 437 372
f 437 942 372
f 2 318 1411
f 318 1383 1411
f 2 1411 735
f 1411 1402 735
f 2 735 318
f 735 899 318
f 3 324 463
f 324 904 463
f 3 463 531
f 463 906 531
f 3 531 408
f 531 926 408
f 3 408 324
f 408 928 324
f 4 544 383
f 544 924 383
f 4 383 398
f 383 922 398
f 4 398 366
f 398 899 366
f 4 366 544
f 366 900 544
f 5 813 881
f 813 1197 881
f 5 881 879
f 881 1319 879
f 5 879 1504
f 879 1031 1504
f 5 1504 813
f 1504 1384 813
f 6 719 1506
f 719 1080 1506
f 6 1506 638
f 1506 1072 638
f 6 638 1399
f 638 1398 1399
f 6 1399 719
f 1399 946 719
f 7 596 1303
f 596 1255 1303
f 7 1303 772
f 1303 1302 772
f 7 772 435
f 772 952 435
f 7 435 596
f 435 953 596
f 8 733 1518
f 733 1021 1518
f 8 1518 439
f 1518 1057 439
f 8 439 1493
f 439 1413 1493
f 8 1493 733
f 1493 1407 733
f 9 772 1459
f 772 1302 1459
f 9 1459 390
f 1459 1223 390
f 9 390 403
f 390 950 403
f 9 403 772
f 403 952 772
f 10 622 328
f 622 1140 328
f 10 328 684
f 328 1142 684
f 10 684 541
f 684 1137 541
f 10 541 622
f 541 1136 622
f 11 726 1468
f 726 1442 1468
f 11 1468 793
f 1468 1469 793
f 11 793 726
f 793 914 726
f 12 740 500
f 740 1093 500
f 12 500 782
f 500 1094 782
f 12 782 1287
f 782 1288 1287
f 12 1287 740
f 1287 1286 740
f 13 1494 616
f 1494 1195 616
f 13 616 866
f 616 898 866
f 13 866 1494
f 866 1350 1494
f 14 394 450
f 394 933 450
f 14 450 472
f 450 930 472
f 14 472 502
f 472 929 502
f 14 502 394
f 502 932 394
f 15 892 1307
f 892 1185 1307
f 15 1307 873
f 1307 1277 873
f 15 873 527
f 873 955 527
f 15 527 892
f 527 956 892
f 16 390 1222
f 390 1223 1222
f 16 1222 452
f 1222 1221 452
f 16 452 312
f 452 947 312
f 16 312 390
f 312 950 390
f 17 895 1496
f 895 1495 1496
f 17 1496 453
f 1496 1497 453
f 17 453 470
f 453 901 470
f 17 470 895
f 470 900 895
f 18 1351 563
f 1351 1352 563
f 18 563 738
f 563 1011 738
f 18 738 1365
f 738 1366 1365
f 18 1365 1351
f 1365 1235 1351
f 19 475 345
f 475 954 345
f 19 345 341
f 345 953 341
f 19 341 473
f 341 967 473
f 19 473 475
f 473 968 475
f 20 1387 657
f 1387 1091 657
f 20 657 362
f 657 948 362
f 20 362 762
f 362 951 762
f 20 762 1387
f 762 1112 1387
f 21 482 412
f 482 898 412
f 21 412 398
f 412 899 398
f 21 398 346
f 398 922 346
f 21 346 482
f 346 921 482
f 22 842 776
f 842 1117 776
f 22 776 611
f 776 1128 611
f 22 611 847
f 611 1129 847
f 22 847 842
f 847 1116 842
f 23 728 1274
f 728 1275 1274
f 23 1274 865
f 1274 1273 865
f 23 865 1308
f 865 1046 1308
f 23 1308 728
f 1308 1267 728
f 24 449 753
f 449 1051 753
f 24 753 1246
f 753 1247 1246
f 24 1246 777
f 1246 1213 777
f 24 777 449
f 777 1017 449
f 25 677 352
f 677 1086 352
f 25 352 689
f 352 1074 689
f 25 689 695
f 689 1154 695
f 25 695 677
f 695 1090 677
f 26 407 837
f 407 963 837
f 26 837 1491
f 837 1485 1491
f 26 1491 515
f 1491 1440 515
f 26 515 407
f 515 964 407
f 27 397 878
f 397 1136 878
f 27 878 326
f 878 1138 326
f 27 326 874
f 326 1148 874
f 27 874 397
f 874 1147 397
f 28 562 313
f 562 1119 313
f 28 313 884
f 313 1110 884
f 28 884 699
f 884 1111 699
f 28 699 562
f 699 1120 562
f 29 524 523
f 524 1086 523
f 29 523 307
f 523 1088 307
f 29 307 342
f 307 1087 342
f 29 342 524
f 342 1085 524
f 30 524 780
f 524 1085 780
f 30 780 806
f 780 1078 806
f 30 806 352
f 806 1074 352
f 30 352 524
f 352 1086 524
f 31 1516 1510
f 1516 1373 1510
f 31 1510 410
f 1510 1258 410
f 31 410 338
f 410 1173 338
f 31 338 1516
f 338 1285 1516
f 32 1284 583
f 1284 1220 583
f 32 583 1331
f 583 1332 1331
f 32 1331 586
f 1331 1289 586
f 32 586 1284
f 586 1176 1284
f 33 359 701
f 359 938 701
f 33 701 816
f 701 1014 816
f 33 816 359
f 816 939 359
f 34 1427 706
f 1427 1428 706
f 34 706 663
f 706 1123 663
f 34 663 655
f 663 1111 655
f 34 655 1427
f 655 1180 1427
f 35 378 346
f 378 921 346
f 35 346 484
f 346 922 484
f 35 484 423
f 484 918 423
f 35 423 378
f 423 917 378
f 36 423 361
f 423 918 361
f 36 361 329
f 361 920 329
f 36 329 375
f 329 919 375
f 36 375 423
f 375 917 423
f 37 666 1473
f 666 1178 1473
f 37 1473 559
f 1473 1400 559
f 37 559 317
f 559 945 317
f 37 317 666
f 317 949 666
f 38 853 1450
f 853 1177 1450
f 38 1450 337
f 1450 1449 337
f 38 337 532
f 337 943 532
f 38 532 853
f 532 942 853
f 39 361 306
f 361 918 306
f 39 306 394
f 306 933 394
f 39 394 438
f 394 932 438
f 39 438 361
f 438 920 361
f 40 748 460
f 748 1108 460
f 40 460 842
f 460 1117 842
f 40 842 433
f 842 1116 433
f 40 433 748
f 433 1106 748
f 41 549 595
f 549 1095 595
f 41 595 781
f 595 1153 781
f 41 781 467
f 781 1152 467
f 41 467 549
f 467 1094 549
f 42 726 444
f 726 914 444
f 42 444 509
f 444 916 509
f 42 509 1443
f 509 1342 1443
f 42 1443 726
f 1443 1442 726
f 43 586 1290
f 586 1289 1290
f 43 1290 885
f 1290 1291 885
f 43 885 869
f 885 1372 869
f 43 869 586
f 869 1176 586
f 44 642 480
f 642 1122 480
f 44 480 624
f 480 1133 624
f 44 624 497
f 624 1139 497
f 44 497 642
f 497 1127 642
f 45 373 375
f 373 917 375
f 45 375 327
f 375 919 327
f 45 327 513
f 327 936 513
f 45 513 373
f 513 935 373
f 46 452 1393
f 452 1221 1393
f 46 1393 666
f 1393 1178 666
f 46 666 468
f 666 949 468
f 46 468 452
f 468 947 452
f 47 644 805
f 644 1118 805
f 47 805 754
f 805 1127 754
f 47 754 776
f 754 1128 776
f 47 776 644
f 776 1117 644
f 48 657 464
f 657 1091 464
f 48 464 597
f 464 1092 597
f 48 597 602
f 597 1394 602
f 48 602 657
f 602 948 657
f 49 815 1215
f 815 1214 1215
f 49 1215 696
f 1215 1216 696
f 49 696 1242
f 696 1224 1242
f 49 1242 815
f 1242 1241 815
f 50 784 636
f 784 1036 636
f 50 636 763
f 636 1075 763
f 50 763 1453
f 763 1069 1453
f 50 1453 784
f 1453 1066 784
f 51 782 467
f 782 1094 467
f 51 467 628
f 467 1152 628
f 51 628 1511
f 628 1507 1511
f 51 1511 782
f 1511 1288 782
f 52 791 1483
f 791 1270 1483
f 52 1483 405
f 1483 1369 405
f 52 405 1488
f 405 1409 1488
f 52 1488 791
f 1488 1426 791
f 53 1422 614
f 1422 1421 614
f 53 614 896
f 614 1264 896
f 53 896 1233
f 896 1234 1233
f 53 1233 1422
f 1233 1230 1422
f 54 504 1389
f 504 1390 1389
f 54 1389 762
f 1389 1112 762
f 54 762 694
f 762 951 694
f 54 694 504
f 694 1179 504
f 55 344 388
f 344 940 388
f 55 388 322
f 388 956 322
f 55 322 432
f 322 970 432
f 55 432 344
f 432 959 344
f 56 474 490
f 474 930 490
f 56 490 369
f 490 931 369
f 56 369 401
f 369 901 401
f 56 401 474
f 401 903 474
f 57 710 847
f 710 1116 847
f 57 847 830
f 847 1129 830
f 57 830 1326
f 830 1131 1326
f 57 1326 710
f 1326 1115 710
f 58 332 407
f 332 963 407
f 58 407 348
f 407 964 348
f 58 348 468
f 348 947 468
f 58 468 332
f 468 949 332
f 59 537 354
f 537 913 354
f 59 354 714
f 354 911 714
f 59 714 1512
f 714 1130 1512
f 59 1512 537
f 1512 1340 537
f 60 846 1457
f 846 1068 1457
f 60 1457 652
f 1457 1025 652
f 60 652 1417
f 652 1416 1417
f 60 1417 846
f 1417 1418 846
f 61 609 1378
f 609 1013 1378
f 61 1378 333
f 1378 1379 333
f 61 333 1205
f 333 1206 1205
f 61 1205 609
f 1205 1204 609
f 62 801 1225
f 801 909 1225
f 62 1225 696
f 1225 1224 696
f 62 696 1251
f 696 1216 1251
f 62 1251 801
f 1251 1248 801
f 63 453 1503
f 453 1497 1503
f 63 1503 851
f 1503 1073 851
f 63 851 401
f 851 903 401
f 63 401 453
f 401 901 453
f 64 343 1244
f 343 1243 1244
f 64 1244 325
f 1244 1245 325
f 64 325 392
f 325 961 392
f 64 392 343
f 392 960 343
f 65 601 1455
f 601 1454 1455
f 65 1455 890
f 1455 1238 890
f 65 890 819
f 890 1201 819
f 65 819 601
f 819 902 601
f 66 707 806
f 707 1074 806
f 66 806 840
f 806 1078 840
f 66 840 625
f 840 1075 625
f 66 625 707
f 625 1064 707
f 67 803 837
f 803 1485 837
f 67 837 486
f 837 963 486
f 67 486 803
f 486 962 803
f 68 462 338
f 462 1285 338
f 68 338 385
f 338 1173 385
f 68 385 1218
f 385 1174 1218
f 68 1218 462
f 1218 1219 462
f 69 796 790
f 796 1189 790
f 69 790 751
f 790 1101 751
f 69 751 688
f 751 1104 688
f 69 688 796
f 688 1102 796
f 70 747 673
f 747 1146 673
f 70 673 800
f 673 915 800
f 70 800 1412
f 800 1141 1412
f 70 1412 747
f 1412 1355 747
f 71 426 364
f 426 907 364
f 71 364 334
f 364 1226 334
f 71 334 379
f 334 908 379
f 71 379 426
f 379 906 426
f 72 749 623
f 749 1043 623
f 72 623 1460
f 623 1232 1460
f 72 1460 385
f 1460 1174 385
f 72 385 749
f 385 1173 749
f 73 1361 1356
f 1361 1357 1356
f 73 1356 741
f 1356 1316 741
f 73 741 1280
f 741 1281 1280
f 73 1280 1361
f 1280 1278 1361
f 74 448 483
f 448 977 483
f 74 483 522
f 483 969 522
f 74 522 448
f 522 968 448
f 75 843 1256
f 843 1182 1256
f 75 1256 596
f 1256 1255 596
f 75 596 345
f 596 953 345
f 75 345 843
f 345 954 843
f 76 550 835
f 550 1150 835
f 76 835 862
f 835 1008 862
f 76 862 308
f 862 1162 308
f 76 308 550
f 308 1159 550
f 77 353 419
f 353 926 419
f 77 419 371
f 419 925 371
f 77 371 438
f 371 920 438
f 77 438 353
f 438 932 353
f 78 684 587
f 684 1142 587
f 78 587 611
f 587 1129 611
f 78 611 542
f 611 1128 542
f 78 542 684
f 542 1137 684
f 79 799 727
f 799 1157 727
f 79 727 687
f 727 1158 687
f 79 687 670
f 687 1147 670
f 79 670 799
f 670 1159 799
f 80 597 841
f 597 1092 841
f 80 841 719
f 841 1080 719
f 80 719 732
f 719 946 732
f 80 732 597
f 732 1394 597
f 81 446 871
f 446 1144 871
f 81 871 855
f 871 1133 855
f 81 855 608
f 855 1135 608
f 81 608 446
f 608 1149 446
f 82 374 458
f 374 927 458
f 82 458 451
f 458 925 451
f 82 451 516
f 451 908 516
f 82 516 374
f 516 910 374
f 83 509 406
f 509 916 406
f 83 406 537
f 406 913 537
f 83 537 1341
f 537 1340 1341
f 83 1341 509
f 1341 1342 509
f 84 631 1478
f 631 1477 1478
f 84 1478 698
f 1478 1456 698
f 84 698 1391
f 698 1035 1391
f 84 1391 631
f 1391 1312 631
f 85 568 1489
f 568 1040 1489
f 85 1489 825
f 1489 944 825
f 85 825 1317
f 825 1318 1317
f 85 1317 568
f 1317 1315 568
f 86 763 840
f 763 1075 840
f 86 840 418
f 840 1078 418
f 86 418 686
f 418 1077 686
f 86 686 763
f 686 1069 763
f 976 783 991
f 783 1310 991
f 1505 1484 981
f 1484 975 981
f 1323 1441 992
f 1441 1253 992
f 1310 783 990
f 783 982 990
f 971 1336 979
f 1336 620 979
f 1253 1441 991
f 1441 976 991
f 972 1297 987
f 1297 1363 987
f 620 1336 987
f 1336 972 987
f 1229 1404 994
f 1404 1199 994
f 1363 1297 978
f 1297 1227 978
f 87 559 604
f 559 1400 604
f 87 604 853
f 604 1177 853
f 87 853 437
f 853 942 437
f 87 437 559
f 437 945 559
f 1344 1343 993
f 1343 704 993
f 1199 1404 993
f 1404 1344 993
f 1381 1380 988
f 1380 1499 988
f 704 1343 985
f 1343 1325 985
f 1227 1228 978
f 1228 1432 978
f 1499 1380 979
f 1380 971 979
f 1325 1324 985
f 1324 756 985
f 1432 1228 994
f 1228 1229 994
f 975 400 981
f 400 743 981
f 756 1324 992
f 1324 1323 992
f 974 812 989
f 812 493 989
f 743 400 989
f 400 974 989
f 88 750 794
f 750 1062 794
f 88 794 421
f 794 1071 421
f 88 421 431
f 421 1064 431
f 88 431 750
f 431 1063 750
f 1480 1254 89
f 1420 1419 89
f 1304 810 89
f 640 1200 89
f 1419 1362 89
f 1252 505 89
f 1200 319 89
f 810 1420 89
f 505 1309 89
f 1364 640 89
f 319 1198 89
f 1306 1305 89
f 1305 1304 89
f 1254 427 89
f 427 1252 89
f 1476 1475 89
f 1309 826 89
f 574 1364 89
f 1198 1463 89
f 1475 1306 89
f 90 891 570
f 891 1161 570
f 90 570 548
f 570 1150 548
f 90 548 446
f 548 1144 446
f 90 446 891
f 446 1149 891
f 91 1396 705
f 1396 1002 705
f 91 705 894
f 705 1211 894
f 91 894 1396
f 894 1397 1396
f 92 788 1513
f 788 1049 1513
f 92 1513 1474
f 1513 1292 1474
f 92 1474 849
f 1474 1415 849
f 92 849 788
f 849 1052 788
f 93 1466 791
f 1466 1270 791
f 93 791 786
f 791 1426 786
f 93 786 1466
f 786 1368 1466
f 94 769 1202
f 769 1203 1202
f 94 1202 890
f 1202 1201 890
f 94 890 1239
f 890 1238 1239
f 94 1239 769
f 1239 1240 769
f 95 367 521
f 367 973 521
f 95 521 508
f 521 970 508
f 95 508 483
f 508 969 483
f 95 483 367
f 483 977 367
f 96 512 409
f 512 904 409
f 96 409 693
f 409 923 693
f 96 693 1502
f 693 1082 1502
f 96 1502 512
f 1502 905 512
f 97 303 501
f 303 934 501
f 97 501 378
f 501 921 378
f 97 378 373
f 378 917 373
f 97 373 303
f 373 935 303
f 98 895 366
f 895 900 366
f 98 366 735
f 366 899 735
f 98 735 1515
f 735 1402 1515
f 98 1515 895
f 1515 1495 895
f 99 1509 1479
f 1509 1430 1479
f 99 1479 692
f 1479 1395 692
f 99 692 1509
f 692 1010 1509
f 100 560 490
f 560 931 490
f 100 490 450
f 490 930 450
f 100 450 395
f 450 933 395
f 100 395 560
f 395 924 560
f 101 355 417
f 355 1107 417
f 101 417 850
f 417 1109 850
f 101 850 339
f 850 1108 339
f 101 339 355
f 339 1101 355
f 102 671 477
f 671 1123 477
f 102 477 827
f 477 1125 827
f 102 827 708
f 827 1122 708
f 102 708 671
f 708 1120 671
f 103 797 1452
f 797 1451 1452
f 103 1452 461
f 1452 1424 461
f 103 461 797
f 461 1007 797
f 104 1299 713
f 1299 1298 713
f 104 713 1406
f 713 1405 1406
f 104 1406 667
f 1406 1347 667
f 104 667 1299
f 667 1300 1299
f 105 701 316
f 701 938 316
f 105 316 697
f 316 1217 697
f 105 697 701
f 697 1014 701
f 106 752 363
f 752 1008 363
f 106 363 703
f 363 1009 703
f 106 703 752
f 703 1007 752
f 107 1408 1446
f 1408 1334 1446
f 107 1446 876
f 1446 1445 876
f 107 876 733
f 876 1021 733
f 107 733 1408
f 733 1407 1408
f 108 1359 330
f 1359 1360 330
f 108 330 820
f 330 1070 820
f 108 820 859
f 820 1037 859
f 108 859 1359
f 859 1039 1359
f 109 1501 343
f 1501 1243 343
f 109 343 314
f 343 960 314
f 109 314 715
f 314 958 715
f 109 715 1501
f 715 980 1501
f 110 807 471
f 807 1036 471
f 110 471 758
f 471 1392 758
f 110 758 387
f 758 1032 387
f 110 387 807
f 387 1033 807
f 111 670 874
f 670 1147 874
f 111 874 775
f 874 1148 775
f 111 775 550
f 775 1150 550
f 111 550 670
f 550 1159 670
f 112 1370 674
f 1370 1322 674
f 112 674 1410
f 674 1188 1410
f 112 1410 405
f 1410 1409 405
f 112 405 1370
f 405 1369 1370
f 113 1465 645
f 1465 1067 645
f 113 645 712
f 645 1059 712
f 113 712 758
f 712 1032 758
f 113 758 1465
f 758 1392 1465
f 114 1259 1492
f 1259 1260 1492
f 114 1492 749
f 1492 1043 749
f 114 749 410
f 749 1173 410
f 114 410 1259
f 410 1258 1259
f 115 555 518
f 555 1346 518
f 115 518 481
f 518 1019 481
f 115 481 555
f 481 1022 555
f 826 1476 89
f 1362 574 89
f 1463 1462 89
f 1462 1480 89
f 116 619 653
f 619 1023 653
f 116 653 742
f 653 998 742
f 116 742 619
f 742 1026 619
f 117 1498 742
f 1498 1026 742
f 117 742 759
f 742 998 759
f 117 759 1498
f 759 1271 1498
f 118 535 489
f 535 914 489
f 118 489 482
f 489 898 482
f 118 482 501
f 482 921 501
f 118 501 535
f 501 934 535
f 119 824 523
f 824 1088 523
f 119 523 677
f 523 1086 677
f 119 677 534
f 677 1090 534
f 119 534 824
f 534 1089 824
f 120 809 1293
f 809 1269 1293
f 120 1293 702
f 1293 1294 702
f 120 702 809
f 702 1418 809
f 121 835 570
f 835 1150 570
f 121 570 639
f 570 1161 639
f 121 639 363
f 639 1009 363
f 121 363 835
f 363 1008 835
f 122 659 702
f 659 1418 702
f 122 702 1472
f 702 1294 1472
f 122 1472 659
f 1472 1444 659
f 123 1382 1196
f 1382 1194 1196
f 123 1196 813
f 1196 1197 813
f 123 813 1382
f 813 1384 1382
f 124 638 572
f 638 1072 572
f 124 572 825
f 572 1318 825
f 124 825 680
f 825 944 680
f 124 680 638
f 680 1398 638
f 125 1433 1320
f 1433 1321 1320
f 125 1320 881
f 1320 1319 881
f 125 881 1433
f 881 1197 1433
f 126 1403 615
f 1403 1401 615
f 126 615 839
f 615 897 839
f 126 839 1403
f 839 1312 1403
f 127 839 823
f 839 897 823
f 127 823 631
f 823 1477 631
f 127 631 839
f 631 1312 839
f 128 360 893
f 360 1098 893
f 128 893 863
f 893 1100 863
f 128 863 310
f 863 1099 310
f 128 310 360
f 310 1089 360
f 129 606 448
f 606 977 448
f 129 448 473
f 448 968 473
f 129 473 882
f 473 967 882
f 129 882 606
f 882 986 606
f 130 634 728
f 634 1275 728
f 130 728 1266
f 728 1267 1266
f 130 1266 1328
f 1266 1265 1328
f 130 1328 634
f 1328 1329 634
f 131 551 422
f 551 1071 422
f 131 422 798
f 422 1360 798
f 131 798 761
f 798 1079 761
f 131 761 551
f 761 1076 551
f 132 369 560
f 369 931 560
f 132 560 544
f 560 924 544
f 132 544 470
f 544 900 470
f 132 470 369
f 470 901 369
f 133 731 745
f 731 1098 745
f 133 745 549
f 745 1095 549
f 133 549 500
f 549 1094 500
f 133 500 731
f 500 1093 731
f 134 1377 564
f 1377 1353 564
f 134 564 1514
f 564 1236 1514
f 134 1514 875
f 1514 1045 875
f 134 875 1377
f 875 1210 1377
f 135 382 1481
f 382 1482 1481
f 135 1481 838
f 1481 1121 838
f 135 838 429
f 838 1181 429
f 135 429 382
f 429 1257 382
f 136 508 322
f 508 970 322
f 136 322 527
f 322 956 527
f 136 527 561
f 527 955 561
f 136 561 508
f 561 969 508
f 137 1263 867
f 1263 1261 867
f 137 867 896
f 867 1234 896
f 137 896 1263
f 896 1264 1263
f 138 337 774
f 337 1449 774
f 138 774 730
f 774 1358 730
f 138 730 465
f 730 941 465
f 138 465 337
f 465 943 337
f 139 488 672
f 488 1060 672
f 139 672 729
f 672 1061 729
f 139 729 822
f 729 1034 822
f 139 822 488
f 822 1059 488
f 140 880 661
f 880 1041 661
f 140 661 720
f 661 1037 720
f 140 720 672
f 720 1061 672
f 140 672 880
f 672 1060 880
f 141 1490 436
f 1490 1262 436
f 141 436 865
f 436 1046 865
f 141 865 1490
f 865 1273 1490
f 142 1376 1371
f 1376 1330 1371
f 142 1371 885
f 1371 1372 885
f 142 885 861
f 885 1291 861
f 142 861 1376
f 861 1374 1376
f 143 1471 634
f 1471 1275 634
f 143 634 579
f 634 1329 579
f 143 579 1471
f 579 1375 1471
f 144 584 318
f 584 1383 318
f 144 318 412
f 318 899 412
f 144 412 616
f 412 898 616
f 144 616 584
f 616 1195 584
f 145 377 1192
f 377 1191 1192
f 145 1192 529
f 1192 1193 529
f 145 529 328
f 529 1142 328
f 145 328 377
f 328 1140 377
f 146 350 821
f 350 1156 821
f 146 821 495
f 821 1157 495
f 146 495 845
f 495 1005 845
f 146 845 350
f 845 1155 350
f 147 643 540
f 643 1164 540
f 147 540 612
f 540 1165 612
f 147 612 802
f 612 1168 802
f 147 802 643
f 802 1058 643
f 148 741 1435
f 741 1316 1435
f 148 1435 785
f 1435 1434 785
f 148 785 1436
f 785 1437 1436
f 148 1436 741
f 1436 1281 741
f 149 846 659
f 846 1418 659
f 149 659 1464
f 659 1444 1464
f 149 1464 647
f 1464 1283 647
f 149 647 846
f 647 1068 846
f 150 635 757
f 635 1428 757
f 150 757 590
f 757 1183 590
f 150 590 487
f 590 1126 487
f 150 487 635
f 487 1124 635
f 151 441 392
f 441 960 392
f 151 392 372
f 392 961 372
f 151 372 532
f 372 942 532
f 151 532 441
f 532 943 441
f 152 873 1276
f 873 1277 1276
f 152 1276 843
f 1276 1182 843
f 152 843 496
f 843 954 496
f 152 496 873
f 496 955 873
f 153 725 1345
f 725 1295 1345
f 153 1345 876
f 1345 1021 876
f 153 876 725
f 876 1445 725
f 154 748 744
f 748 1106 744
f 154 744 751
f 744 1104 751
f 154 751 339
f 751 1101 339
f 154 339 748
f 339 1108 748
f 155 648 495
f 648 1005 495
f 155 495 799
f 495 1157 799
f 155 799 308
f 799 1159 308
f 155 308 648
f 308 1162 648
f 156 645 1448
f 645 1067 1448
f 156 1448 766
f 1448 1041 766
f 156 766 645
f 766 1059 645
f 157 766 880
f 766 1041 880
f 157 880 488
f 880 1060 488
f 157 488 766
f 488 1059 766
f 158 1367 786
f 1367 1368 786
f 158 786 1425
f 786 1426 1425
f 158 1425 894
f 1425 1397 894
f 158 894 1367
f 894 1211 1367
f 159 1272 518
f 1272 1019 518
f 159 518 556
f 518 1346 556
f 159 556 469
f 556 1020 469
f 159 469 1272
f 469 1268 1272
f 160 747 1354
f 747 1355 1354
f 160 1354 1486
f 1354 1301 1486
f 160 1486 721
f 1486 1470 721
f 160 721 747
f 721 1146 747
f 161 636 807
f 636 1036 807
f 161 807 571
f 807 1033 571
f 161 571 636
f 571 1075 636
f 162 571 872
f 571 1033 872
f 162 872 593
f 872 1063 593
f 162 593 571
f 593 1075 571
f 163 593 431
f 593 1063 431
f 163 431 625
f 431 1064 625
f 163 625 593
f 625 1075 593
f 164 723 744
f 723 1104 744
f 164 744 685
f 744 1106 685
f 164 685 424
f 685 1105 424
f 164 424 723
f 424 1103 723
f 165 711 698
f 711 1035 698
f 165 698 592
f 698 1456 592
f 165 592 711
f 592 1447 711
f 166 499 654
f 499 1076 654
f 166 654 689
f 654 1154 689
f 166 689 707
f 689 1074 707
f 166 707 499
f 707 1064 499
f 167 491 567
f 491 1187 567
f 167 567 676
f 567 1004 676
f 167 676 683
f 676 1155 683
f 167 683 491
f 683 1003 491
f 168 555 886
f 555 1022 886
f 168 886 1208
f 886 1207 1208
f 168 1208 887
f 1208 1209 887
f 168 887 555
f 887 1346 555
f 169 521 479
f 521 973 479
f 169 479 399
f 479 1296 399
f 169 399 432
f 399 959 432
f 169 432 521
f 432 970 521
f 170 370 575
f 370 1015 575
f 170 575 609
f 575 1013 609
f 170 609 1237
f 609 1204 1237
f 170 1237 370
f 1237 1231 370
f 171 414 720
f 414 1061 720
f 171 720 820
f 720 1037 820
f 171 820 414
f 820 1070 414
f 172 481 445
f 481 1019 445
f 172 445 717
f 445 1018 717
f 172 717 860
f 717 1056 860
f 172 860 481
f 860 1022 481
f 173 838 632
f 838 1121 632
f 173 632 504
f 632 1390 504
f 173 504 492
f 504 1179 492
f 173 492 838
f 492 1181 838
f 174 832 857
f 832 1145 857
f 174 857 581
f 857 1186 581
f 174 581 660
f 581 1366 660
f 174 660 832
f 660 1160 832
f 175 421 551
f 421 1071 551
f 175 551 499
f 551 1076 499
f 175 499 421
f 499 1064 421
f 176 777 1212
f 777 1213 1212
f 176 1212 875
f 1212 1210 875
f 176 875 778
f 875 1045 778
f 176 778 777
f 778 1017 777
f 177 396 513
f 396 935 513
f 177 513 365
f 513 936 365
f 177 365 406
f 365 913 406
f 177 406 396
f 406 916 396
f 178 1431 668
f 1431 1429 668
f 178 668 836
f 668 1009 836
f 178 836 563
f 836 1011 563
f 178 563 1431
f 563 1352 1431
f 179 716 321
f 716 1081 321
f 179 321 828
f 321 1360 828
f 179 828 628
f 828 1507 628
f 179 628 716
f 628 1152 716
f 180 798 321
f 798 1360 321
f 180 321 607
f 321 1081 607
f 180 607 798
f 607 1079 798
f 181 863 591
f 863 1100 591
f 181 591 737
f 591 1113 737
f 181 737 779
f 737 1097 779
f 181 779 863
f 779 1099 863
f 182 543 386
f 543 1335 386
f 182 386 454
f 386 957 454
f 182 454 399
f 454 959 399
f 182 399 543
f 399 1296 543
f 183 851 331
f 851 1073 331
f 183 331 693
f 331 1082 693
f 183 693 351
f 693 923 351
f 183 351 851
f 351 903 851
f 184 830 587
f 830 1129 587
f 184 587 529
f 587 1142 529
f 184 529 1467
f 529 1193 1467
f 184 1467 830
f 1467 1131 830
f 185 789 542
f 789 1137 542
f 185 542 754
f 542 1128 754
f 185 754 497
f 754 1127 497
f 185 497 789
f 497 1139 789
f 186 690 785
f 690 1437 785
f 186 785 679
f 785 1434 679
f 186 679 592
f 679 1447 592
f 186 592 690
f 592 1456 690
f 187 455 408
f 455 928 408
f 187 408 353
f 408 926 353
f 187 353 502
f 353 932 502
f 187 502 455
f 502 929 455
f 188 803 380
f 803 962 380
f 188 380 325
f 380 961 325
f 188 325 760
f 325 1245 760
f 188 760 803
f 760 1485 803
f 189 1508 886
f 1508 1207 886
f 189 886 425
f 886 1022 425
f 189 425 402
f 425 1054 402
f 189 402 1508
f 402 1055 1508
f 190 891 546
f 891 1149 546
f 190 546 832
f 546 1145 832
f 190 832 447
f 832 1160 447
f 190 447 891
f 447 1161 891
f 191 476 779
f 476 1099 779
f 191 779 393
f 779 1097 393
f 191 393 633
f 393 1096 633
f 191 633 476
f 633 1190 476
f 192 522 561
f 522 969 561
f 192 561 496
f 561 955 496
f 192 496 475
f 496 954 475
f 192 475 522
f 475 968 522
f 193 356 664
f 356 1083 664
f 193 664 722
f 664 1087 722
f 193 722 356
f 722 1103 356
f 194 637 580
f 637 1012 580
f 194 580 705
f 580 1211 705
f 194 705 755
f 705 1002 755
f 194 755 637
f 755 995 637
f 195 857 621
f 857 1145 621
f 195 621 662
f 621 1134 662
f 195 662 1439
f 662 1438 1439
f 195 1439 857
f 1439 1186 857
f 196 565 648
f 565 1005 648
f 196 648 629
f 648 1162 629
f 196 629 461
f 629 1007 461
f 196 461 565
f 461 1424 565
f 197 1461 652
f 1461 1416 652
f 197 652 746
f 652 1025 746
f 197 746 879
f 746 1031 879
f 197 879 1461
f 879 1319 1461
f 198 360 534
f 360 1089 534
f 198 534 848
f 534 1090 848
f 198 848 745
f 848 1095 745
f 198 745 360
f 745 1098 360
f 199 514 472
f 514 929 472
f 199 472 474
f 472 930 474
f 199 474 351
f 474 903 351
f 199 351 514
f 351 923 514
f 200 816 381
f 816 1014 381
f 200 381 770
f 381 1016 770
f 200 770 528
f 770 940 528
f 200 528 816
f 528 939 816
f 201 737 358
f 737 1113 358
f 201 358 649
f 358 1111 649
f 201 649 737
f 649 1097 737
f 202 664 1487
f 664 1083 1487
f 202 1487 858
f 1487 1084 858
f 202 858 342
f 858 1085 342
f 202 342 664
f 342 1087 664
f 203 655 358
f 655 1111 358
f 203 358 443
f 358 1113 443
f 203 443 594
f 443 1388 594
f 203 594 655
f 594 1180 655
f 204 324 455
f 324 928 455
f 204 455 514
f 455 929 514
f 204 514 409
f 514 923 409
f 204 409 324
f 409 904 324
f 205 329 371
f 329 920 371
f 205 371 458
f 371 925 458
f 205 458 428
f 458 927 428
f 205 428 329
f 428 919 329
f 206 315 313
f 315 1110 313
f 206 313 320
f 313 1119 320
f 206 320 517
f 320 1118 517
f 206 517 315
f 517 1109 315
f 207 389 528
f 389 939 528
f 207 528 344
f 528 940 344
f 207 344 454
f 344 959 454
f 207 454 389
f 454 957 389
f 208 792 656
f 792 1172 656
f 208 656 503
f 656 1050 503
f 208 503 614
f 503 1264 614
f 208 614 792
f 614 1421 792
f 209 635 368
f 635 1124 368
f 209 368 706
f 368 1123 706
f 209 706 635
f 706 1428 635
f 210 671 699
f 671 1120 699
f 210 699 663
f 699 1111 663
f 210 663 671
f 663 1123 671
f 211 850 517
f 850 1109 517
f 211 517 644
f 517 1118 644
f 211 644 460
f 644 1117 460
f 211 460 850
f 460 1108 850
f 212 852 377
f 852 1191 377
f 212 377 411
f 377 1140 411
f 212 411 727
f 411 1158 727
f 212 727 852
f 727 1157 852
f 213 764 667
f 764 1300 667
f 213 667 1348
f 667 1347 1348
f 213 1348 1500
f 1348 1349 1500
f 213 1500 764
f 1500 1151 764
f 214 1423 681
f 1423 1006 681
f 214 681 692
f 681 1010 692
f 214 692 415
f 692 1395 415
f 214 415 1423
f 415 1298 1423
f 215 877 739
f 877 1096 739
f 215 739 315
f 739 1110 315
f 215 315 417
f 315 1109 417
f 215 417 877
f 417 1107 877
f 216 562 708
f 562 1120 708
f 216 708 734
f 708 1122 734
f 216 734 562
f 734 1119 562
f 217 396 444
f 396 916 444
f 217 444 535
f 444 914 535
f 217 535 303
f 535 934 303
f 217 303 396
f 303 935 396
f 218 801 1249
f 801 1248 1249
f 218 1249 416
f 1249 1250 416
f 218 416 1386
f 416 1337 1386
f 218 1386 801
f 1386 909 801
f 219 393 649
f 393 1097 649
f 219 649 884
f 649 1111 884
f 219 884 739
f 884 1110 739
f 219 739 393
f 739 1096 393
f 220 730 883
f 730 1358 883
f 220 883 359
f 883 938 359
f 220 359 498
f 359 939 498
f 220 498 730
f 498 941 730
f 221 630 330
f 630 1070 330
f 221 330 422
f 330 1360 422
f 221 422 794
f 422 1071 794
f 221 794 630
f 794 1062 630
f 222 724 788
f 724 1049 788
f 222 788 829
f 788 1052 829
f 222 829 753
f 829 1247 753
f 222 753 724
f 753 1051 724
f 223 712 822
f 712 1059 822
f 223 822 430
f 822 1034 430
f 223 430 387
f 430 1033 387
f 223 387 712
f 387 1032 712
f 224 442 386
f 442 957 386
f 224 386 582
f 386 1335 582
f 224 582 715
f 582 980 715
f 224 715 442
f 715 958 442
f 225 376 403
f 376 952 403
f 225 403 485
f 403 950 485
f 225 485 323
f 485 965 323
f 225 323 376
f 323 966 376
f 226 348 340
f 348 964 340
f 226 340 485
f 340 965 485
f 226 485 312
f 485 950 312
f 226 312 348
f 312 947 348
f 227 882 304
f 882 967 304
f 227 304 658
f 304 966 658
f 227 658 554
f 658 984 554
f 227 554 882
f 554 986 882
f 228 389 442
f 389 957 442
f 228 442 533
f 442 958 533
f 228 533 498
f 533 941 498
f 228 498 389
f 498 939 389
f 229 769 765
f 769 1240 765
f 229 765 815
f 765 1214 815
f 229 815 818
f 815 1241 818
f 229 818 769
f 818 1203 769
f 230 349 425
f 349 1054 425
f 230 425 860
f 425 1022 860
f 230 860 576
f 860 1056 576
f 230 576 349
f 576 1053 349
f 231 855 480
f 855 1133 480
f 231 480 827
f 480 1122 827
f 231 827 538
f 827 1125 538
f 231 538 855
f 538 1135 855
f 232 334 588
f 334 1226 588
f 232 588 650
f 588 1114 650
f 232 650 516
f 650 910 516
f 232 516 334
f 516 908 334
f 233 770 335
f 770 1016 335
f 233 335 892
f 335 1185 892
f 233 892 388
f 892 956 388
f 233 388 770
f 388 940 770
f 234 340 515
f 340 964 515
f 234 515 669
f 515 1440 669
f 234 669 864
f 669 983 864
f 234 864 340
f 864 965 340
f 235 416 526
f 416 1250 526
f 235 526 519
f 526 1327 519
f 235 519 1338
f 519 1339 1338
f 235 1338 416
f 1338 1337 416
f 236 878 541
f 878 1136 541
f 236 541 789
f 541 1137 789
f 236 789 478
f 789 1139 478
f 236 478 878
f 478 1138 878
f 237 650 545
f 650 1114 545
f 237 545 714
f 545 1130 714
f 237 714 305
f 714 911 305
f 237 305 650
f 305 910 650
f 238 598 457
f 598 1153 457
f 238 457 654
f 457 1154 654
f 238 654 761
f 654 1076 761
f 238 761 598
f 761 1079 598
f 239 834 856
f 834 912 856
f 239 856 519
f 856 1339 519
f 239 519 718
f 519 1327 718
f 239 718 834
f 718 1143 834
f 240 434 569
f 434 1171 569
f 240 569 440
f 569 1047 440
f 240 440 656
f 440 1050 656
f 240 656 434
f 656 1172 434
f 241 844 651
f 844 1388 651
f 241 651 893
f 651 1100 893
f 241 893 731
f 893 1098 731
f 241 731 844
f 731 1093 844
f 242 626 683
f 626 1003 683
f 242 683 845
f 683 1155 845
f 242 845 565
f 845 1005 565
f 242 565 626
f 565 1424 626
f 243 738 547
f 738 1011 547
f 243 547 660
f 547 1160 660
f 243 660 738
f 660 1366 738
f 244 605 1313
f 605 1311 1313
f 244 1313 854
f 1313 1314 854
f 244 854 868
f 854 1042 868
f 244 868 605
f 868 1030 605
f 245 831 797
f 831 1451 797
f 245 797 703
f 797 1007 703
f 245 703 668
f 703 1009 668
f 245 668 831
f 668 1429 831
f 246 848 695
f 848 1090 695
f 246 695 457
f 695 1154 457
f 246 457 595
f 457 1153 595
f 246 595 848
f 595 1095 848
f 247 336 849
f 336 1052 849
f 247 849 1414
f 849 1415 1414
f 247 1414 439
f 1414 1413 439
f 247 439 336
f 439 1057 336
f 248 404 552
f 404 937 552
f 248 552 374
f 552 927 374
f 248 374 305
f 374 910 305
f 248 305 404
f 305 911 404
f 249 558 538
f 558 1135 538
f 249 538 520
f 538 1125 520
f 249 520 525
f 520 1126 525
f 249 525 558
f 525 1134 558
f 250 685 433
f 685 1106 433
f 250 433 710
f 433 1116 710
f 250 710 420
f 710 1115 420
f 250 420 685
f 420 1105 685
f 251 484 383
f 484 922 383
f 251 383 395
f 383 924 395
f 251 395 306
f 395 933 306
f 251 306 484
f 306 918 484
f 252 333 665
f 333 1379 665
f 252 665 889
f 665 1132 889
f 252 889 494
f 889 1184 494
f 252 494 333
f 494 1206 333
f 253 781 598
f 781 1153 598
f 253 598 607
f 598 1079 607
f 253 607 716
f 607 1081 716
f 253 716 781
f 716 1152 781
f 254 723 722
f 723 1103 722
f 254 722 771
f 722 1087 771
f 254 771 688
f 771 1102 688
f 254 688 723
f 688 1104 723
f 255 618 736
f 618 1169 736
f 255 736 466
f 736 1170 466
f 255 466 643
f 466 1164 643
f 255 643 618
f 643 1058 618
f 256 821 539
f 821 1156 539
f 256 539 852
f 539 1191 852
f 256 852 821
f 852 1157 821
f 257 310 476
f 310 1099 476
f 257 476 795
f 476 1190 795
f 257 795 824
f 795 1088 824
f 257 824 310
f 824 1089 310
f 258 430 413
f 430 1034 413
f 258 413 750
f 413 1062 750
f 258 750 872
f 750 1063 872
f 258 872 430
f 872 1033 430
f 259 530 569
f 530 1047 569
f 259 569 833
f 569 1171 833
f 259 833 578
f 833 1044 578
f 259 578 530
f 578 1048 530
f 260 862 752
f 862 1008 752
f 260 752 629
f 752 1007 629
f 260 629 862
f 629 1162 862
f 261 836 639
f 836 1009 639
f 261 639 447
f 639 1161 447
f 261 447 547
f 447 1160 547
f 261 547 836
f 547 1011 836
f 262 546 608
f 546 1149 608
f 262 608 558
f 608 1135 558
f 262 558 621
f 558 1134 621
f 262 621 546
f 621 1145 546
f 263 548 775
f 548 1150 775
f 263 775 817
f 775 1148 817
f 263 817 548
f 817 1144 548
f 264 817 326
f 817 1148 326
f 264 326 566
f 326 1138 566
f 264 566 817
f 566 1144 817
f 265 307 768
f 307 1088 768
f 265 768 796
f 768 1189 796
f 265 796 771
f 796 1102 771
f 265 771 307
f 771 1087 307
f 266 368 487
f 368 1124 487
f 266 487 520
f 487 1126 520
f 266 520 477
f 520 1125 477
f 266 477 368
f 477 1123 368
f 267 709 678
f 709 1163 678
f 267 678 1385
f 678 1333 1385
f 267 1385 709
f 1385 1282 709
f 268 805 320
f 805 1118 320
f 268 320 734
f 320 1119 734
f 268 734 642
f 734 1122 642
f 268 642 805
f 642 1127 805
f 269 583 1458
f 583 1220 1458
f 269 1458 787
f 1458 1166 787
f 269 787 583
f 787 1332 583
f 270 787 459
f 787 1166 459
f 270 459 585
f 459 1167 585
f 270 585 787
f 585 1332 787
f 271 676 617
f 676 1004 617
f 271 617 539
f 617 1191 539
f 271 539 350
f 539 1156 350
f 271 350 676
f 350 1155 676
f 272 327 428
f 327 919 428
f 272 428 552
f 428 927 552
f 272 552 347
f 552 937 347
f 272 347 327
f 347 936 327
f 273 773 768
f 773 1189 768
f 273 768 795
f 768 1088 795
f 273 795 633
f 795 1190 633
f 273 633 773
f 633 1096 773
f 274 418 780
f 418 1078 780
f 274 780 858
f 780 1085 858
f 274 858 384
f 858 1084 384
f 274 384 418
f 384 1077 418
f 275 451 419
f 451 925 419
f 275 419 531
f 419 926 531
f 275 531 379
f 531 906 379
f 275 379 451
f 379 908 451
f 276 811 866
f 811 1350 866
f 276 866 489
f 866 898 489
f 276 489 793
f 489 914 793
f 276 793 811
f 793 1469 811
f 277 687 411
f 687 1158 411
f 277 411 622
f 411 1140 622
f 277 622 397
f 622 1136 397
f 277 397 687
f 397 1147 687
f 278 854 682
f 854 1314 682
f 278 682 601
f 682 1454 601
f 278 601 808
f 601 902 808
f 278 808 854
f 808 1042 854
f 279 883 573
f 883 1358 573
f 279 573 599
f 573 1279 599
f 279 599 883
f 599 938 883
f 280 675 610
f 675 999 610
f 280 610 674
f 610 1188 674
f 280 674 641
f 674 1322 641
f 280 641 675
f 641 1028 675
f 281 889 1517
f 889 1132 1517
f 281 1517 382
f 1517 1482 382
f 281 382 456
f 382 1257 456
f 281 456 889
f 456 1184 889
f 282 800 553
f 800 915 553
f 282 553 834
f 553 912 834
f 282 834 309
f 834 1143 309
f 282 309 800
f 309 1141 800
f 283 536 486
f 536 962 486
f 283 486 332
f 486 963 332
f 283 332 317
f 332 949 317
f 283 317 536
f 317 945 536
f 284 365 347
f 365 936 347
f 284 347 404
f 347 937 404
f 284 404 354
f 404 911 354
f 284 354 365
f 354 913 365
f 285 804 557
f 804 1000 557
f 285 557 675
f 557 999 675
f 285 675 311
f 675 1028 311
f 285 311 804
f 311 1027 804
f 286 512 391
f 512 905 391
f 286 391 426
f 391 907 426
f 286 426 463
f 426 906 463
f 286 463 512
f 463 904 512
f 287 767 613
f 767 997 613
f 287 613 814
f 613 1405 814
f 287 814 627
f 814 1001 627
f 287 627 767
f 627 996 767
f 288 323 864
f 323 965 864
f 288 864 511
f 864 983 511
f 288 511 658
f 511 984 658
f 288 658 323
f 658 966 323
f 289 341 435
f 341 953 435
f 289 435 376
f 435 952 376
f 289 376 304
f 376 966 304
f 289 304 341
f 304 967 341
f 290 566 478
f 566 1138 478
f 290 478 624
f 478 1139 624
f 290 624 871
f 624 1133 871
f 290 871 566
f 871 1144 566
f 291 662 525
f 662 1134 525
f 291 525 590
f 525 1126 590
f 291 590 870
f 590 1183 870
f 291 870 662
f 870 1438 662
f 292 814 713
f 814 1405 713
f 292 713 415
f 713 1298 415
f 292 415 603
f 415 1395 603
f 292 603 814
f 603 1001 814
f 293 691 357
f 691 1175 357
f 293 357 316
f 357 1217 316
f 293 316 599
f 316 938 599
f 293 599 691
f 599 1279 691
f 294 533 314
f 533 958 314
f 294 314 441
f 314 960 441
f 294 441 465
f 441 943 465
f 294 465 533
f 465 941 533
f 295 355 790
f 355 1101 790
f 295 790 888
f 790 1189 888
f 295 888 355
f 888 1107 355
f 296 877 888
f 877 1107 888
f 296 888 773
f 888 1189 773
f 296 773 877
f 773 1096 877
f 297 510 577
f 510 1029 577
f 297 577 653
f 577 998 653
f 297 653 700
f 653 1023 700
f 297 700 510
f 700 1024 510
f 298 443 591
f 443 1113 591
f 298 591 651
f 591 1100 651
f 298 651 443
f 651 1388 443
f 299 740 589
f 740 1286 589
f 299 589 844
f 589 1388 844
f 299 844 740
f 844 1093 740
f 300 413 729
f 413 1034 729
f 300 729 414
f 729 1061 414
f 300 414 630
f 414 1070 630
f 300 630 413
f 630 1062 413
f 493 812 988
f 812 1381 988
f 301 600 471
f 600 1392 471
f 301 471 784
f 471 1036 784
f 301 784 506
f 784 1066 506
f 301 506 600
f 506 1065 600
f 302 646 507
f 646 1038 507
f 302 507 859
f 507 1039 859
f 302 859 661
f 859 1037 661
f 302 661 646
f 661 1041 646
f 982 1484 990
f 1484 1505 990
o Part.2
v -1.697 28.78 1.697
v -0.918 28.78 2.217
v -2.217 28.78 0.918
v -2.217 34.6 0.918
v -1.697 34.6 1.697
v -0.918 34.6 2.217
v -4.817 27.2 3
v -6.4 18.4 3
v -4.923 26.62 0.765
v -5.004 26.168 1.414
v -5.117 25.535 1.848
v -5.243 24.8 2
v -5.382 24.053 1.848
v -5.499 23.404 1.414
v -5.574 22.977 0.765
v -6.496 23.149 0.765
v -6.417 23.576 1.414
v -6.308 24.216 1.848
v -6.172 24.969 2
v -6.039 25.722 1.848
v -5.926 26.362 1.414
v -5.847 26.789 0.765
v -6.765 22.232 3
v -5.782 27.748 3
v -6.4 16.02 3
v -6.678 22.717 0.956
v -7.7 16.02 3
v -7.7 17 3
v -6.579 23.25 1.767
v -6.443 24.049 2.309
v -6.272 24.99 2.499
v -6.106 25.931 2.309
v -5.965 26.73 1.767
v -5.867 27.264 0.956
v -6.577 22.696 0.956
v -6.478 23.229 1.767
v -6.342 24.028 2.309
v -6.171 24.969 2.499
v -6.005 25.91 2.309
v -5.864 26.709 1.767
v -5.766 27.243 0.956
v -6.698 17 3.96
v -4.782 27.749 3.96
v -5.762 22.231 3.96
v -4.598 28.78 3
v -6.698 16.02 3.96
v -7.398 16.02 3.96
v -7.7 16.02 3.66
v -7.466 16.02 3.769
v -7.513 16.02 3.937
v -7.611 16.02 3.872
v -7.677 16.02 3.775
v -7.7 17 3.66
v -7.398 17 3.96
v -7.677 17 3.775
v -7.611 17 3.872
v -7.513 17 3.937
v -5.482 27.749 3.96
v -5.783 27.748 3.66
v -5.597 27.749 3.937
v -5.695 27.749 3.872
v -5.761 27.749 3.775
v -6.765 22.231 3.66
v -6.462 22.231 3.96
v -6.741 22.231 3.775
v -6.676 22.231 3.872
v -6.578 22.231 3.937
v -5.652 28.485 3
v -5.3 28.78 3
v -5.609 28.598 3
v -5.527 28.693 3
v -5.419 28.758 3
v -4.598 28.78 3.66
v -4.651 28.48 3.96
v -4.602 28.757 3.775
v -4.613 28.692 3.872
v -4.631 28.595 3.937
v -4.4 16.15 3
v -3.6 16.15 3
v -4.4 16.15 2.4
v -3.6 16.15 2.4
v -4.4 27.2 3
v -3.6 27.2 3
v -4.4 27.2 2.4
v -3.6 27.2 2.4
v -3 16.15 3
v -0.9 17.2 0.4
v -1.667 17.2 0.4
v -0.9 16.15 1.2
v -2.816 16.15 2.449
v -2.543 16.15 1.947
v -2.146 16.15 1.537
v -2.201 16.15 3
v -1.352 16.15 1.852
v -2.081 16.15 2.636
v -1.902 16.15 2.308
v -1.643 16.15 2.04
v -1.151 16.15 1.724
v -1.002 16.15 1.579
v -0.917 16.15 1.383
v -1.863 16.15 1.354
v -1.758 16.15 1.268
v -1.685 16.165 1.131
v -1.667 16.199 1.003
v -3 27.2 3
v -0.9 21 0.4
v -1.668 21 0.4
v -0.9 27.2 1.2
v -2.816 27.2 2.449
v -2.543 27.2 1.947
v -2.146 27.2 1.537
v -2.201 27.2 3
v -1.352 27.2 1.852
v -2.081 27.2 2.636
v -1.902 27.2 2.308
v -1.643 27.2 2.04
v -1.151 27.2 1.724
v -1.002 27.2 1.579
v -0.917 27.2 1.383
v -1.863 27.2 1.354
v -1.758 27.2 1.268
v -1.685 27.2 1.131
v -1.667 27.2 1.003
v -0.9 21.153 0.37
v -1.668 21.153 0.37
v -0.9 21.283 0.283
v -1.668 21.283 0.283
v -0.9 21.37 0.153
v -1.668 21.37 0.153
v -0.9 16.286 0.896
v -0.9 16.491 0.649
v -0.9 16.829 0.466
v -1.667 16.316 0.8
v -1.667 16.521 0.573
v -1.667 16.858 0.439
v -5.391 27.989 3.96
v -5.209 28.226 3.96
v -4.956 28.388 3.96
v -5.219 28.78 3.254
v -5.077 28.78 3.451
v -4.86 28.78 3.591
v -5.668 28.388 3.254
v -5.697 28.226 3.462
v -5.74 27.989 3.598
v -5.544 27.989 3.912
v -5.644 27.989 3.836
v -5.711 27.989 3.729
v -5.193 28.757 3.531
v -5.33 28.692 3.623
v -5.433 28.595 3.694
v -5.507 28.485 3.744
v -5.621 28.388 3.637
v -5.544 28.388 3.772
v -5.432 28.388 3.859
v -5.655 28.226 3.673
v -5.591 28.226 3.802
v -5.479 28.226 3.881
v -5.319 28.757 3.349
v -5.433 28.692 3.463
v -5.531 28.595 3.551
v -5.594 28.485 3.612
v -5.041 28.757 3.675
v -5.193 28.692 3.747
v -5.311 28.595 3.801
v -5.394 28.485 3.84
v -5.602 28.598 3.251
v -5.504 28.693 3.251
v -5.378 28.758 3.254
v -5.652 28.485 3.25
v -5.669 28.388 3.451
v -5.352 28.757 3.305
v -5.488 28.693 3.364
v -5.589 28.596 3.408
v -5.644 28.485 3.438
v -4.952 28.481 3.944
v -4.938 28.595 3.91
v -4.922 28.692 3.844
v -4.896 28.757 3.731
v -5.158 28.483 3.906
v -5.119 28.595 3.867
v -5.06 28.692 3.802
v -4.963 28.757 3.702
v -5.181 28.388 3.935
v 1.697 28.78 1.697
v 0.918 28.78 2.217
v 0 28.78 2.4
v 2.217 28.78 0.918
v 2.217 34.6 0.918
v 1.697 34.6 1.697
v 0 34.6 2.4
v 0.918 34.6 2.217
v 4.817 27.2 3
v 6.4 18.4 3
v 4.923 26.62 0.765
v 5.004 26.168 1.414
v 5.117 25.535 1.848
v 5.243 24.8 2
v 5.382 24.053 1.848
v 5.499 23.404 1.414
v 5.574 22.977 0.765
v 0 16.02 3
v 0 16.02 3.96
v 0 17 3.96
v 0 22.231 3.96
v 0 27.749 3.96
v 0 28.78 3
v 0 27.2 3
v 6.496 23.149 0.765
v 6.417 23.576 1.414
v 6.308 24.216 1.848
v 6.172 24.969 2
v 6.039 25.722 1.848
v 5.926 26.362 1.414
v 5.847 26.789 0.765
v 6.765 22.232 3
v 5.782 27.748 3
v 6.4 16.02 3
v 6.678 22.717 0.956
v 7.7 16.02 3
v 7.7 17 3
v 6.579 23.25 1.767
v 6.443 24.049 2.309
v 6.272 24.99 2.499
v 6.106 25.931 2.309
v 5.965 26.73 1.767
v 5.867 27.264 0.956
v 6.577 22.696 0.956
v 6.478 23.229 1.767
v 6.342 24.028 2.309
v 6.171 24.969 2.499
v 6.005 25.91 2.309
v 5.864 26.709 1.767
v 5.766 27.243 0.956
v 6.698 17 3.96
v 4.782 27.749 3.96
v 5.762 22.231 3.96
v 4.598 28.78 3
v 6.698 16.02 3.96
v 0 28.78 3.66
v 0 28.48 3.96
v 0 28.757 3.775
v 0 28.692 3.872
v 0 28.595 3.937
v 7.398 16.02 3.96
v 7.7 16.02 3.66
v 7.466 16.02 3.769
v 7.513 16.02 3.937
v 7.611 16.02 3.872
v 7.677 16.02 3.775
v 7.7 17 3.66
v 7.398 17 3.96
v 7.677 17 3.775
v 7.611 17 3.872
v 7.513 17 3.937
v 5.482 27.749 3.96
v 5.783 27.748 3.66
v 5.597 27.749 3.937
v 5.695 27.749 3.872
v 5.761 27.749 3.775
v 6.765 22.231 3.66
v 6.462 22.231 3.96
v 6.741 22.231 3.775
v 6.676 22.231 3.872
v 6.578 22.231 3.937
v 5.652 28.485 3
v 5.3 28.78 3
v 5.609 28.598 3
v 5.527 28.693 3
v 5.419 28.758 3
v 4.598 28.78 3.66
v 4.651 28.48 3.96
v 4.602 28.757 3.775
v 4.613 28.692 3.872
v 4.631 28.595 3.937
v 4.4 16.15 3
v 3.6 16.15 3
v 4.4 16.15 2.4
v 3.6 16.15 2.4
v 4.4 27.2 3
v 3.6 27.2 3
v 4.4 27.2 2.4
v 3.6 27.2 2.4
v 0 18.4 3
v 3 16.15 3
v 0.9 17.2 0.4
v 1.667 17.2 0.4
v 0.9 16.15 1.2
v 2.816 16.15 2.449
v 2.543 16.15 1.947
v 2.146 16.15 1.537
v 2.201 16.15 3
v 1.352 16.15 1.852
v 2.081 16.15 2.636
v 1.902 16.15 2.308
v 1.643 16.15 2.04
v 1.151 16.15 1.724
v 1.002 16.15 1.579
v 0.917 16.15 1.383
v 1.863 16.15 1.354
v 1.758 16.15 1.268
v 1.685 16.165 1.131
v 1.667 16.199 1.003
v 3 27.2 3
v 0.9 21 0.4
v 1.668 21 0.4
v 0.9 27.2 1.2
v 2.816 27.2 2.449
v 2.543 27.2 1.947
v 2.146 27.2 1.537
v 2.201 27.2 3
v 1.352 27.2 1.852
v 2.081 27.2 2.636
v 1.902 27.2 2.308
v 1.643 27.2 2.04
v 1.151 27.2 1.724
v 1.002 27.2 1.579
v 0.917 27.2 1.383
v 1.863 27.2 1.354
v 1.758 27.2 1.268
v 1.685 27.2 1.131
v 1.667 27.2 1.003
v 0.9 21.153 0.37
v 1.668 21.153 0.37
v 0.9 21.283 0.283
v 1.668 21.283 0.283
v 0.9 21.37 0.153
v 1.668 21.37 0.153
v 0.9 16.286 0.896
v 0.9 16.491 0.649
v 0.9 16.829 0.466
v 1.667 16.316 0.8
v 1.667 16.521 0.573
v 1.667 16.858 0.439
v 5.391 27.989 3.96
v 5.209 28.226 3.96
v 4.956 28.388 3.96
v 5.219 28.78 3.254
v 5.077 28.78 3.451
v 4.86 28.78 3.591
v 5.668 28.388 3.254
v 5.697 28.226 3.462
v 5.74 27.989 3.598
v 5.544 27.989 3.912
v 5.644 27.989 3.836
v 5.711 27.989 3.729
v 5.193 28.757 3.531
v 5.33 28.692 3.623
v 5.433 28.595 3.694
v 5.507 28.485 3.744
v 5.621 28.388 3.637
v 5.544 28.388 3.772
v 5.432 28.388 3.859
v 5.655 28.226 3.673
v 5.591 28.226 3.802
v 5.479 28.226 3.881
v 5.319 28.757 3.349
v 5.433 28.692 3.463
v 5.531 28.595 3.551
v 5.594 28.485 3.612
v 5.041 28.757 3.675
v 5.193 28.692 3.747
v 5.311 28.595 3.801
v 5.394 28.485 3.84
v 5.602 28.598 3.251
v 5.504 28.693 3.251
v 5.378 28.758 3.254
v 5.652 28.485 3.25
v 5.669 28.388 3.451
v 5.352 28.757 3.305
v 5.488 28.693 3.364
v 5.589 28.596 3.408
v 5.644 28.485 3.438
v 4.952 28.481 3.944
v 4.938 28.595 3.91
v 4.922 28.692 3.844
v 4.896 28.757 3.731
v 5.158 28.483 3.906
v 5.119 28.595 3.867
v 5.06 28.692 3.802
v 4.963 28.757 3.702
v 5.181 28.388 3.935
v -1.697 28.78 -1.697
v -0.918 28.78 -2.217
v -2.217 28.78 -0.918
v -2.4 28.78 0
v -2.4 34.6 0
v -2.217 34.6 -0.918
v -1.697 34.6 -1.697
v -0.918 34.6 -2.217
v -6.715 22.529 0
v -4.817 27.2 -3
v -6.4 18.4 -3
v -4.896 26.77 0
v -4.923 26.62 -0.765
v -5.004 26.168 -1.414
v -5.117 25.535 -1.848
v -5.243 24.8 -2
v -5.382 24.053 -1.848
v -5.499 23.404 -1.414
v -5.574 22.977 -0.765
v -5.594 22.833 0
v -6.526 22.999 0
v -6.496 23.149 -0.765
v -6.417 23.576 -1.414
v -6.308 24.216 -1.848
v -6.172 24.969 -2
v -6.039 25.722 -1.848
v -5.926 26.362 -1.414
v -5.847 26.789 -0.765
v -5.821 26.939 0
v -6.765 22.232 -3
v -5.782 27.748 -3
v -6.4 16.02 -3
v -6.678 22.717 -0.956
v -7.7 16.02 -3
v -7.7 17 -3
v -7.7 16.02 0
v -7.7 17 0
v -6.4 18.4 0
v -6.4 16.02 0
v -6.765 22.232 0
v -5.782 27.748 0
v -4.817 27.2 0
v -6.579 23.25 -1.767
v -6.443 24.049 -2.309
v -6.272 24.99 -2.499
v -6.106 25.931 -2.309
v -5.965 26.73 -1.767
v -5.867 27.264 -0.956
v -5.834 27.451 0
v -6.614 22.508 0
v -6.577 22.696 -0.956
v -6.478 23.229 -1.767
v -6.342 24.028 -2.309
v -6.171 24.969 -2.499
v -6.005 25.91 -2.309
v -5.864 26.709 -1.767
v -5.766 27.243 -0.956
v -5.733 27.43 0
v -6.698 17 -3.96
v -4.782 27.749 -3.96
v -5.762 22.231 -3.96
v -4.598 28.78 -3
v -6.698 16.02 -3.96
v -4.598 28.78 0
v -7.398 16.02 -3.96
v -7.7 16.02 -3.66
v -7.466 16.02 -3.769
v -7.513 16.02 -3.937
v -7.611 16.02 -3.872
v -7.677 16.02 -3.775
v -7.7 17 -3.66
v -7.398 17 -3.96
v -7.677 17 -3.775
v -7.611 17 -3.872
v -7.513 17 -3.937
v -5.482 27.749 -3.96
v -5.783 27.748 -3.66
v -5.597 27.749 -3.937
v -5.695 27.749 -3.872
v -5.761 27.749 -3.775
v -6.765 22.231 -3.66
v -6.462 22.231 -3.96
v -6.741 22.231 -3.775
v -6.676 22.231 -3.872
v -6.578 22.231 -3.937
v -5.652 28.485 -3
v -5.3 28.78 -3
v -5.609 28.598 -3
v -5.527 28.693 -3
v -5.419 28.758 -3
v -5.652 28.485 0
v -5.3 28.78 0
v -5.609 28.598 0
v -5.527 28.693 0
v -5.419 28.758 0
v -4.598 28.78 -3.66
v -4.651 28.48 -3.96
v -4.602 28.757 -3.775
v -4.613 28.692 -3.872
v -4.631 28.595 -3.937
v -4.4 16.15 -3
v -3.6 16.15 -3
v -4.4 16.15 -2.4
v -3.6 16.15 -2.4
v -4.4 27.2 -3
v -3.6 27.2 -3
v -4.4 27.2 -2.4
v -3.6 27.2 -2.4
v -3 16.15 -3
v -0.9 17.2 -0.4
v -1.667 17.2 -0.4
v -0.9 16.15 -1.2
v -2.816 16.15 -2.449
v -2.543 16.15 -1.947
v -2.146 16.15 -1.537
v -2.201 16.15 -3
v -1.352 16.15 -1.852
v -2.081 16.15 -2.636
v -1.902 16.15 -2.308
v -1.643 16.15 -2.04
v -1.151 16.15 -1.724
v -1.002 16.15 -1.579
v -0.917 16.15 -1.383
v -1.863 16.15 -1.354
v -1.758 16.15 -1.268
v -1.685 16.165 -1.131
v -1.667 16.199 -1.003
v -3 27.2 -3
v -0.9 21 -0.4
v -1.668 21 -0.4
v -0.9 27.2 -1.2
v -2.816 27.2 -2.449
v -2.543 27.2 -1.947
v -2.146 27.2 -1.537
v -2.201 27.2 -3
v -1.352 27.2 -1.852
v -2.081 27.2 -2.636
v -1.902 27.2 -2.308
v -1.643 27.2 -2.04
v -1.151 27.2 -1.724
v -1.002 27.2 -1.579
v -0.917 27.2 -1.383
v -1.863 27.2 -1.354
v -1.758 27.2 -1.268
v -1.685 27.2 -1.131
v -1.667 27.2 -1.003
v -0.9 21.153 -0.37
v -1.668 21.153 -0.37
v -0.9 21.283 -0.283
v -1.668 21.283 -0.283
v -0.9 21.37 -0.153
v -1.668 21.37 -0.153
v -0.9 21.4 0
v -1.668 21.4 0
v -0.9 27.2 0
v -1.668 27.2 0
v -0.9 16.286 -0.896
v -0.9 16.491 -0.649
v -0.9 16.829 -0.466
v -1.667 16.316 -0.8
v -1.667 16.521 -0.573
v -1.667 16.858 -0.439
v -5.391 27.989 -3.96
v -5.209 28.226 -3.96
v -4.956 28.388 -3.96
v -5.219 28.78 -3.254
v -5.077 28.78 -3.451
v -4.86 28.78 -3.591
v -5.668 28.388 -3.254
v -5.697 28.226 -3.462
v -5.74 27.989 -3.598
v -5.544 27.989 -3.912
v -5.644 27.989 -3.836
v -5.711 27.989 -3.729
v -5.193 28.757 -3.531
v -5.33 28.692 -3.623
v -5.433 28.595 -3.694
v -5.507 28.485 -3.744
v -5.621 28.388 -3.637
v -5.544 28.388 -3.772
v -5.432 28.388 -3.859
v -5.655 28.226 -3.673
v -5.591 28.226 -3.802
v -5.479 28.226 -3.881
v -5.319 28.757 -3.349
v -5.433 28.692 -3.463
v -5.531 28.595 -3.551
v -5.594 28.485 -3.612
v -5.041 28.757 -3.675
v -5.193 28.692 -3.747
v -5.311 28.595 -3.801
v -5.394 28.485 -3.84
v -5.602 28.598 -3.251
v -5.504 28.693 -3.251
v -5.378 28.758 -3.254
v -5.652 28.485 -3.25
v -5.669 28.388 -3.451
v -5.352 28.757 -3.305
v -5.488 28.693 -3.364
v -5.589 28.596 -3.408
v -5.644 28.485 -3.438
v -4.952 28.481 -3.944
v -4.938 28.595 -3.91
v -4.922 28.692 -3.844
v -4.896 28.757 -3.731
v -5.158 28.483 -3.906
v -5.119 28.595 -3.867
v -5.06 28.692 -3.802
v -4.963 28.757 -3.702
v -5.181 28.388 -3.935
v 1.697 28.78 -1.697
v 0.918 28.78 -2.217
v 0 28.78 -2.4
v 2.217 28.78 -0.918
v 2.4 28.78 0
v 2.4 34.6 0
v 2.217 34.6 -0.918
v 1.697 34.6 -1.697
v 0 34.6 -2.4
v 0.918 34.6 -2.217
v 6.715 22.529 0
v 0 34.6 0
v 4.817 27.2 -3
v 6.4 18.4 -3
v 4.896 26.77 0
v 4.923 26.62 -0.765
v 5.004 26.168 -1.414
v 5.117 25.535 -1.848
v 5.243 24.8 -2
v 5.382 24.053 -1.848
v 5.499 23.404 -1.414
v 5.574 22.977 -0.765
v 5.594 22.833 0
v 0 16.02 -3
v 0 16.02 -3.96
v 0 17 -3.96
v 0 22.231 -3.96
v 0 27.749 -3.96
v 0 28.78 -3
v 0 27.2 -3
v 6.526 22.999 0
v 6.496 23.149 -0.765
v 6.417 23.576 -1.414
v 6.308 24.216 -1.848
v 6.172 24.969 -2
v 6.039 25.722 -1.848
v 5.926 26.362 -1.414
v 5.847 26.789 -0.765
v 5.821 26.939 0
v 6.765 22.232 -3
v 5.782 27.748 -3
v 6.4 16.02 -3
v 6.678 22.717 -0.956
v 7.7 16.02 -3
v 7.7 17 -3
v 7.7 16.02 0
v 7.7 17 0
v 6.4 18.4 0
v 6.4 16.02 0
v 6.765 22.232 0
v 5.782 27.748 0
v 4.817 27.2 0
v 0 27.2 0
v 6.579 23.25 -1.767
v 6.443 24.049 -2.309
v 6.272 24.99 -2.499
v 6.106 25.931 -2.309
v 5.965 26.73 -1.767
v 5.867 27.264 -0.956
v 5.834 27.451 0
v 6.614 22.508 0
v 6.577 22.696 -0.956
v 6.478 23.229 -1.767
v 6.342 24.028 -2.309
v 6.171 24.969 -2.499
v 6.005 25.91 -2.309
v 5.864 26.709 -1.767
v 5.766 27.243 -0.956
v 5.733 27.43 0
v 6.698 17 -3.96
v 4.782 27.749 -3.96
v 5.762 22.231 -3.96
v 4.598 28.78 -3
v 6.698 16.02 -3.96
v 4.598 28.78 0
v 0 28.78 -3.66
v 0 28.48 -3.96
v 0 28.757 -3.775
v 0 28.692 -3.872
v 0 28.595 -3.937
v 7.398 16.02 -3.96
v 7.7 16.02 -3.66
v 7.466 16.02 -3.769
v 7.513 16.02 -3.937
v 7.611 16.02 -3.872
v 7.677 16.02 -3.775
v 7.7 17 -3.66
v 7.398 17 -3.96
v 7.677 17 -3.775
v 7.611 17 -3.872
v 7.513 17 -3.937
v 5.482 27.749 -3.96
v 5.783 27.748 -3.66
v 5.597 27.749 -3.937
v 5.695 27.749 -3.872
v 5.761 27.749 -3.775
v 6.765 22.231 -3.66
v 6.462 22.231 -3.96
v 6.741 22.231 -3.775
v 6.676 22.231 -3.872
v 6.578 22.231 -3.937
v 5.652 28.485 -3
v 5.3 28.78 -3
v 5.609 28.598 -3
v 5.527 28.693 -3
v 5.419 28.758 -3
v 5.652 28.485 0
v 5.3 28.78 0
v 5.609 28.598 0
v 5.527 28.693 0
v 5.419 28.758 0
v 4.598 28.78 -3.66
v 4.651 28.48 -3.96
v 4.602 28.757 -3.775
v 4.613 28.692 -3.872
v 4.631 28.595 -3.937
v 4.4 16.15 -3
v 3.6 16.15 -3
v 4.4 16.15 -2.4
v 3.6 16.15 -2.4
v 4.4 27.2 -3
v 3.6 27.2 -3
v 4.4 27.2 -2.4
v 3.6 27.2 -2.4
v 0 18.4 -3
v 3 16.15 -3
v 0.9 17.2 -0.4
v 1.667 17.2 -0.4
v 0.9 16.15 -1.2
v 2.816 16.15 -2.449
v 2.543 16.15 -1.947
v 2.146 16.15 -1.537
v 2.201 16.15 -3
v 1.352 16.15 -1.852
v 2.081 16.15 -2.636
v 1.902 16.15 -2.308
v 1.643 16.15 -2.04
v 1.151 16.15 -1.724
v 1.002 16.15 -1.579
v 0.917 16.15 -1.383
v 1.863 16.15 -1.354
v 1.758 16.15 -1.268
v 1.685 16.165 -1.131
v 1.667 16.199 -1.003
v 3 27.2 -3
v 0.9 21 -0.4
v 1.668 21 -0.4
v 0.9 27.2 -1.2
v 2.816 27.2 -2.449
v 2.543 27.2 -1.947
v 2.146 27.2 -1.537
v 2.201 27.2 -3
v 1.352 27.2 -1.852
v 2.081 27.2 -2.636
v 1.902 27.2 -2.308
v 1.643 27.2 -2.04
v 1.151 27.2 -1.724
v 1.002 27.2 -1.579
v 0.917 27.2 -1.383
v 1.863 27.2 -1.354
v 1.758 27.2 -1.268
v 1.685 27.2 -1.131
v 1.667 27.2 -1.003
v 0.9 21.153 -0.37
v 1.668 21.153 -0.37
v 0.9 21.283 -0.283
v 1.668 21.283 -0.283
v 0.9 21.37 -0.153
v 1.668 21.37 -0.153
v 0.9 21.4 0
v 1.668 21.4 0
v 0.9 27.2 0
v 1.668 27.2 0
v 0.9 16.286 -0.896
v 0.9 16.491 -0.649
v 0.9 16.829 -0.466
v 1.667 16.316 -0.8
v 1.667 16.521 -0.573
v 1.667 16.858 -0.439
v 5.391 27.989 -3.96
v 5.209 28.226 -3.96
v 4.956 28.388 -3.96
v 5.219 28.78 -3.254
v 5.077 28.78 -3.451
v 4.86 28.78 -3.591
v 5.668 28.388 -3.254
v 5.697 28.226 -3.462
v 5.74 27.989 -3.598
v 5.544 27.989 -3.912
v 5.644 27.989 -3.836
v 5.711 27.989 -3.729
v 5.193 28.757 -3.531
v 5.33 28.692 -3.623
v 5.433 28.595 -3.694
v 5.507 28.485 -3.744
v 5.621 28.388 -3.637
v 5.544 28.388 -3.772
v 5.432 28.388 -3.859
v 5.655 28.226 -3.673
v 5.591 28.226 -3.802
v 5.479 28.226 -3.881
v 5.319 28.757 -3.349
v 5.433 28.692 -3.463
v 5.531 28.595 -3.551
v 5.594 28.485 -3.612
v 5.041 28.757 -3.675
v 5.193 28.692 -3.747
v 5.311 28.595 -3.801
v 5.394 28.485 -3.84
v 5.602 28.598 -3.251
v 5.504 28.693 -3.251
v 5.378 28.758 -3.254
v 5.652 28.485 -3.25
v 5.669 28.388 -3.451
v 5.352 28.757 -3.305
v 5.488 28.693 -3.364
v 5.589 28.596 -3.408
v 5.644 28.485 -3.438
v 4.952 28.481 -3.944
v 4.938 28.595 -3.91
v 4.922 28.692 -3.844
v 4.896 28.757 -3.731
v 5.158 28.483 -3.906
v 5.119 28.595 -3.867
v 5.06 28.692 -3.802
v 4.963 28.757 -3.702
v 5.181 28.388 -3.935
v -2.4 34.6 0
v -2.217 34.6 0.918
v -1.697 34.6 1.697
v -1.697 28.78 1.697
v -0.918 28.78 2.217
v 0 28.78 2.4
v 0 34.6 2.4
v -0.918 34.6 2.217
v -2.217 28.78 0.918
v -2.4 28.78 0
v -4.896 26.77 0
v -4.923 26.62 0.765
v -5.004 26.168 1.414
v -5.117 25.535 1.848
v -5.243 24.8 2
v -5.382 24.053 1.848
v -5.499 23.404 1.414
v -5.574 22.977 0.765
v -5.594 22.833 0
v -6.526 22.999 0
v -6.496 23.149 0.765
v -6.417 23.576 1.414
v -6.308 24.216 1.848
v -6.172 24.969 2
v -6.039 25.722 1.848
v -5.926 26.362 1.414
v -5.847 26.789 0.765
v -5.821 26.939 0
v -6.4 16.02 0
v -6.4 16.02 3
v -6.4 16.02 3
v -5.867 27.264 0.956
v -5.834 27.451 0
v -5.965 26.73 1.767
v -6.106 25.931 2.309
v -6.272 24.99 2.499
v -6.443 24.049 2.309
v -6.579 23.25 1.767
v -7.7 16.02 3
v -7.7 16.02 0
v -7.7 17 3
v -7.7 17 0
v -6.678 22.717 0.956
v -4.817 27.2 3
v -4.817 27.2 3
v -4.817 27.2 0
v -6.715 22.529 0
v -6.4 18.4 3
v -6.4 18.4 3
v -6.4 18.4 0
v 0 27.2 3
v -5.766 27.243 0.956
v -5.733 27.43 0
v -5.864 26.709 1.767
v -6.005 25.91 2.309
v -6.171 24.969 2.499
v -6.342 24.028 2.309
v -6.478 23.229 1.767
v -6.577 22.696 0.956
v -6.614 22.508 0
v 0 16.02 3
v 0 16.02 3.96
v -6.698 16.02 3.96
v -7.398 16.02 3.96
v -7.398 16.02 3.96
v -7.513 16.02 3.937
v -7.611 16.02 3.872
v -7.677 16.02 3.775
v -7.7 16.02 3.66
v -7.7 16.02 3.66
v -7.398 17 3.96
v -7.677 17 3.775
v -7.7 17 3.66
v -7.7 17 3.66
v -7.7 17 3.66
v -6.462 22.231 3.96
v -6.765 22.231 3.66
v -5.783 27.748 3.66
v -5.482 27.749 3.96
v -5.3 28.78 3
v -5.3 28.78 0
v -5.652 28.485 0
v -5.652 28.485 3
v -4.651 28.48 3.96
v 0 28.48 3.96
v 0 28.78 3.66
v -4.598 28.78 3.66
v -4.4 16.15 2.4
v -4.4 16.15 2.4
v -4.4 16.15 3
v -3.6 16.15 3
v -3.6 16.15 2.4
v -3.6 16.15 2.4
v -4.4 27.2 2.4
v -3.6 27.2 2.4
v -1.667 16.858 0.439
v -1.667 17.2 0.4
v -3 16.15 3
v -2.816 16.15 2.449
v -2.543 16.15 1.947
v -2.146 16.15 1.537
v -2.201 16.15 3
v -2.081 16.15 2.636
v -1.902 16.15 2.308
v -1.643 16.15 2.04
v -1.352 16.15 1.852
v -1.151 16.15 1.724
v -1.002 16.15 1.579
v -0.917 16.15 1.383
v -0.9 16.15 1.2
v -1.863 16.15 1.354
v -1.758 16.15 1.268
v -1.685 16.165 1.131
v -1.667 16.199 1.003
v -1.667 16.521 0.573
v -0.9 21 0.4
v -0.9 17.2 0.4
v -1.667 16.316 0.8
v -0.9 21.153 0.37
v -1.668 21 0.4
v -1.668 21.153 0.37
v -0.9 21.283 0.283
v -1.668 21.283 0.283
v -0.9 21.37 0.153
v -1.668 21.37 0.153
v -0.9 21.4 0
v -1.668 21.4 0
v -0.9 16.286 0.896
v -0.9 16.491 0.649
v -0.9 16.829 0.466
v -5.391 27.989 3.96
v -5.209 28.226 3.96
v -4.956 28.388 3.96
v -5.077 28.78 3.451
v -4.86 28.78 3.591
v -5.219 28.78 3.254
v -5.697 28.226 3.462
v -5.74 27.989 3.598
v -5.668 28.388 3.254
v 2.4 34.6 0
v 2.217 34.6 0.918
v 1.697 34.6 1.697
v 1.697 28.78 1.697
v 0.918 28.78 2.217
v 0.918 34.6 2.217
v 2.217 28.78 0.918
v 2.4 28.78 0
v 4.896 26.77 0
v 4.923 26.62 0.765
v 5.004 26.168 1.414
v 5.117 25.535 1.848
v 5.243 24.8 2
v 5.382 24.053 1.848
v 5.499 23.404 1.414
v 5.574 22.977 0.765
v 5.594 22.833 0
v 6.526 22.999 0
v 6.496 23.149 0.765
v 6.417 23.576 1.414
v 6.308 24.216 1.848
v 6.172 24.969 2
v 6.039 25.722 1.848
v 5.926 26.362 1.414
v 5.847 26.789 0.765
v 5.821 26.939 0
v 6.4 16.02 0
v 6.4 16.02 3
v 6.4 16.02 3
v 5.867 27.264 0.956
v 5.834 27.451 0
v 5.965 26.73 1.767
v 6.106 25.931 2.309
v 6.272 24.99 2.499
v 6.443 24.049 2.309
v 6.579 23.25 1.767
v 7.7 16.02 3
v 7.7 16.02 0
v 7.7 17 3
v 7.7 17 0
v 6.678 22.717 0.956
v 4.817 27.2 3
v 4.817 27.2 3
v 4.817 27.2 0
v 6.715 22.529 0
v 6.4 18.4 3
v 6.4 18.4 3
v 6.4 18.4 0
v 5.766 27.243 0.956
v 5.733 27.43 0
v 5.864 26.709 1.767
v 6.005 25.91 2.309
v 6.171 24.969 2.499
v 6.342 24.028 2.309
v 6.478 23.229 1.767
v 6.577 22.696 0.956
v 6.614 22.508 0
v 6.698 16.02 3.96
v 7.398 16.02 3.96
v 7.398 16.02 3.96
v 7.513 16.02 3.937
v 7.611 16.02 3.872
v 7.677 16.02 3.775
v 7.7 16.02 3.66
v 7.7 16.02 3.66
v 7.398 17 3.96
v 7.677 17 3.775
v 7.7 17 3.66
v 7.7 17 3.66
v 7.7 17 3.66
v 6.462 22.231 3.96
v 6.765 22.231 3.66
v 5.783 27.748 3.66
v 5.482 27.749 3.96
v 5.3 28.78 3
v 5.3 28.78 0
v 5.652 28.485 0
v 5.652 28.485 3
v 4.651 28.48 3.96
v 4.598 28.78 3.66
v 4.4 16.15 2.4
v 4.4 16.15 2.4
v 4.4 16.15 3
v 3.6 16.15 3
v 3.6 16.15 2.4
v 3.6 16.15 2.4
v 4.4 27.2 2.4
v 3.6 27.2 2.4
v 1.667 16.858 0.439
v 1.667 17.2 0.4
v 3 16.15 3
v 2.816 16.15 2.449
v 2.543 16.15 1.947
v 2.146 16.15 1.537
v 2.201 16.15 3
v 2.081 16.15 2.636
v 1.902 16.15 2.308
v 1.643 16.15 2.04
v 1.352 16.15 1.852
v 1.151 16.15 1.724
v 1.002 16.15 1.579
v 0.917 16.15 1.383
v 0.9 16.15 1.2
v 1.863 16.15 1.354
v 1.758 16.15 1.268
v 1.685 16.165 1.131
v 1.667 16.199 1.003
v 1.667 16.521 0.573
v 0.9 21 0.4
v 0.9 17.2 0.4
v 1.667 16.316 0.8
v 0.9 21.153 0.37
v 1.668 21 0.4
v 1.668 21.153 0.37
v 0.9 21.283 0.283
v 1.668 21.283 0.283
v 0.9 21.37 0.153
v 1.668 21.37 0.153
v 0.9 21.4 0
v 1.668 21.4 0
v 0.9 16.286 0.896
v 0.9 16.491 0.649
v 0.9 16.829 0.466
v 5.391 27.989 3.96
v 5.209 28.226 3.96
v 4.956 28.388 3.96
v 5.077 28.78 3.451
v 4.86 28.78 3.591
v 5.219 28.78 3.254
v 5.697 28.226 3.462
v 5.74 27.989 3.598
v 5.668 28.388 3.254
v -2.217 34.6 -0.918
v -1.697 34.6 -1.697
v -1.697 28.78 -1.697
v -0.918 28.78 -2.217
v 0 28.78 -2.4
v 0 34.6 -2.4
v -0.918 34.6 -2.217
v -2.217 28.78 -0.918
v -4.923 26.62 -0.765
v -5.004 26.168 -1.414
v -5.117 25.535 -1.848
v -5.243 24.8 -2
v -5.382 24.053 -1.848
v -5.499 23.404 -1.414
v -5.574 22.977 -0.765
v -6.496 23.149 -0.765
v -6.417 23.576 -1.414
v -6.308 24.216 -1.848
v -6.172 24.969 -2
v -6.039 25.722 -1.848
v -5.926 26.362 -1.414
v -5.847 26.789 -0.765
v -6.4 16.02 -3
v -6.4 16.02 -3
v -5.867 27.264 -0.956
v -5.965 26.73 -1.767
v -6.106 25.931 -2.309
v -6.272 24.99 -2.499
v -6.443 24.049 -2.309
v -6.579 23.25 -1.767
v -7.7 16.02 -3
v -7.7 17 -3
v -6.678 22.717 -0.956
v -4.817 27.2 -3
v -4.817 27.2 -3
v -6.4 18.4 -3
v -6.4 18.4 -3
v 0 27.2 -3
v -5.766 27.243 -0.956
v -5.864 26.709 -1.767
v -6.005 25.91 -2.309
v -6.171 24.969 -2.499
v -6.342 24.028 -2.309
v -6.478 23.229 -1.767
v -6.577 22.696 -0.956
v 0 16.02 -3
v 0 16.02 -3.96
v -6.698 16.02 -3.96
v -7.398 16.02 -3.96
v -7.398 16.02 -3.96
v -7.513 16.02 -3.937
v -7.611 16.02 -3.872
v -7.677 16.02 -3.775
v -7.7 16.02 -3.66
v -7.7 16.02 -3.66
v -7.398 17 -3.96
v -7.677 17 -3.775
v -7.7 17 -3.66
v -7.7 17 -3.66
v -7.7 17 -3.66
v -6.462 22.231 -3.96
v -6.765 22.231 -3.66
v -5.783 27.748 -3.66
v -5.482 27.749 -3.96
v -5.3 28.78 -3
v -5.652 28.485 -3
v -4.651 28.48 -3.96
v 0 28.48 -3.96
v 0 28.78 -3.66
v -4.598 28.78 -3.66
v -4.4 16.15 -2.4
v -4.4 16.15 -2.4
v -4.4 16.15 -3
v -3.6 16.15 -3
v -3.6 16.15 -2.4
v -3.6 16.15 -2.4
v -4.4 27.2 -2.4
v -3.6 27.2 -2.4
v -1.667 16.858 -0.439
v -1.667 17.2 -0.4
v -3 16.15 -3
v -2.816 16.15 -2.449
v -2.543 16.15 -1.947
v -2.146 16.15 -1.537
v -2.201 16.15 -3
v -2.081 16.15 -2.636
v -1.902 16.15 -2.308
v -1.643 16.15 -2.04
v -1.352 16.15 -1.852
v -1.151 16.15 -1.724
v -1.002 16.15 -1.579
v -0.917 16.15 -1.383
v -0.9 16.15 -1.2
v -1.863 16.15 -1.354
v -1.758 16.15 -1.268
v -1.685 16.165 -1.131
v -1.667 16.199 -1.003
v -1.667 16.521 -0.573
v -0.9 21 -0.4
v -0.9 17.2 -0.4
v -1.667 16.316 -0.8
v -0.9 21.153 -0.37
v -1.668 21 -0.4
v -1.668 21.153 -0.37
v -0.9 21.283 -0.283
v -1.668 21.283 -0.283
v -0.9 21.37 -0.153
v -1.668 21.37 -0.153
v -0.9 16.286 -0.896
v -0.9 16.491 -0.649
v -0.9 16.829 -0.466
v -5.391 27.989 -3.96
v -5.209 28.226 -3.96
v -4.956 28.388 -3.96
v -5.077 28.78 -3.451
v -4.86 28.78 -3.591
v -5.219 28.78 -3.254
v -5.697 28.226 -3.462
v -5.74 27.989 -3.598
v -5.668 28.388 -3.254
v 2.217 34.6 -0.918
v 1.697 34.6 -1.697
v 1.697 28.78 -1.697
v 0.918 28.78 -2.217
v 0.918 34.6 -2.217
v 2.217 28.78 -0.918
v 4.923 26.62 -0.765
v 5.004 26.168 -1.414
v 5.117 25.535 -1.848
v 5.243 24.8 -2
v 5.382 24.053 -1.848
v 5.499 23.404 -1.414
v 5.574 22.977 -0.765
v 6.496 23.149 -0.765
v 6.417 23.576 -1.414
v 6.308 24.216 -1.848
v 6.172 24.969 -2
v 6.039 25.722 -1.848
v 5.926 26.362 -1.414
v 5.847 26.789 -0.765
v 6.4 16.02 -3
v 6.4 16.02 -3
v 5.867 27.264 -0.956
v 5.965 26.73 -1.767
v 6.106 25.931 -2.309
v 6.272 24.99 -2.499
v 6.443 24.049 -2.309
v 6.579 23.25 -1.767
v 7.7 16.02 -3
v 7.7 17 -3
v 6.678 22.717 -0.956
v 4.817 27.2 -3
v 4.817 27.2 -3
v 6.4 18.4 -3
v 6.4 18.4 -3
v 5.766 27.243 -0.956
v 5.864 26.709 -1.767
v 6.005 25.91 -2.309
v 6.171 24.969 -2.499
v 6.342 24.028 -2.309
v 6.478 23.229 -1.767
v 6.577 22.696 -0.956
v 6.698 16.02 -3.96
v 7.398 16.02 -3.96
v 7.398 16.02 -3.96
v 7.513 16.02 -3.937
v 7.611 16.02 -3.872
v 7.677 16.02 -3.775
v 7.7 16.02 -3.66
v 7.7 16.02 -3.66
v 7.398 17 -3.96
v 7.677 17 -3.775
v 7.7 17 -3.66
v 7.7 17 -3.66
v 7.7 17 -3.66
v 6.462 22.231 -3.96
v 6.765 22.231 -3.66
v 5.783 27.748 -3.66
v 5.482 27.749 -3.96
v 5.3 28.78 -3
v 5.652 28.485 -3
v 4.651 28.48 -3.96
v 4.598 28.78 -3.66
v 4.4 16.15 -2.4
v 4.4 16.15 -2.4
v 4.4 16.15 -3
v 3.6 16.15 -3
v 3.6 16.15 -2.4
v 3.6 16.15 -2.4
v 4.4 27.2 -2.4
v 3.6 27.2 -2.4
v 1.667 16.858 -0.439
v 1.667 17.2 -0.4
v 3 16.15 -3
v 2.816 16.15 -2.449
v 2.543 16.15 -1.947
v 2.146 16.15 -1.537
v 2.201 16.15 -3
v 2.081 16.15 -2.636
v 1.902 16.15 -2.308
v 1.643 16.15 -2.04
v 1.352 16.15 -1.852
v 1.151 16.15 -1.724
v 1.002 16.15 -1.579
v 0.917 16.15 -1.383
v 0.9 16.15 -1.2
v 1.863 16.15 -1.354
v 1.758 16.15 -1.268
v 1.685 16.165 -1.131
v 1.667 16.199 -1.003
v 1.667 16.521 -0.573
v 0.9 21 -0.4
v 0.9 17.2 -0.4
v 1.667 16.316 -0.8
v 0.9 21.153 -0.37
v 1.668 21 -0.4
v 1.668 21.153 -0.37
v 0.9 21.283 -0.283
v 1.668 21.283 -0.283
v 0.9 21.37 -0.153
v 1.668 21.37 -0.153
v 0.9 16.286 -0.896
v 0.9 16.491 -0.649
v 0.9 16.829 -0.466
v 5.391 27.989 -3.96
v 5.209 28.226 -3.96
v 4.956 28.388 -3.96
v 5.077 28.78 -3.451
v 4.86 28.78 -3.591
v 5.219 28.78 -3.254
v 5.697 28.226 -3.462
v 5.74 27.989 -3.598
v 5.668 28.388 -3.254
vt 0.95 0.065
vt 0.951 0.065
vt 0.954 0.065
vt 0.954 0.065
vt 0.952 0.065
vt 0.954 0.065
vt 0.954 0.065
vt 0.951 0.065
vt 0.952 0.065
vt 0.954 0.065
vt 0.95 0.065
vt 0.95 0.065
vt 0.822 0.469
vt 0.807 0.469
vt 0.822 0.38
vt 0.807 0.469
vt 0.807 0.38
vt 0.822 0.38
vt 0.822 0.38
vt 0.836 0.38
vt 0.822 0.469
vt 0.836 0.38
vt 0.836 0.469
vt 0.822 0.469
vt 0.836 0.38
vt 0.851 0.38
vt 0.836 0.469
vt 0.851 0.38
vt 0.851 0.469
vt 0.836 0.469
vt 0.865 0.38
vt 0.865 0.469
vt 0.851 0.38
vt 0.865 0.469
vt 0.851 0.469
vt 0.851 0.38
vt 0.248 0.906
vt 0.228 0.906
vt 0.248 0.732
vt 0.228 0.906
vt 0.228 0.732
vt 0.248 0.732
vt 0.248 0.732
vt 0.228 0.732
vt 0.248 0.568
vt 0.228 0.732
vt 0.228 0.568
vt 0.248 0.568
vt 0.289 0.568
vt 0.289 0.537
vt 0.499 0.568
vt 0.289 0.537
vt 0.499 0.537
vt 0.499 0.568
vt 0.318 0.732
vt 0.349 0.905
vt 0.296 0.732
vt 0.349 0.905
vt 0.327 0.905
vt 0.296 0.732
vt 0.944 0.044
vt 0.942 0.044
vt 0.944 0.044
vt 0.942 0.044
vt 0.942 0.044
vt 0.944 0.044
vt 0.944 0.044
vt 0.942 0.044
vt 0.944 0.045
vt 0.942 0.044
vt 0.943 0.045
vt 0.944 0.045
vt 0.944 0.046
vt 0.944 0.045
vt 0.943 0.046
vt 0.944 0.045
vt 0.943 0.045
vt 0.943 0.046
vt 0.945 0.047
vt 0.944 0.046
vt 0.943 0.048
vt 0.944 0.046
vt 0.943 0.046
vt 0.943 0.048
vt 0.945 0.049
vt 0.945 0.047
vt 0.943 0.049
vt 0.945 0.047
vt 0.943 0.048
vt 0.943 0.049
vt 0.945 0.049
vt 0.943 0.049
vt 0.945 0.05
vt 0.943 0.049
vt 0.943 0.05
vt 0.945 0.05
vt 0.945 0.05
vt 0.945 0.05
vt 0.944 0.051
vt 0.945 0.05
vt 0.943 0.05
vt 0.944 0.051
vt 0.945 0.051
vt 0.945 0.05
vt 0.944 0.051
vt 0.945 0.05
vt 0.944 0.051
vt 0.944 0.051
vt 0.94 0.032
vt 0.94 0.032
vt 0.943 0.032
vt 0.94 0.032
vt 0.943 0.032
vt 0.943 0.032
vt 0.942 0.043
vt 0.942 0.043
vt 0.942 0.044
vt 0.942 0.043
vt 0.942 0.043
vt 0.942 0.044
vt 0.941 0.032
vt 0.941 0.032
vt 0.942 0.032
vt 0.941 0.032
vt 0.943 0.032
vt 0.942 0.032
vt 0.228 0.732
vt 0.133 0.732
vt 0.228 0.568
vt 0.133 0.732
vt 0.133 0.568
vt 0.228 0.568
vt 0.289 0.568
vt 0.267 0.568
vt 0.289 0.537
vt 0.267 0.568
vt 0.267 0.537
vt 0.289 0.537
vt 0.942 0.044
vt 0.942 0.043
vt 0.942 0.044
vt 0.942 0.043
vt 0.942 0.044
vt 0.942 0.044
vt 0.318 0.732
vt 0.296 0.732
vt 0.289 0.568
vt 0.296 0.732
vt 0.267 0.568
vt 0.289 0.568
vt 0.943 0.046
vt 0.942 0.044
vt 0.943 0.046
vt 0.942 0.044
vt 0.942 0.044
vt 0.943 0.046
vt 0.946 0.054
vt 0.945 0.054
vt 0.946 0.054
vt 0.945 0.054
vt 0.945 0.054
vt 0.946 0.054
vt 0.943 0.048
vt 0.943 0.046
vt 0.943 0.048
vt 0.943 0.046
vt 0.943 0.046
vt 0.943 0.048
vt 0.943 0.049
vt 0.943 0.048
vt 0.943 0.049
vt 0.943 0.048
vt 0.943 0.048
vt 0.943 0.049
vt 0.944 0.051
vt 0.943 0.049
vt 0.943 0.051
vt 0.943 0.049
vt 0.943 0.049
vt 0.943 0.051
vt 0.944 0.052
vt 0.944 0.051
vt 0.944 0.052
vt 0.944 0.051
vt 0.943 0.051
vt 0.944 0.052
vt 0.228 0.568
vt 0.133 0.568
vt 0.228 0.537
vt 0.133 0.568
vt 0.133 0.537
vt 0.228 0.537
vt 0.945 0.051
vt 0.945 0.052
vt 0.945 0.052
vt 0.944 0.052
vt 0.944 0.052
vt 0.944 0.052
vt 0.944 0.052
vt 0.944 0.052
vt 0.944 0.052
vt 0.944 0.044
vt 0.944 0.044
vt 0.943 0.036
vt 0.943 0.036
vt 0.954 0.036
vt 0.943 0.032
vt 0.954 0.036
vt 0.954 0.032
vt 0.943 0.032
vt 0.944 0.045
vt 0.943 0.036
vt 0.944 0.044
vt 0.944 0.046
vt 0.943 0.036
vt 0.944 0.045
vt 0.954 0.052
vt 0.954 0.052
vt 0.945 0.052
vt 0.954 0.052
vt 0.945 0.052
vt 0.945 0.052
vt 0.944 0.046
vt 0.945 0.047
vt 0.943 0.036
vt 0.943 0.032
vt 0.943 0.032
vt 0.943 0.036
vt 0.943 0.032
vt 0.943 0.036
vt 0.943 0.036
vt 0.945 0.052
vt 0.945 0.05
vt 0.945 0.05
vt 0.945 0.052
vt 0.945 0.049
vt 0.945 0.05
vt 0.945 0.052
vt 0.945 0.05
vt 0.945 0.051
vt 0.945 0.052
vt 0.945 0.047
vt 0.945 0.049
vt 0.943 0.036
vt 0.945 0.052
vt 0.954 0.036
vt 0.945 0.052
vt 0.954 0.052
vt 0.954 0.036
vt 0.945 0.047
vt 0.945 0.052
vt 0.943 0.036
vt 0.944 0.051
vt 0.944 0.051
vt 0.944 0.052
vt 0.944 0.051
vt 0.944 0.052
vt 0.944 0.052
vt 0.944 0.051
vt 0.943 0.05
vt 0.944 0.052
vt 0.943 0.05
vt 0.944 0.051
vt 0.944 0.052
vt 0.943 0.05
vt 0.943 0.049
vt 0.944 0.051
vt 0.943 0.049
vt 0.943 0.049
vt 0.944 0.051
vt 0.943 0.049
vt 0.943 0.048
vt 0.943 0.049
vt 0.943 0.048
vt 0.943 0.048
vt 0.943 0.049
vt 0.943 0.048
vt 0.943 0.046
vt 0.943 0.048
vt 0.943 0.046
vt 0.943 0.046
vt 0.943 0.048
vt 0.943 0.046
vt 0.943 0.045
vt 0.943 0.046
vt 0.943 0.045
vt 0.942 0.044
vt 0.943 0.046
vt 0.943 0.045
vt 0.942 0.044
vt 0.942 0.044
vt 0.942 0.044
vt 0.942 0.043
vt 0.942 0.044
vt 0.942 0.044
vt 0.942 0.044
vt 0.942 0.043
vt 0.942 0.044
vt 0.942 0.043
vt 0.942 0.043
vt 0.133 0.732
vt 0.228 0.732
vt 0.163 0.748
vt 0.163 0.748
vt 0.228 0.732
vt 0.189 0.764
vt 0.189 0.764
vt 0.228 0.732
vt 0.206 0.789
vt 0.206 0.789
vt 0.228 0.732
vt 0.212 0.819
vt 0.212 0.819
vt 0.228 0.732
vt 0.228 0.906
vt 0.133 0.742
vt 0.133 0.732
vt 0.163 0.748
vt 0.206 0.849
vt 0.212 0.819
vt 0.228 0.906
vt 0.189 0.874
vt 0.206 0.849
vt 0.228 0.906
vt 0.163 0.891
vt 0.189 0.874
vt 0.228 0.906
vt 0.228 0.906
vt 0.133 0.906
vt 0.163 0.891
vt 0.133 0.906
vt 0.133 0.896
vt 0.163 0.891
vt 0.954 0.032
vt 0.942 0.032
vt 0.954 0.032
vt 0.942 0.032
vt 0.943 0.032
vt 0.954 0.032
vt 0.944 0.044
vt 0.943 0.036
vt 0.943 0.036
vt 0.228 0.537
vt 0.248 0.537
vt 0.228 0.568
vt 0.248 0.537
vt 0.248 0.568
vt 0.228 0.568
vt 0.946 0.054
vt 0.954 0.054
vt 0.946 0.054
vt 0.954 0.054
vt 0.954 0.054
vt 0.946 0.054
vt 0.499 0.732
vt 0.499 0.905
vt 0.318 0.732
vt 0.499 0.905
vt 0.349 0.905
vt 0.318 0.732
vt 0.289 0.568
vt 0.499 0.568
vt 0.318 0.732
vt 0.499 0.568
vt 0.499 0.732
vt 0.318 0.732
vt 0.941 0.032
vt 0.94 0.032
vt 0.943 0.032
vt 0.94 0.032
vt 0.94 0.032
vt 0.943 0.032
vt 0.228 0.929
vt 0.133 0.929
vt 0.228 0.906
vt 0.133 0.929
vt 0.133 0.906
vt 0.228 0.906
vt 0.95 0.054
vt 0.95 0.054
vt 0.946 0.054
vt 0.95 0.054
vt 0.946 0.054
vt 0.946 0.054
vt 0.951 0.054
vt 0.95 0.054
vt 0.946 0.054
vt 0.952 0.054
vt 0.951 0.054
vt 0.946 0.054
vt 0.946 0.054
vt 0.954 0.054
vt 0.952 0.054
vt 0.954 0.054
vt 0.954 0.054
vt 0.952 0.054
vt 0.941 0.032
vt 0.941 0.032
vt 0.941 0.032
vt 0.941 0.032
vt 0.94 0.032
vt 0.941 0.032
vt 0.94 0.032
vt 0.94 0.032
vt 0.941 0.032
vt 0.94 0.032
vt 0.94 0.032
vt 0.941 0.032
vt 0.335 0.92
vt 0.33 0.912
vt 0.349 0.905
vt 0.248 0.906
vt 0.246 0.913
vt 0.228 0.906
vt 0.228 0.906
vt 0.242 0.921
vt 0.236 0.926
vt 0.335 0.92
vt 0.349 0.905
vt 0.343 0.925
vt 0.946 0.054
vt 0.945 0.054
vt 0.945 0.054
vt 0.946 0.054
vt 0.946 0.054
vt 0.945 0.054
vt 0.349 0.905
vt 0.353 0.928
vt 0.343 0.925
vt 0.941 0.032
vt 0.941 0.033
vt 0.941 0.032
vt 0.941 0.033
vt 0.941 0.033
vt 0.941 0.032
vt 0.941 0.032
vt 0.941 0.033
vt 0.94 0.032
vt 0.941 0.033
vt 0.94 0.033
vt 0.94 0.032
vt 0.94 0.032
vt 0.94 0.033
vt 0.94 0.032
vt 0.94 0.033
vt 0.94 0.033
vt 0.94 0.032
vt 0.94 0.032
vt 0.94 0.033
vt 0.94 0.032
vt 0.94 0.033
vt 0.94 0.033
vt 0.94 0.032
vt 0.228 0.929
vt 0.228 0.906
vt 0.236 0.926
vt 0.941 0.033
vt 0.942 0.043
vt 0.941 0.033
vt 0.942 0.043
vt 0.942 0.043
vt 0.941 0.033
vt 0.941 0.033
vt 0.942 0.043
vt 0.94 0.033
vt 0.942 0.043
vt 0.942 0.043
vt 0.94 0.033
vt 0.94 0.033
vt 0.942 0.043
vt 0.94 0.033
vt 0.942 0.043
vt 0.942 0.043
vt 0.94 0.033
vt 0.94 0.033
vt 0.942 0.043
vt 0.94 0.033
vt 0.942 0.043
vt 0.942 0.043
vt 0.94 0.033
vt 0.944 0.053
vt 0.942 0.043
vt 0.944 0.053
vt 0.942 0.043
vt 0.942 0.043
vt 0.944 0.053
vt 0.944 0.053
vt 0.942 0.043
vt 0.944 0.053
vt 0.942 0.043
vt 0.942 0.043
vt 0.944 0.053
vt 0.944 0.053
vt 0.942 0.043
vt 0.944 0.053
vt 0.942 0.043
vt 0.942 0.043
vt 0.944 0.053
vt 0.944 0.053
vt 0.942 0.043
vt 0.944 0.053
vt 0.942 0.043
vt 0.942 0.043
vt 0.944 0.053
vt 0.945 0.054
vt 0.945 0.054
vt 0.946 0.054
vt 0.228 0.906
vt 0.246 0.913
vt 0.242 0.921
vt 0.945 0.054
vt 0.945 0.054
vt 0.944 0.054
vt 0.945 0.054
vt 0.944 0.054
vt 0.944 0.054
vt 0.944 0.054
vt 0.944 0.054
vt 0.944 0.054
vt 0.944 0.054
vt 0.944 0.054
vt 0.944 0.054
vt 0.944 0.054
vt 0.944 0.054
vt 0.944 0.054
vt 0.944 0.054
vt 0.944 0.054
vt 0.944 0.054
vt 0.944 0.054
vt 0.944 0.054
vt 0.944 0.054
vt 0.944 0.054
vt 0.944 0.054
vt 0.944 0.054
vt 0.946 0.054
vt 0.945 0.054
vt 0.945 0.054
vt 0.33 0.912
vt 0.327 0.905
vt 0.349 0.905
vt 0.946 0.054
vt 0.954 0.054
vt 0.946 0.054
vt 0.954 0.054
vt 0.954 0.054
vt 0.946 0.054
vt 0.946 0.054
vt 0.954 0.054
vt 0.946 0.054
vt 0.954 0.054
vt 0.954 0.054
vt 0.946 0.054
vt 0.946 0.054
vt 0.954 0.054
vt 0.946 0.054
vt 0.954 0.054
vt 0.954 0.054
vt 0.946 0.054
vt 0.946 0.054
vt 0.954 0.054
vt 0.946 0.054
vt 0.954 0.054
vt 0.954 0.054
vt 0.946 0.054
vt 0.499 0.905
vt 0.499 0.928
vt 0.349 0.905
vt 0.499 0.928
vt 0.353 0.928
vt 0.349 0.905
vt 0.946 0.032
vt 0.946 0.032
vt 0.948 0.032
vt 0.946 0.032
vt 0.948 0.032
vt 0.948 0.032
vt 0.946 0.032
vt 0.946 0.052
vt 0.948 0.032
vt 0.946 0.052
vt 0.948 0.052
vt 0.948 0.032
vt 0.948 0.032
vt 0.948 0.052
vt 0.948 0.032
vt 0.948 0.052
vt 0.948 0.052
vt 0.948 0.032
vt 0.946 0.032
vt 0.946 0.052
vt 0.946 0.032
vt 0.946 0.052
vt 0.946 0.052
vt 0.946 0.032
vt 0.949 0.032
vt 0.95 0.032
vt 0.949 0.032
vt 0.95 0.032
vt 0.95 0.032
vt 0.949 0.032
vt 0.949 0.032
vt 0.951 0.032
vt 0.949 0.032
vt 0.951 0.032
vt 0.95 0.032
vt 0.949 0.032
vt 0.95 0.032
vt 0.951 0.032
vt 0.949 0.032
vt 0.951 0.032
vt 0.951 0.032
vt 0.949 0.032
vt 0.952 0.032
vt 0.951 0.032
vt 0.951 0.032
vt 0.951 0.032
vt 0.95 0.032
vt 0.951 0.032
vt 0.951 0.032
vt 0.952 0.032
vt 0.952 0.032
vt 0.952 0.032
vt 0.952 0.032
vt 0.951 0.032
vt 0.952 0.032
vt 0.951 0.032
vt 0.951 0.032
vt 0.952 0.032
vt 0.952 0.032
vt 0.951 0.032
vt 0.952 0.032
vt 0.951 0.032
vt 0.951 0.032
vt 0.951 0.032
vt 0.952 0.032
vt 0.951 0.032
vt 0.952 0.032
vt 0.952 0.032
vt 0.951 0.032
vt 0.952 0.033
vt 0.952 0.032
vt 0.951 0.033
vt 0.952 0.032
vt 0.951 0.032
vt 0.951 0.033
vt 0.952 0.032
vt 0.952 0.032
vt 0.951 0.032
vt 0.952 0.032
vt 0.951 0.032
vt 0.951 0.032
vt 0.951 0.032
vt 0.951 0.032
vt 0.951 0.052
vt 0.951 0.032
vt 0.951 0.052
vt 0.951 0.052
vt 0.951 0.032
vt 0.951 0.032
vt 0.951 0.052
vt 0.951 0.032
vt 0.951 0.052
vt 0.951 0.052
vt 0.95 0.032
vt 0.95 0.032
vt 0.95 0.052
vt 0.95 0.032
vt 0.95 0.052
vt 0.95 0.052
vt 0.952 0.032
vt 0.952 0.032
vt 0.952 0.052
vt 0.952 0.032
vt 0.952 0.052
vt 0.952 0.052
vt 0.952 0.034
vt 0.952 0.033
vt 0.951 0.034
vt 0.952 0.033
vt 0.951 0.033
vt 0.951 0.034
vt 0.95 0.032
vt 0.949 0.032
vt 0.95 0.052
vt 0.949 0.032
vt 0.949 0.052
vt 0.95 0.052
vt 0.952 0.032
vt 0.952 0.032
vt 0.952 0.052
vt 0.952 0.032
vt 0.952 0.052
vt 0.952 0.052
vt 0.949 0.032
vt 0.949 0.032
vt 0.949 0.052
vt 0.949 0.032
vt 0.949 0.052
vt 0.949 0.052
vt 0.951 0.032
vt 0.951 0.032
vt 0.951 0.052
vt 0.951 0.032
vt 0.951 0.052
vt 0.951 0.052
vt 0.952 0.032
vt 0.952 0.034
vt 0.952 0.052
vt 0.952 0.034
vt 0.952 0.04
vt 0.952 0.052
vt 0.951 0.032
vt 0.95 0.032
vt 0.951 0.052
vt 0.95 0.032
vt 0.95 0.052
vt 0.951 0.052
vt 0.951 0.032
vt 0.952 0.032
vt 0.951 0.052
vt 0.952 0.032
vt 0.952 0.052
vt 0.951 0.052
vt 0.95 0.032
vt 0.951 0.032
vt 0.95 0.052
vt 0.951 0.032
vt 0.951 0.052
vt 0.95 0.052
vt 0.952 0.032
vt 0.952 0.032
vt 0.952 0.052
vt 0.952 0.032
vt 0.952 0.052
vt 0.952 0.052
vt 0.952 0.032
vt 0.952 0.032
vt 0.952 0.052
vt 0.952 0.032
vt 0.952 0.052
vt 0.952 0.052
vt 0.951 0.032
vt 0.951 0.032
vt 0.951 0.052
vt 0.951 0.032
vt 0.951 0.052
vt 0.951 0.052
vt 0.949 0.032
vt 0.949 0.032
vt 0.949 0.052
vt 0.949 0.032
vt 0.949 0.052
vt 0.949 0.052
vt 0.952 0.04
vt 0.951 0.04
vt 0.952 0.041
vt 0.951 0.04
vt 0.951 0.041
vt 0.952 0.041
vt 0.952 0.041
vt 0.951 0.041
vt 0.952 0.041
vt 0.951 0.041
vt 0.951 0.041
vt 0.952 0.041
vt 0.952 0.041
vt 0.951 0.041
vt 0.952 0.041
vt 0.951 0.041
vt 0.951 0.041
vt 0.952 0.041
vt 0.952 0.041
vt 0.951 0.041
vt 0.952 0.041
vt 0.951 0.041
vt 0.951 0.041
vt 0.952 0.041
vt 0.951 0.052
vt 0.951 0.041
vt 0.951 0.041
vt 0.951 0.052
vt 0.951 0.041
vt 0.951 0.041
vt 0.951 0.052
vt 0.951 0.041
vt 0.951 0.041
vt 0.951 0.052
vt 0.951 0.041
vt 0.951 0.04
vt 0.952 0.052
vt 0.952 0.04
vt 0.952 0.041
vt 0.952 0.052
vt 0.952 0.041
vt 0.952 0.041
vt 0.952 0.052
vt 0.952 0.041
vt 0.952 0.041
vt 0.952 0.052
vt 0.952 0.041
vt 0.952 0.041
vt 0.952 0.041
vt 0.952 0.052
vt 0.952 0.052
vt 0.951 0.052
vt 0.951 0.052
vt 0.951 0.041
vt 0.951 0.032
vt 0.951 0.032
vt 0.952 0.032
vt 0.951 0.032
vt 0.952 0.032
vt 0.952 0.032
vt 0.952 0.032
vt 0.952 0.033
vt 0.952 0.032
vt 0.952 0.034
vt 0.952 0.032
vt 0.952 0.033
vt 0.952 0.032
vt 0.952 0.032
vt 0.952 0.033
vt 0.952 0.04
vt 0.952 0.034
vt 0.951 0.04
vt 0.952 0.034
vt 0.951 0.034
vt 0.951 0.04
vt 0.951 0.04
vt 0.951 0.034
vt 0.951 0.052
vt 0.951 0.034
vt 0.951 0.032
vt 0.951 0.052
vt 0.951 0.033
vt 0.951 0.032
vt 0.951 0.034
vt 0.951 0.032
vt 0.951 0.032
vt 0.951 0.034
vt 0.951 0.032
vt 0.951 0.032
vt 0.951 0.033
vt 0.944 0.053
vt 0.944 0.053
vt 0.944 0.053
vt 0.944 0.053
vt 0.944 0.053
vt 0.944 0.053
vt 0.944 0.053
vt 0.944 0.053
vt 0.944 0.053
vt 0.944 0.053
vt 0.944 0.053
vt 0.944 0.053
vt 0.944 0.053
vt 0.944 0.053
vt 0.944 0.053
vt 0.944 0.053
vt 0.944 0.053
vt 0.944 0.053
vt 0.944 0.053
vt 0.944 0.053
vt 0.944 0.053
vt 0.944 0.053
vt 0.944 0.053
vt 0.944 0.053
vt 0.945 0.053
vt 0.944 0.053
vt 0.944 0.053
vt 0.944 0.053
vt 0.944 0.053
vt 0.944 0.053
vt 0.944 0.053
vt 0.944 0.053
vt 0.944 0.053
vt 0.944 0.053
vt 0.944 0.053
vt 0.944 0.053
vt 0.944 0.053
vt 0.944 0.053
vt 0.944 0.053
vt 0.944 0.053
vt 0.944 0.053
vt 0.944 0.053
vt 0.944 0.053
vt 0.944 0.053
vt 0.944 0.053
vt 0.944 0.053
vt 0.944 0.053
vt 0.944 0.053
vt 0.945 0.054
vt 0.945 0.054
vt 0.945 0.053
vt 0.944 0.054
vt 0.944 0.054
vt 0.944 0.053
vt 0.944 0.054
vt 0.944 0.053
vt 0.944 0.053
vt 0.944 0.054
vt 0.944 0.054
vt 0.944 0.053
vt 0.944 0.054
vt 0.944 0.053
vt 0.944 0.053
vt 0.944 0.054
vt 0.944 0.054
vt 0.944 0.054
vt 0.944 0.054
vt 0.944 0.054
vt 0.944 0.054
vt 0.944 0.054
vt 0.944 0.054
vt 0.944 0.054
vt 0.944 0.054
vt 0.944 0.054
vt 0.944 0.054
vt 0.945 0.054
vt 0.944 0.054
vt 0.944 0.054
vt 0.944 0.054
vt 0.944 0.054
vt 0.944 0.054
vt 0.945 0.054
vt 0.945 0.054
vt 0.945 0.054
vt 0.945 0.054
vt 0.944 0.054
vt 0.945 0.054
vt 0.945 0.054
vt 0.945 0.054
vt 0.945 0.054
vt 0.945 0.054
vt 0.945 0.054
vt 0.945 0.054
vt 0.944 0.054
vt 0.944 0.054
vt 0.944 0.054
vt 0.944 0.054
vt 0.944 0.054
vt 0.944 0.054
vt 0.944 0.054
vt 0.944 0.054
vt 0.945 0.054
vt 0.944 0.054
vt 0.944 0.054
vt 0.945 0.054
vt 0.945 0.054
vt 0.944 0.054
vt 0.945 0.054
vt 0.944 0.054
vt 0.945 0.054
vt 0.945 0.054
vt 0.945 0.054
vt 0.945 0.054
vt 0.945 0.054
vt 0.945 0.054
vt 0.945 0.054
vt 0.945 0.054
vt 0.944 0.054
vt 0.944 0.054
vt 0.944 0.054
vt 0.944 0.054
vt 0.944 0.054
vt 0.944 0.054
vt 0.945 0.054
vt 0.945 0.054
vt 0.945 0.054
vt 0.945 0.054
vt 0.945 0.054
vt 0.945 0.054
vt 0.944 0.054
vt 0.944 0.054
vt 0.944 0.054
vt 0.944 0.054
vt 0.944 0.054
vt 0.944 0.054
vt 0.944 0.054
vt 0.944 0.054
vt 0.944 0.054
vt 0.944 0.054
vt 0.944 0.054
vt 0.944 0.054
vt 0.944 0.054
vt 0.944 0.054
vt 0.944 0.054
vt 0.944 0.054
vt 0.944 0.054
vt 0.945 0.054
vt 0.944 0.054
vt 0.945 0.054
vt 0.945 0.054
vt 0.945 0.054
vt 0.944 0.054
vt 0.944 0.054
vt 0.944 0.054
vt 0.944 0.054
vt 0.944 0.054
vt 0.944 0.054
vt 0.944 0.054
vt 0.944 0.054
vt 0.944 0.054
vt 0.944 0.054
vt 0.944 0.054
vt 0.944 0.054
vt 0.944 0.054
vt 0.944 0.054
vt 0.944 0.054
vt 0.944 0.054
vt 0.944 0.054
vt 0.944 0.054
vt 0.944 0.054
vt 0.944 0.054
vt 0.944 0.054
vt 0.944 0.054
vt 0.944 0.054
vt 0.944 0.054
vt 0.944 0.054
vt 0.944 0.054
vt 0.944 0.054
vt 0.944 0.054
vt 0.944 0.054
vt 0.944 0.054
vt 0.944 0.054
vt 0.944 0.054
vt 0.944 0.054
vt 0.944 0.054
vt 0.944 0.054
vt 0.944 0.054
vt 0.944 0.054
vt 0.944 0.054
vt 0.944 0.054
vt 0.944 0.054
vt 0.944 0.054
vt 0.944 0.054
vt 0.944 0.054
vt 0.944 0.054
vt 0.944 0.054
vt 0.945 0.054
vt 0.944 0.054
vt 0.945 0.054
vt 0.944 0.054
vt 0.944 0.054
vt 0.944 0.054
vt 0.944 0.054
vt 0.944 0.053
vt 0.944 0.054
vt 0.944 0.053
vt 0.944 0.053
vt 0.944 0.053
vt 0.944 0.054
vt 0.944 0.054
vt 0.945 0.054
vt 0.945 0.054
vt 0.944 0.054
vt 0.945 0.054
vt 0.945 0.054
vt 0.944 0.054
vt 0.945 0.054
vt 0.945 0.054
vt 0.945 0.054
vt 0.945 0.054
vt 0.945 0.054
vt 0.945 0.054
vt 0.945 0.054
vt 0.945 0.054
vt 0.945 0.054
vt 0.945 0.054
vt 0.945 0.054
vt 0.945 0.054
vt 0.946 0.054
vt 0.946 0.054
vt 0.945 0.054
vt 0.946 0.054
vt 0.945 0.054
vt 0.945 0.054
vt 0.946 0.054
vt 0.946 0.054
vt 0.945 0.054
vt 0.946 0.054
vt 0.945 0.054
vt 0.945 0.054
vt 0.946 0.054
vt 0.946 0.054
vt 0.945 0.054
vt 0.946 0.054
vt 0.945 0.054
vt 0.945 0.054
vt 0.946 0.054
vt 0.946 0.054
vt 0.945 0.054
vt 0.946 0.054
vt 0.945 0.054
vt 0.945 0.054
vt 0.945 0.054
vt 0.946 0.054
vt 0.945 0.054
vt 0.945 0.054
vt 0.945 0.054
vt 0.944 0.054
vt 0.945 0.054
vt 0.945 0.054
vt 0.945 0.054
vt 0.945 0.054
vt 0.945 0.054
vt 0.945 0.054
vt 0.945 0.054
vt 0.945 0.054
vt 0.945 0.054
vt 0.945 0.054
vt 0.945 0.054
vt 0.945 0.054
vt 0.945 0.054
vt 0.945 0.054
vt 0.945 0.054
vt 0.945 0.054
vt 0.945 0.054
vt 0.945 0.054
vt 0.944 0.054
vt 0.944 0.053
vt 0.945 0.054
vt 0.944 0.053
vt 0.945 0.053
vt 0.945 0.054
vt 0.945 0.054
vt 0.945 0.054
vt 0.945 0.054
vt 0.945 0.054
vt 0.945 0.054
vt 0.945 0.054
vt 0.944 0.054
vt 0.945 0.054
vt 0.944 0.054
vt 0.945 0.054
vt 0.945 0.054
vt 0.944 0.054
vt 0.945 0.054
vt 0.945 0.054
vt 0.945 0.054
vt 0.945 0.054
vt 0.945 0.054
vt 0.945 0.054
vt 0.958 0.065
vt 0.954 0.065
vt 0.957 0.065
vt 0.954 0.065
vt 0.954 0.065
vt 0.956 0.065
vt 0.954 0.065
vt 0.956 0.065
vt 0.957 0.065
vt 0.954 0.065
vt 0.958 0.065
vt 0.958 0.065
vt 0.908 0.469
vt 0.908 0.38
vt 0.923 0.469
vt 0.908 0.38
vt 0.923 0.38
vt 0.923 0.469
vt 0.894 0.469
vt 0.894 0.38
vt 0.908 0.469
vt 0.894 0.38
vt 0.908 0.38
vt 0.908 0.469
vt 0.879 0.469
vt 0.879 0.38
vt 0.894 0.469
vt 0.879 0.38
vt 0.894 0.38
vt 0.894 0.469
vt 0.865 0.38
vt 0.879 0.38
vt 0.865 0.469
vt 0.879 0.38
vt 0.879 0.469
vt 0.865 0.469
vt 0.75 0.906
vt 0.75 0.732
vt 0.771 0.906
vt 0.75 0.732
vt 0.771 0.732
vt 0.771 0.906
vt 0.75 0.732
vt 0.75 0.568
vt 0.771 0.732
vt 0.75 0.568
vt 0.771 0.568
vt 0.771 0.732
vt 0.709 0.568
vt 0.499 0.568
vt 0.709 0.537
vt 0.499 0.568
vt 0.499 0.537
vt 0.709 0.537
vt 0.679 0.732
vt 0.701 0.732
vt 0.649 0.905
vt 0.701 0.732
vt 0.67 0.905
vt 0.649 0.905
vt 0.964 0.044
vt 0.964 0.044
vt 0.966 0.044
vt 0.964 0.044
vt 0.966 0.044
vt 0.966 0.044
vt 0.964 0.044
vt 0.964 0.045
vt 0.966 0.044
vt 0.964 0.045
vt 0.965 0.045
vt 0.966 0.044
vt 0.964 0.046
vt 0.965 0.046
vt 0.964 0.045
vt 0.965 0.046
vt 0.965 0.045
vt 0.964 0.045
vt 0.963 0.047
vt 0.965 0.048
vt 0.964 0.046
vt 0.965 0.048
vt 0.965 0.046
vt 0.964 0.046
vt 0.963 0.049
vt 0.965 0.049
vt 0.963 0.047
vt 0.965 0.049
vt 0.965 0.048
vt 0.963 0.047
vt 0.963 0.049
vt 0.963 0.05
vt 0.965 0.049
vt 0.963 0.05
vt 0.965 0.05
vt 0.965 0.049
vt 0.963 0.05
vt 0.964 0.051
vt 0.963 0.05
vt 0.964 0.051
vt 0.965 0.05
vt 0.963 0.05
vt 0.963 0.051
vt 0.964 0.051
vt 0.963 0.05
vt 0.964 0.051
vt 0.964 0.051
vt 0.963 0.05
vt 0.968 0.032
vt 0.965 0.032
vt 0.968 0.032
vt 0.965 0.032
vt 0.965 0.032
vt 0.968 0.032
vt 0.966 0.043
vt 0.966 0.044
vt 0.966 0.043
vt 0.966 0.044
vt 0.966 0.043
vt 0.966 0.043
vt 0.967 0.032
vt 0.966 0.032
vt 0.967 0.032
vt 0.966 0.032
vt 0.965 0.032
vt 0.967 0.032
vt 0.771 0.732
vt 0.771 0.568
vt 0.865 0.732
vt 0.771 0.568
vt 0.865 0.568
vt 0.865 0.732
vt 0.709 0.568
vt 0.709 0.537
vt 0.731 0.568
vt 0.709 0.537
vt 0.731 0.537
vt 0.731 0.568
vt 0.966 0.044
vt 0.966 0.044
vt 0.966 0.043
vt 0.966 0.044
vt 0.966 0.044
vt 0.966 0.043
vt 0.679 0.732
vt 0.709 0.568
vt 0.701 0.732
vt 0.709 0.568
vt 0.731 0.568
vt 0.701 0.732
vt 0.965 0.046
vt 0.966 0.046
vt 0.966 0.044
vt 0.966 0.046
vt 0.966 0.044
vt 0.966 0.044
vt 0.962 0.054
vt 0.962 0.054
vt 0.963 0.054
vt 0.962 0.054
vt 0.963 0.054
vt 0.963 0.054
vt 0.965 0.048
vt 0.965 0.048
vt 0.965 0.046
vt 0.965 0.048
vt 0.966 0.046
vt 0.965 0.046
vt 0.965 0.049
vt 0.965 0.049
vt 0.965 0.048
vt 0.965 0.049
vt 0.965 0.048
vt 0.965 0.048
vt 0.964 0.051
vt 0.965 0.051
vt 0.965 0.049
vt 0.965 0.051
vt 0.965 0.049
vt 0.965 0.049
vt 0.964 0.052
vt 0.964 0.052
vt 0.964 0.051
vt 0.964 0.052
vt 0.965 0.051
vt 0.964 0.051
vt 0.771 0.568
vt 0.771 0.537
vt 0.865 0.568
vt 0.771 0.537
vt 0.865 0.537
vt 0.865 0.568
vt 0.963 0.051
vt 0.963 0.052
vt 0.963 0.052
vt 0.964 0.052
vt 0.964 0.052
vt 0.964 0.052
vt 0.964 0.052
vt 0.964 0.052
vt 0.964 0.052
vt 0.964 0.044
vt 0.965 0.036
vt 0.964 0.044
vt 0.965 0.036
vt 0.965 0.032
vt 0.954 0.036
vt 0.965 0.032
vt 0.954 0.032
vt 0.954 0.036
vt 0.964 0.045
vt 0.964 0.044
vt 0.965 0.036
vt 0.964 0.046
vt 0.964 0.045
vt 0.965 0.036
vt 0.954 0.052
vt 0.963 0.052
vt 0.954 0.052
vt 0.963 0.052
vt 0.963 0.052
vt 0.954 0.052
vt 0.964 0.046
vt 0.965 0.036
vt 0.963 0.047
vt 0.965 0.032
vt 0.965 0.036
vt 0.965 0.032
vt 0.965 0.036
vt 0.965 0.036
vt 0.965 0.032
vt 0.963 0.052
vt 0.963 0.05
vt 0.963 0.05
vt 0.963 0.052
vt 0.963 0.05
vt 0.963 0.049
vt 0.963 0.052
vt 0.963 0.051
vt 0.963 0.05
vt 0.963 0.052
vt 0.963 0.049
vt 0.963 0.047
vt 0.965 0.036
vt 0.954 0.036
vt 0.963 0.052
vt 0.954 0.036
vt 0.954 0.052
vt 0.963 0.052
vt 0.963 0.047
vt 0.965 0.036
vt 0.963 0.052
vt 0.964 0.051
vt 0.964 0.052
vt 0.964 0.051
vt 0.964 0.052
vt 0.964 0.052
vt 0.964 0.051
vt 0.964 0.051
vt 0.964 0.052
vt 0.965 0.05
vt 0.964 0.052
vt 0.964 0.051
vt 0.965 0.05
vt 0.965 0.05
vt 0.964 0.051
vt 0.965 0.049
vt 0.964 0.051
vt 0.965 0.049
vt 0.965 0.049
vt 0.965 0.049
vt 0.965 0.049
vt 0.965 0.048
vt 0.965 0.049
vt 0.965 0.048
vt 0.965 0.048
vt 0.965 0.048
vt 0.965 0.048
vt 0.965 0.046
vt 0.965 0.048
vt 0.965 0.046
vt 0.965 0.046
vt 0.965 0.046
vt 0.965 0.046
vt 0.965 0.045
vt 0.965 0.046
vt 0.966 0.044
vt 0.965 0.045
vt 0.965 0.045
vt 0.966 0.044
vt 0.966 0.044
vt 0.966 0.044
vt 0.966 0.043
vt 0.966 0.044
vt 0.966 0.044
vt 0.966 0.043
vt 0.966 0.044
vt 0.966 0.043
vt 0.966 0.043
vt 0.966 0.044
vt 0.865 0.732
vt 0.835 0.748
vt 0.771 0.732
vt 0.835 0.748
vt 0.81 0.764
vt 0.771 0.732
vt 0.81 0.764
vt 0.793 0.789
vt 0.771 0.732
vt 0.793 0.789
vt 0.787 0.819
vt 0.771 0.732
vt 0.787 0.819
vt 0.771 0.906
vt 0.771 0.732
vt 0.865 0.742
vt 0.835 0.748
vt 0.865 0.732
vt 0.793 0.849
vt 0.771 0.906
vt 0.787 0.819
vt 0.81 0.874
vt 0.771 0.906
vt 0.793 0.849
vt 0.835 0.891
vt 0.771 0.906
vt 0.81 0.874
vt 0.771 0.906
vt 0.835 0.891
vt 0.865 0.906
vt 0.865 0.906
vt 0.835 0.891
vt 0.865 0.896
vt 0.954 0.032
vt 0.954 0.032
vt 0.966 0.032
vt 0.954 0.032
vt 0.965 0.032
vt 0.966 0.032
vt 0.964 0.044
vt 0.965 0.036
vt 0.965 0.036
vt 0.771 0.537
vt 0.771 0.568
vt 0.75 0.537
vt 0.771 0.568
vt 0.75 0.568
vt 0.75 0.537
vt 0.962 0.054
vt 0.962 0.054
vt 0.954 0.054
vt 0.962 0.054
vt 0.954 0.054
vt 0.954 0.054
vt 0.499 0.732
vt 0.679 0.732
vt 0.499 0.905
vt 0.679 0.732
vt 0.649 0.905
vt 0.499 0.905
vt 0.709 0.568
vt 0.679 0.732
vt 0.499 0.568
vt 0.679 0.732
vt 0.499 0.732
vt 0.499 0.568
vt 0.967 0.032
vt 0.965 0.032
vt 0.968 0.032
vt 0.965 0.032
vt 0.968 0.032
vt 0.968 0.032
vt 0.771 0.929
vt 0.771 0.906
vt 0.865 0.929
vt 0.771 0.906
vt 0.865 0.906
vt 0.865 0.929
vt 0.958 0.054
vt 0.962 0.054
vt 0.958 0.054
vt 0.958 0.054
vt 0.962 0.054
vt 0.962 0.054
vt 0.957 0.054
vt 0.962 0.054
vt 0.958 0.054
vt 0.956 0.054
vt 0.962 0.054
vt 0.957 0.054
vt 0.962 0.054
vt 0.956 0.054
vt 0.954 0.054
vt 0.954 0.054
vt 0.956 0.054
vt 0.954 0.054
vt 0.967 0.032
vt 0.967 0.032
vt 0.967 0.032
vt 0.967 0.032
vt 0.967 0.032
vt 0.968 0.032
vt 0.968 0.032
vt 0.967 0.032
vt 0.968 0.032
vt 0.968 0.032
vt 0.967 0.032
vt 0.968 0.032
vt 0.662 0.92
vt 0.649 0.905
vt 0.668 0.912
vt 0.75 0.906
vt 0.771 0.906
vt 0.752 0.913
vt 0.771 0.906
vt 0.763 0.926
vt 0.757 0.921
vt 0.662 0.92
vt 0.654 0.925
vt 0.649 0.905
vt 0.962 0.054
vt 0.963 0.054
vt 0.963 0.054
vt 0.962 0.054
vt 0.963 0.054
vt 0.962 0.054
vt 0.649 0.905
vt 0.654 0.925
vt 0.644 0.928
vt 0.967 0.032
vt 0.967 0.032
vt 0.967 0.033
vt 0.967 0.032
vt 0.967 0.033
vt 0.967 0.033
vt 0.967 0.032
vt 0.968 0.032
vt 0.967 0.033
vt 0.968 0.032
vt 0.968 0.033
vt 0.967 0.033
vt 0.968 0.032
vt 0.968 0.032
vt 0.968 0.033
vt 0.968 0.032
vt 0.968 0.033
vt 0.968 0.033
vt 0.968 0.032
vt 0.968 0.032
vt 0.968 0.033
vt 0.968 0.032
vt 0.968 0.033
vt 0.968 0.033
vt 0.771 0.929
vt 0.763 0.926
vt 0.771 0.906
vt 0.967 0.033
vt 0.967 0.033
vt 0.966 0.043
vt 0.967 0.033
vt 0.966 0.043
vt 0.966 0.043
vt 0.967 0.033
vt 0.968 0.033
vt 0.966 0.043
vt 0.968 0.033
vt 0.966 0.043
vt 0.966 0.043
vt 0.968 0.033
vt 0.968 0.033
vt 0.966 0.043
vt 0.968 0.033
vt 0.966 0.043
vt 0.966 0.043
vt 0.968 0.033
vt 0.968 0.033
vt 0.966 0.043
vt 0.968 0.033
vt 0.966 0.043
vt 0.966 0.043
vt 0.964 0.053
vt 0.964 0.053
vt 0.966 0.043
vt 0.964 0.053
vt 0.966 0.043
vt 0.966 0.043
vt 0.964 0.053
vt 0.964 0.053
vt 0.966 0.043
vt 0.964 0.053
vt 0.966 0.043
vt 0.966 0.043
vt 0.964 0.053
vt 0.964 0.053
vt 0.966 0.043
vt 0.964 0.053
vt 0.966 0.043
vt 0.966 0.043
vt 0.964 0.053
vt 0.964 0.053
vt 0.966 0.043
vt 0.964 0.053
vt 0.966 0.043
vt 0.966 0.043
vt 0.963 0.054
vt 0.962 0.054
vt 0.963 0.054
vt 0.771 0.906
vt 0.757 0.921
vt 0.752 0.913
vt 0.963 0.054
vt 0.964 0.054
vt 0.963 0.054
vt 0.964 0.054
vt 0.964 0.054
vt 0.963 0.054
vt 0.964 0.054
vt 0.964 0.054
vt 0.964 0.054
vt 0.964 0.054
vt 0.964 0.054
vt 0.964 0.054
vt 0.964 0.054
vt 0.964 0.054
vt 0.964 0.054
vt 0.964 0.054
vt 0.964 0.054
vt 0.964 0.054
vt 0.964 0.054
vt 0.964 0.054
vt 0.964 0.054
vt 0.964 0.054
vt 0.964 0.054
vt 0.964 0.054
vt 0.962 0.054
vt 0.963 0.054
vt 0.963 0.054
vt 0.668 0.912
vt 0.649 0.905
vt 0.67 0.905
vt 0.962 0.054
vt 0.962 0.054
vt 0.954 0.054
vt 0.962 0.054
vt 0.954 0.054
vt 0.954 0.054
vt 0.962 0.054
vt 0.962 0.054
vt 0.954 0.054
vt 0.962 0.054
vt 0.954 0.054
vt 0.954 0.054
vt 0.962 0.054
vt 0.962 0.054
vt 0.954 0.054
vt 0.962 0.054
vt 0.954 0.054
vt 0.954 0.054
vt 0.962 0.054
vt 0.962 0.054
vt 0.954 0.054
vt 0.962 0.054
vt 0.954 0.054
vt 0.954 0.054
vt 0.499 0.905
vt 0.649 0.905
vt 0.499 0.928
vt 0.649 0.905
vt 0.644 0.928
vt 0.499 0.928
vt 0.962 0.032
vt 0.96 0.032
vt 0.962 0.032
vt 0.96 0.032
vt 0.96 0.032
vt 0.962 0.032
vt 0.962 0.032
vt 0.96 0.032
vt 0.962 0.052
vt 0.96 0.032
vt 0.96 0.052
vt 0.962 0.052
vt 0.96 0.032
vt 0.96 0.032
vt 0.96 0.052
vt 0.96 0.032
vt 0.96 0.052
vt 0.96 0.052
vt 0.962 0.032
vt 0.962 0.032
vt 0.962 0.052
vt 0.962 0.032
vt 0.962 0.052
vt 0.962 0.052
vt 0.959 0.032
vt 0.959 0.032
vt 0.958 0.032
vt 0.959 0.032
vt 0.958 0.032
vt 0.958 0.032
vt 0.959 0.032
vt 0.959 0.032
vt 0.957 0.032
vt 0.959 0.032
vt 0.958 0.032
vt 0.957 0.032
vt 0.958 0.032
vt 0.959 0.032
vt 0.957 0.032
vt 0.959 0.032
vt 0.957 0.032
vt 0.957 0.032
vt 0.956 0.032
vt 0.957 0.032
vt 0.957 0.032
vt 0.957 0.032
vt 0.958 0.032
vt 0.957 0.032
vt 0.957 0.032
vt 0.956 0.032
vt 0.956 0.032
vt 0.956 0.032
vt 0.957 0.032
vt 0.956 0.032
vt 0.957 0.032
vt 0.957 0.032
vt 0.956 0.032
vt 0.956 0.032
vt 0.957 0.032
vt 0.956 0.032
vt 0.957 0.032
vt 0.957 0.032
vt 0.956 0.032
vt 0.957 0.032
vt 0.957 0.032
vt 0.956 0.032
vt 0.957 0.032
vt 0.956 0.032
vt 0.956 0.032
vt 0.956 0.033
vt 0.957 0.033
vt 0.956 0.032
vt 0.957 0.033
vt 0.957 0.032
vt 0.956 0.032
vt 0.956 0.032
vt 0.957 0.032
vt 0.956 0.032
vt 0.957 0.032
vt 0.957 0.032
vt 0.956 0.032
vt 0.957 0.032
vt 0.957 0.052
vt 0.957 0.032
vt 0.957 0.052
vt 0.957 0.052
vt 0.957 0.032
vt 0.957 0.032
vt 0.957 0.052
vt 0.957 0.032
vt 0.957 0.052
vt 0.957 0.052
vt 0.957 0.032
vt 0.958 0.032
vt 0.958 0.052
vt 0.958 0.032
vt 0.958 0.052
vt 0.958 0.052
vt 0.958 0.032
vt 0.956 0.032
vt 0.956 0.052
vt 0.956 0.032
vt 0.956 0.052
vt 0.956 0.052
vt 0.956 0.032
vt 0.956 0.034
vt 0.957 0.034
vt 0.956 0.033
vt 0.957 0.034
vt 0.957 0.033
vt 0.956 0.033
vt 0.958 0.032
vt 0.958 0.052
vt 0.959 0.032
vt 0.958 0.052
vt 0.959 0.052
vt 0.959 0.032
vt 0.956 0.032
vt 0.956 0.052
vt 0.956 0.032
vt 0.956 0.052
vt 0.956 0.052
vt 0.956 0.032
vt 0.959 0.032
vt 0.959 0.052
vt 0.959 0.032
vt 0.959 0.052
vt 0.959 0.052
vt 0.959 0.032
vt 0.957 0.032
vt 0.957 0.052
vt 0.957 0.032
vt 0.957 0.052
vt 0.957 0.052
vt 0.957 0.032
vt 0.956 0.032
vt 0.956 0.052
vt 0.956 0.034
vt 0.956 0.052
vt 0.956 0.04
vt 0.956 0.034
vt 0.957 0.032
vt 0.957 0.052
vt 0.958 0.032
vt 0.957 0.052
vt 0.958 0.052
vt 0.958 0.032
vt 0.957 0.032
vt 0.957 0.052
vt 0.956 0.032
vt 0.957 0.052
vt 0.956 0.052
vt 0.956 0.032
vt 0.958 0.032
vt 0.958 0.052
vt 0.957 0.032
vt 0.958 0.052
vt 0.957 0.052
vt 0.957 0.032
vt 0.956 0.032
vt 0.956 0.052
vt 0.956 0.032
vt 0.956 0.052
vt 0.956 0.052
vt 0.956 0.032
vt 0.956 0.032
vt 0.956 0.052
vt 0.956 0.032
vt 0.956 0.052
vt 0.956 0.052
vt 0.956 0.032
vt 0.957 0.032
vt 0.957 0.052
vt 0.957 0.032
vt 0.957 0.052
vt 0.957 0.052
vt 0.957 0.032
vt 0.959 0.032
vt 0.959 0.052
vt 0.959 0.032
vt 0.959 0.052
vt 0.959 0.052
vt 0.959 0.032
vt 0.956 0.04
vt 0.956 0.041
vt 0.957 0.04
vt 0.956 0.041
vt 0.957 0.041
vt 0.957 0.04
vt 0.956 0.041
vt 0.956 0.041
vt 0.957 0.041
vt 0.956 0.041
vt 0.957 0.041
vt 0.957 0.041
vt 0.956 0.041
vt 0.956 0.041
vt 0.957 0.041
vt 0.956 0.041
vt 0.957 0.041
vt 0.957 0.041
vt 0.956 0.041
vt 0.956 0.041
vt 0.957 0.041
vt 0.956 0.041
vt 0.957 0.041
vt 0.957 0.041
vt 0.957 0.052
vt 0.957 0.041
vt 0.957 0.041
vt 0.957 0.052
vt 0.957 0.041
vt 0.957 0.041
vt 0.957 0.052
vt 0.957 0.041
vt 0.957 0.041
vt 0.957 0.052
vt 0.957 0.04
vt 0.957 0.041
vt 0.956 0.052
vt 0.956 0.041
vt 0.956 0.04
vt 0.956 0.052
vt 0.956 0.041
vt 0.956 0.041
vt 0.956 0.052
vt 0.956 0.041
vt 0.956 0.041
vt 0.956 0.052
vt 0.956 0.041
vt 0.956 0.041
vt 0.956 0.041
vt 0.956 0.052
vt 0.956 0.052
vt 0.957 0.052
vt 0.957 0.041
vt 0.957 0.052
vt 0.957 0.032
vt 0.956 0.032
vt 0.957 0.032
vt 0.956 0.032
vt 0.956 0.032
vt 0.957 0.032
vt 0.956 0.032
vt 0.956 0.032
vt 0.956 0.033
vt 0.956 0.034
vt 0.956 0.033
vt 0.956 0.032
vt 0.956 0.033
vt 0.956 0.032
vt 0.956 0.032
vt 0.956 0.04
vt 0.957 0.04
vt 0.956 0.034
vt 0.957 0.04
vt 0.957 0.034
vt 0.956 0.034
vt 0.957 0.04
vt 0.957 0.052
vt 0.957 0.034
vt 0.957 0.052
vt 0.957 0.032
vt 0.957 0.034
vt 0.957 0.033
vt 0.957 0.034
vt 0.957 0.032
vt 0.957 0.034
vt 0.957 0.032
vt 0.957 0.032
vt 0.957 0.032
vt 0.957 0.033
vt 0.957 0.032
vt 0.964 0.053
vt 0.964 0.053
vt 0.964 0.053
vt 0.964 0.053
vt 0.964 0.053
vt 0.964 0.053
vt 0.964 0.053
vt 0.964 0.053
vt 0.964 0.053
vt 0.964 0.053
vt 0.964 0.053
vt 0.964 0.053
vt 0.964 0.053
vt 0.964 0.053
vt 0.964 0.053
vt 0.964 0.053
vt 0.964 0.053
vt 0.964 0.053
vt 0.964 0.053
vt 0.964 0.053
vt 0.964 0.053
vt 0.964 0.053
vt 0.964 0.053
vt 0.964 0.053
vt 0.963 0.053
vt 0.964 0.053
vt 0.964 0.053
vt 0.964 0.053
vt 0.964 0.053
vt 0.964 0.053
vt 0.964 0.053
vt 0.964 0.053
vt 0.964 0.053
vt 0.964 0.053
vt 0.964 0.053
vt 0.964 0.053
vt 0.964 0.053
vt 0.964 0.053
vt 0.964 0.053
vt 0.964 0.053
vt 0.964 0.053
vt 0.964 0.053
vt 0.964 0.053
vt 0.964 0.053
vt 0.964 0.053
vt 0.964 0.053
vt 0.964 0.053
vt 0.964 0.053
vt 0.963 0.054
vt 0.963 0.053
vt 0.963 0.054
vt 0.964 0.054
vt 0.964 0.053
vt 0.964 0.054
vt 0.964 0.053
vt 0.964 0.053
vt 0.964 0.054
vt 0.964 0.054
vt 0.964 0.053
vt 0.964 0.054
vt 0.964 0.053
vt 0.964 0.053
vt 0.964 0.054
vt 0.964 0.054
vt 0.964 0.054
vt 0.964 0.054
vt 0.964 0.054
vt 0.964 0.054
vt 0.964 0.054
vt 0.964 0.054
vt 0.964 0.054
vt 0.964 0.054
vt 0.964 0.054
vt 0.964 0.054
vt 0.964 0.054
vt 0.964 0.054
vt 0.964 0.054
vt 0.964 0.054
vt 0.964 0.054
vt 0.964 0.054
vt 0.964 0.054
vt 0.963 0.054
vt 0.964 0.054
vt 0.964 0.054
vt 0.964 0.054
vt 0.964 0.054
vt 0.964 0.054
vt 0.963 0.054
vt 0.963 0.054
vt 0.963 0.054
vt 0.963 0.054
vt 0.964 0.054
vt 0.963 0.054
vt 0.964 0.054
vt 0.964 0.054
vt 0.964 0.054
vt 0.964 0.054
vt 0.964 0.054
vt 0.964 0.054
vt 0.964 0.054
vt 0.964 0.054
vt 0.964 0.054
vt 0.964 0.054
vt 0.964 0.054
vt 0.964 0.054
vt 0.964 0.054
vt 0.963 0.054
vt 0.964 0.054
vt 0.963 0.054
vt 0.964 0.054
vt 0.964 0.054
vt 0.963 0.054
vt 0.963 0.054
vt 0.964 0.054
vt 0.963 0.054
vt 0.963 0.054
vt 0.964 0.054
vt 0.964 0.054
vt 0.964 0.054
vt 0.964 0.054
vt 0.964 0.054
vt 0.964 0.054
vt 0.964 0.054
vt 0.963 0.054
vt 0.963 0.054
vt 0.963 0.054
vt 0.963 0.054
vt 0.963 0.054
vt 0.963 0.054
vt 0.964 0.054
vt 0.964 0.054
vt 0.964 0.054
vt 0.964 0.054
vt 0.964 0.054
vt 0.964 0.054
vt 0.964 0.054
vt 0.964 0.054
vt 0.964 0.054
vt 0.964 0.054
vt 0.964 0.054
vt 0.964 0.054
vt 0.964 0.054
vt 0.964 0.054
vt 0.964 0.054
vt 0.964 0.054
vt 0.963 0.054
vt 0.964 0.054
vt 0.963 0.054
vt 0.963 0.054
vt 0.964 0.054
vt 0.963 0.054
vt 0.964 0.054
vt 0.964 0.054
vt 0.964 0.054
vt 0.964 0.054
vt 0.964 0.054
vt 0.964 0.054
vt 0.964 0.054
vt 0.964 0.054
vt 0.964 0.054
vt 0.964 0.054
vt 0.964 0.054
vt 0.964 0.054
vt 0.964 0.054
vt 0.964 0.054
vt 0.964 0.054
vt 0.964 0.054
vt 0.964 0.054
vt 0.964 0.054
vt 0.964 0.054
vt 0.964 0.054
vt 0.964 0.054
vt 0.964 0.054
vt 0.964 0.054
vt 0.964 0.054
vt 0.964 0.054
vt 0.964 0.054
vt 0.964 0.054
vt 0.964 0.054
vt 0.964 0.054
vt 0.964 0.054
vt 0.964 0.054
vt 0.964 0.054
vt 0.964 0.054
vt 0.964 0.054
vt 0.964 0.054
vt 0.964 0.054
vt 0.964 0.054
vt 0.964 0.054
vt 0.964 0.054
vt 0.964 0.054
vt 0.964 0.054
vt 0.964 0.054
vt 0.964 0.054
vt 0.964 0.054
vt 0.964 0.054
vt 0.964 0.054
vt 0.964 0.054
vt 0.964 0.054
vt 0.964 0.054
vt 0.964 0.054
vt 0.964 0.054
vt 0.964 0.053
vt 0.964 0.054
vt 0.964 0.053
vt 0.964 0.053
vt 0.964 0.054
vt 0.964 0.053
vt 0.964 0.054
vt 0.964 0.054
vt 0.963 0.054
vt 0.964 0.054
vt 0.963 0.054
vt 0.964 0.054
vt 0.964 0.054
vt 0.963 0.054
vt 0.963 0.054
vt 0.964 0.054
vt 0.963 0.054
vt 0.964 0.054
vt 0.963 0.054
vt 0.963 0.054
vt 0.963 0.054
vt 0.963 0.054
vt 0.963 0.054
vt 0.963 0.054
vt 0.963 0.054
vt 0.963 0.054
vt 0.962 0.054
vt 0.963 0.054
vt 0.962 0.054
vt 0.963 0.054
vt 0.963 0.054
vt 0.962 0.054
vt 0.962 0.054
vt 0.963 0.054
vt 0.962 0.054
vt 0.963 0.054
vt 0.963 0.054
vt 0.962 0.054
vt 0.962 0.054
vt 0.963 0.054
vt 0.962 0.054
vt 0.963 0.054
vt 0.963 0.054
vt 0.962 0.054
vt 0.962 0.054
vt 0.963 0.054
vt 0.962 0.054
vt 0.963 0.054
vt 0.963 0.054
vt 0.962 0.054
vt 0.963 0.054
vt 0.963 0.054
vt 0.962 0.054
vt 0.964 0.054
vt 0.964 0.054
vt 0.963 0.054
vt 0.963 0.054
vt 0.963 0.054
vt 0.963 0.054
vt 0.963 0.054
vt 0.963 0.054
vt 0.963 0.054
vt 0.963 0.054
vt 0.963 0.054
vt 0.963 0.054
vt 0.963 0.054
vt 0.963 0.054
vt 0.963 0.054
vt 0.963 0.054
vt 0.963 0.054
vt 0.963 0.054
vt 0.963 0.054
vt 0.963 0.054
vt 0.963 0.054
vt 0.964 0.054
vt 0.963 0.054
vt 0.964 0.053
vt 0.963 0.054
vt 0.963 0.053
vt 0.964 0.053
vt 0.963 0.054
vt 0.963 0.054
vt 0.963 0.054
vt 0.963 0.054
vt 0.963 0.054
vt 0.963 0.054
vt 0.964 0.054
vt 0.964 0.054
vt 0.963 0.054
vt 0.964 0.054
vt 0.963 0.054
vt 0.963 0.054
vt 0.963 0.054
vt 0.963 0.054
vt 0.963 0.054
vt 0.963 0.054
vt 0.963 0.054
vt 0.963 0.054
vt 0.95 0.065
vt 0.954 0.065
vt 0.951 0.065
vt 0.954 0.065
vt 0.954 0.065
vt 0.952 0.065
vt 0.954 0.065
vt 0.952 0.065
vt 0.951 0.065
vt 0.954 0.065
vt 0.95 0.065
vt 0.95 0.065
vt 0.793 0.469
vt 0.793 0.38
vt 0.807 0.469
vt 0.793 0.38
vt 0.807 0.38
vt 0.807 0.469
vt 0.779 0.469
vt 0.779 0.38
vt 0.793 0.469
vt 0.779 0.38
vt 0.793 0.38
vt 0.793 0.469
vt 0.764 0.469
vt 0.764 0.38
vt 0.779 0.469
vt 0.764 0.38
vt 0.779 0.38
vt 0.779 0.469
vt 0.75 0.38
vt 0.764 0.38
vt 0.75 0.469
vt 0.764 0.38
vt 0.764 0.469
vt 0.75 0.469
vt 0.018 0.906
vt 0.018 0.732
vt 0.039 0.906
vt 0.018 0.732
vt 0.039 0.732
vt 0.039 0.906
vt 0.018 0.732
vt 0.018 0.568
vt 0.039 0.732
vt 0.018 0.568
vt 0.039 0.568
vt 0.039 0.732
vt 0.709 0.104
vt 0.499 0.104
vt 0.709 0.073
vt 0.499 0.104
vt 0.499 0.073
vt 0.709 0.073
vt 0.679 0.268
vt 0.701 0.268
vt 0.649 0.441
vt 0.701 0.268
vt 0.67 0.441
vt 0.649 0.441
vt 0.944 0.044
vt 0.944 0.044
vt 0.942 0.044
vt 0.944 0.044
vt 0.942 0.044
vt 0.942 0.044
vt 0.944 0.044
vt 0.944 0.045
vt 0.942 0.044
vt 0.944 0.045
vt 0.943 0.045
vt 0.942 0.044
vt 0.944 0.046
vt 0.943 0.046
vt 0.944 0.045
vt 0.943 0.046
vt 0.943 0.045
vt 0.944 0.045
vt 0.945 0.047
vt 0.943 0.048
vt 0.944 0.046
vt 0.943 0.048
vt 0.943 0.046
vt 0.944 0.046
vt 0.945 0.049
vt 0.943 0.049
vt 0.945 0.047
vt 0.943 0.049
vt 0.943 0.048
vt 0.945 0.047
vt 0.945 0.049
vt 0.945 0.05
vt 0.943 0.049
vt 0.945 0.05
vt 0.943 0.05
vt 0.943 0.049
vt 0.945 0.05
vt 0.944 0.051
vt 0.945 0.05
vt 0.944 0.051
vt 0.943 0.05
vt 0.945 0.05
vt 0.945 0.051
vt 0.944 0.051
vt 0.945 0.05
vt 0.944 0.051
vt 0.944 0.051
vt 0.945 0.05
vt 0.94 0.032
vt 0.943 0.032
vt 0.94 0.032
vt 0.943 0.032
vt 0.943 0.032
vt 0.94 0.032
vt 0.942 0.043
vt 0.942 0.044
vt 0.942 0.043
vt 0.942 0.044
vt 0.942 0.043
vt 0.942 0.043
vt 0.941 0.032
vt 0.942 0.032
vt 0.941 0.032
vt 0.942 0.032
vt 0.943 0.032
vt 0.941 0.032
vt 0.039 0.732
vt 0.039 0.568
vt 0.133 0.732
vt 0.039 0.568
vt 0.133 0.568
vt 0.133 0.732
vt 0.709 0.104
vt 0.709 0.073
vt 0.731 0.104
vt 0.709 0.073
vt 0.731 0.073
vt 0.731 0.104
vt 0.942 0.044
vt 0.942 0.044
vt 0.942 0.043
vt 0.942 0.044
vt 0.942 0.044
vt 0.942 0.043
vt 0.679 0.268
vt 0.709 0.104
vt 0.701 0.268
vt 0.709 0.104
vt 0.731 0.104
vt 0.701 0.268
vt 0.943 0.046
vt 0.943 0.046
vt 0.942 0.044
vt 0.943 0.046
vt 0.942 0.044
vt 0.942 0.044
vt 0.946 0.054
vt 0.946 0.054
vt 0.945 0.054
vt 0.946 0.054
vt 0.945 0.054
vt 0.945 0.054
vt 0.943 0.048
vt 0.943 0.048
vt 0.943 0.046
vt 0.943 0.048
vt 0.943 0.046
vt 0.943 0.046
vt 0.943 0.049
vt 0.943 0.049
vt 0.943 0.048
vt 0.943 0.049
vt 0.943 0.048
vt 0.943 0.048
vt 0.944 0.051
vt 0.943 0.051
vt 0.943 0.049
vt 0.943 0.051
vt 0.943 0.049
vt 0.943 0.049
vt 0.944 0.052
vt 0.944 0.052
vt 0.944 0.051
vt 0.944 0.052
vt 0.943 0.051
vt 0.944 0.051
vt 0.039 0.568
vt 0.039 0.537
vt 0.133 0.568
vt 0.039 0.537
vt 0.133 0.537
vt 0.133 0.568
vt 0.945 0.051
vt 0.945 0.052
vt 0.945 0.052
vt 0.944 0.052
vt 0.944 0.052
vt 0.944 0.052
vt 0.944 0.052
vt 0.944 0.052
vt 0.944 0.052
vt 0.944 0.044
vt 0.943 0.036
vt 0.944 0.044
vt 0.943 0.036
vt 0.943 0.032
vt 0.954 0.036
vt 0.943 0.032
vt 0.954 0.032
vt 0.954 0.036
vt 0.944 0.045
vt 0.944 0.044
vt 0.943 0.036
vt 0.944 0.046
vt 0.944 0.045
vt 0.943 0.036
vt 0.954 0.052
vt 0.945 0.052
vt 0.954 0.052
vt 0.945 0.052
vt 0.945 0.052
vt 0.954 0.052
vt 0.944 0.046
vt 0.943 0.036
vt 0.945 0.047
vt 0.943 0.032
vt 0.943 0.036
vt 0.943 0.032
vt 0.943 0.036
vt 0.943 0.036
vt 0.943 0.032
vt 0.945 0.052
vt 0.945 0.05
vt 0.945 0.05
vt 0.945 0.052
vt 0.945 0.05
vt 0.945 0.049
vt 0.945 0.052
vt 0.945 0.051
vt 0.945 0.05
vt 0.945 0.052
vt 0.945 0.049
vt 0.945 0.047
vt 0.943 0.036
vt 0.954 0.036
vt 0.945 0.052
vt 0.954 0.036
vt 0.954 0.052
vt 0.945 0.052
vt 0.945 0.047
vt 0.943 0.036
vt 0.945 0.052
vt 0.944 0.051
vt 0.944 0.052
vt 0.944 0.051
vt 0.944 0.052
vt 0.944 0.052
vt 0.944 0.051
vt 0.944 0.051
vt 0.944 0.052
vt 0.943 0.05
vt 0.944 0.052
vt 0.944 0.051
vt 0.943 0.05
vt 0.943 0.05
vt 0.944 0.051
vt 0.943 0.049
vt 0.944 0.051
vt 0.943 0.049
vt 0.943 0.049
vt 0.943 0.049
vt 0.943 0.049
vt 0.943 0.048
vt 0.943 0.049
vt 0.943 0.048
vt 0.943 0.048
vt 0.943 0.048
vt 0.943 0.048
vt 0.943 0.046
vt 0.943 0.048
vt 0.943 0.046
vt 0.943 0.046
vt 0.943 0.046
vt 0.943 0.046
vt 0.943 0.045
vt 0.943 0.046
vt 0.942 0.044
vt 0.943 0.045
vt 0.943 0.045
vt 0.942 0.044
vt 0.942 0.044
vt 0.942 0.044
vt 0.942 0.043
vt 0.942 0.044
vt 0.942 0.044
vt 0.942 0.043
vt 0.942 0.044
vt 0.942 0.043
vt 0.942 0.043
vt 0.942 0.044
vt 0.133 0.732
vt 0.103 0.748
vt 0.039 0.732
vt 0.103 0.748
vt 0.078 0.764
vt 0.039 0.732
vt 0.078 0.764
vt 0.061 0.789
vt 0.039 0.732
vt 0.061 0.789
vt 0.055 0.819
vt 0.039 0.732
vt 0.055 0.819
vt 0.039 0.906
vt 0.039 0.732
vt 0.133 0.742
vt 0.103 0.748
vt 0.133 0.732
vt 0.061 0.849
vt 0.039 0.906
vt 0.055 0.819
vt 0.078 0.874
vt 0.039 0.906
vt 0.061 0.849
vt 0.103 0.891
vt 0.039 0.906
vt 0.078 0.874
vt 0.039 0.906
vt 0.103 0.891
vt 0.133 0.906
vt 0.133 0.906
vt 0.103 0.891
vt 0.133 0.896
vt 0.954 0.032
vt 0.954 0.032
vt 0.942 0.032
vt 0.954 0.032
vt 0.943 0.032
vt 0.942 0.032
vt 0.944 0.044
vt 0.943 0.036
vt 0.943 0.036
vt 0.039 0.537
vt 0.039 0.568
vt 0.018 0.537
vt 0.039 0.568
vt 0.018 0.568
vt 0.018 0.537
vt 0.946 0.054
vt 0.946 0.054
vt 0.954 0.054
vt 0.946 0.054
vt 0.954 0.054
vt 0.954 0.054
vt 0.499 0.268
vt 0.679 0.268
vt 0.499 0.441
vt 0.679 0.268
vt 0.649 0.441
vt 0.499 0.441
vt 0.709 0.104
vt 0.679 0.268
vt 0.499 0.104
vt 0.679 0.268
vt 0.499 0.268
vt 0.499 0.104
vt 0.941 0.032
vt 0.943 0.032
vt 0.94 0.032
vt 0.943 0.032
vt 0.94 0.032
vt 0.94 0.032
vt 0.039 0.929
vt 0.039 0.906
vt 0.133 0.929
vt 0.039 0.906
vt 0.133 0.906
vt 0.133 0.929
vt 0.95 0.054
vt 0.946 0.054
vt 0.95 0.054
vt 0.95 0.054
vt 0.946 0.054
vt 0.946 0.054
vt 0.951 0.054
vt 0.946 0.054
vt 0.95 0.054
vt 0.952 0.054
vt 0.946 0.054
vt 0.951 0.054
vt 0.946 0.054
vt 0.952 0.054
vt 0.954 0.054
vt 0.954 0.054
vt 0.952 0.054
vt 0.954 0.054
vt 0.941 0.032
vt 0.941 0.032
vt 0.941 0.032
vt 0.941 0.032
vt 0.941 0.032
vt 0.94 0.032
vt 0.94 0.032
vt 0.941 0.032
vt 0.94 0.032
vt 0.94 0.032
vt 0.941 0.032
vt 0.94 0.032
vt 0.662 0.456
vt 0.649 0.441
vt 0.668 0.448
vt 0.018 0.906
vt 0.039 0.906
vt 0.02 0.913
vt 0.039 0.906
vt 0.031 0.926
vt 0.025 0.921
vt 0.662 0.456
vt 0.654 0.461
vt 0.649 0.441
vt 0.946 0.054
vt 0.945 0.054
vt 0.945 0.054
vt 0.946 0.054
vt 0.945 0.054
vt 0.946 0.054
vt 0.649 0.441
vt 0.654 0.461
vt 0.644 0.464
vt 0.941 0.032
vt 0.941 0.032
vt 0.941 0.033
vt 0.941 0.032
vt 0.941 0.033
vt 0.941 0.033
vt 0.941 0.032
vt 0.94 0.032
vt 0.941 0.033
vt 0.94 0.032
vt 0.94 0.033
vt 0.941 0.033
vt 0.94 0.032
vt 0.94 0.032
vt 0.94 0.033
vt 0.94 0.032
vt 0.94 0.033
vt 0.94 0.033
vt 0.94 0.032
vt 0.94 0.032
vt 0.94 0.033
vt 0.94 0.032
vt 0.94 0.033
vt 0.94 0.033
vt 0.039 0.929
vt 0.031 0.926
vt 0.039 0.906
vt 0.941 0.033
vt 0.941 0.033
vt 0.942 0.043
vt 0.941 0.033
vt 0.942 0.043
vt 0.942 0.043
vt 0.941 0.033
vt 0.94 0.033
vt 0.942 0.043
vt 0.94 0.033
vt 0.942 0.043
vt 0.942 0.043
vt 0.94 0.033
vt 0.94 0.033
vt 0.942 0.043
vt 0.94 0.033
vt 0.942 0.043
vt 0.942 0.043
vt 0.94 0.033
vt 0.94 0.033
vt 0.942 0.043
vt 0.94 0.033
vt 0.942 0.043
vt 0.942 0.043
vt 0.944 0.053
vt 0.944 0.053
vt 0.942 0.043
vt 0.944 0.053
vt 0.942 0.043
vt 0.942 0.043
vt 0.944 0.053
vt 0.944 0.053
vt 0.942 0.043
vt 0.944 0.053
vt 0.942 0.043
vt 0.942 0.043
vt 0.944 0.053
vt 0.944 0.053
vt 0.942 0.043
vt 0.944 0.053
vt 0.942 0.043
vt 0.942 0.043
vt 0.944 0.053
vt 0.944 0.053
vt 0.942 0.043
vt 0.944 0.053
vt 0.942 0.043
vt 0.942 0.043
vt 0.945 0.054
vt 0.946 0.054
vt 0.945 0.054
vt 0.039 0.906
vt 0.025 0.921
vt 0.02 0.913
vt 0.945 0.054
vt 0.944 0.054
vt 0.945 0.054
vt 0.944 0.054
vt 0.944 0.054
vt 0.945 0.054
vt 0.944 0.054
vt 0.944 0.054
vt 0.944 0.054
vt 0.944 0.054
vt 0.944 0.054
vt 0.944 0.054
vt 0.944 0.054
vt 0.944 0.054
vt 0.944 0.054
vt 0.944 0.054
vt 0.944 0.054
vt 0.944 0.054
vt 0.944 0.054
vt 0.944 0.054
vt 0.944 0.054
vt 0.944 0.054
vt 0.944 0.054
vt 0.944 0.054
vt 0.946 0.054
vt 0.945 0.054
vt 0.945 0.054
vt 0.668 0.448
vt 0.649 0.441
vt 0.67 0.441
vt 0.946 0.054
vt 0.946 0.054
vt 0.954 0.054
vt 0.946 0.054
vt 0.954 0.054
vt 0.954 0.054
vt 0.946 0.054
vt 0.946 0.054
vt 0.954 0.054
vt 0.946 0.054
vt 0.954 0.054
vt 0.954 0.054
vt 0.946 0.054
vt 0.946 0.054
vt 0.954 0.054
vt 0.946 0.054
vt 0.954 0.054
vt 0.954 0.054
vt 0.946 0.054
vt 0.946 0.054
vt 0.954 0.054
vt 0.946 0.054
vt 0.954 0.054
vt 0.954 0.054
vt 0.499 0.441
vt 0.649 0.441
vt 0.499 0.464
vt 0.649 0.441
vt 0.644 0.464
vt 0.499 0.464
vt 0.946 0.032
vt 0.948 0.032
vt 0.946 0.032
vt 0.948 0.032
vt 0.948 0.032
vt 0.946 0.032
vt 0.946 0.032
vt 0.948 0.032
vt 0.946 0.052
vt 0.948 0.032
vt 0.948 0.052
vt 0.946 0.052
vt 0.948 0.032
vt 0.948 0.032
vt 0.948 0.052
vt 0.948 0.032
vt 0.948 0.052
vt 0.948 0.052
vt 0.946 0.032
vt 0.946 0.032
vt 0.946 0.052
vt 0.946 0.032
vt 0.946 0.052
vt 0.946 0.052
vt 0.949 0.032
vt 0.949 0.032
vt 0.95 0.032
vt 0.949 0.032
vt 0.95 0.032
vt 0.95 0.032
vt 0.949 0.032
vt 0.949 0.032
vt 0.951 0.032
vt 0.949 0.032
vt 0.95 0.032
vt 0.951 0.032
vt 0.95 0.032
vt 0.949 0.032
vt 0.951 0.032
vt 0.949 0.032
vt 0.951 0.032
vt 0.951 0.032
vt 0.952 0.032
vt 0.951 0.032
vt 0.951 0.032
vt 0.951 0.032
vt 0.95 0.032
vt 0.951 0.032
vt 0.951 0.032
vt 0.952 0.032
vt 0.952 0.032
vt 0.952 0.032
vt 0.951 0.032
vt 0.952 0.032
vt 0.951 0.032
vt 0.951 0.032
vt 0.952 0.032
vt 0.952 0.032
vt 0.951 0.032
vt 0.952 0.032
vt 0.951 0.032
vt 0.951 0.032
vt 0.952 0.032
vt 0.951 0.032
vt 0.951 0.032
vt 0.952 0.032
vt 0.951 0.032
vt 0.952 0.032
vt 0.952 0.032
vt 0.952 0.033
vt 0.951 0.033
vt 0.952 0.032
vt 0.951 0.033
vt 0.951 0.032
vt 0.952 0.032
vt 0.952 0.032
vt 0.951 0.032
vt 0.952 0.032
vt 0.951 0.032
vt 0.951 0.032
vt 0.952 0.032
vt 0.951 0.032
vt 0.951 0.052
vt 0.951 0.032
vt 0.951 0.052
vt 0.951 0.052
vt 0.951 0.032
vt 0.951 0.032
vt 0.951 0.052
vt 0.951 0.032
vt 0.951 0.052
vt 0.951 0.052
vt 0.951 0.032
vt 0.95 0.032
vt 0.95 0.052
vt 0.95 0.032
vt 0.95 0.052
vt 0.95 0.052
vt 0.95 0.032
vt 0.952 0.032
vt 0.952 0.052
vt 0.952 0.032
vt 0.952 0.052
vt 0.952 0.052
vt 0.952 0.032
vt 0.952 0.034
vt 0.951 0.034
vt 0.952 0.033
vt 0.951 0.034
vt 0.951 0.033
vt 0.952 0.033
vt 0.95 0.032
vt 0.95 0.052
vt 0.949 0.032
vt 0.95 0.052
vt 0.949 0.052
vt 0.949 0.032
vt 0.952 0.032
vt 0.952 0.052
vt 0.952 0.032
vt 0.952 0.052
vt 0.952 0.052
vt 0.952 0.032
vt 0.949 0.032
vt 0.949 0.052
vt 0.949 0.032
vt 0.949 0.052
vt 0.949 0.052
vt 0.949 0.032
vt 0.951 0.032
vt 0.951 0.052
vt 0.951 0.032
vt 0.951 0.052
vt 0.951 0.052
vt 0.951 0.032
vt 0.952 0.032
vt 0.952 0.052
vt 0.952 0.034
vt 0.952 0.052
vt 0.952 0.04
vt 0.952 0.034
vt 0.951 0.032
vt 0.951 0.052
vt 0.95 0.032
vt 0.951 0.052
vt 0.95 0.052
vt 0.95 0.032
vt 0.951 0.032
vt 0.951 0.052
vt 0.952 0.032
vt 0.951 0.052
vt 0.952 0.052
vt 0.952 0.032
vt 0.95 0.032
vt 0.95 0.052
vt 0.951 0.032
vt 0.95 0.052
vt 0.951 0.052
vt 0.951 0.032
vt 0.952 0.032
vt 0.952 0.052
vt 0.952 0.032
vt 0.952 0.052
vt 0.952 0.052
vt 0.952 0.032
vt 0.952 0.032
vt 0.952 0.052
vt 0.952 0.032
vt 0.952 0.052
vt 0.952 0.052
vt 0.952 0.032
vt 0.951 0.032
vt 0.951 0.052
vt 0.951 0.032
vt 0.951 0.052
vt 0.951 0.052
vt 0.951 0.032
vt 0.949 0.032
vt 0.949 0.052
vt 0.949 0.032
vt 0.949 0.052
vt 0.949 0.052
vt 0.949 0.032
vt 0.952 0.04
vt 0.952 0.041
vt 0.951 0.04
vt 0.952 0.041
vt 0.951 0.041
vt 0.951 0.04
vt 0.952 0.041
vt 0.952 0.041
vt 0.951 0.041
vt 0.952 0.041
vt 0.951 0.041
vt 0.951 0.041
vt 0.952 0.041
vt 0.952 0.041
vt 0.951 0.041
vt 0.952 0.041
vt 0.951 0.041
vt 0.951 0.041
vt 0.952 0.041
vt 0.952 0.041
vt 0.951 0.041
vt 0.952 0.041
vt 0.951 0.041
vt 0.951 0.041
vt 0.951 0.052
vt 0.951 0.041
vt 0.951 0.041
vt 0.951 0.052
vt 0.951 0.041
vt 0.951 0.041
vt 0.951 0.052
vt 0.951 0.041
vt 0.951 0.041
vt 0.951 0.052
vt 0.951 0.04
vt 0.951 0.041
vt 0.952 0.052
vt 0.952 0.041
vt 0.952 0.04
vt 0.952 0.052
vt 0.952 0.041
vt 0.952 0.041
vt 0.952 0.052
vt 0.952 0.041
vt 0.952 0.041
vt 0.952 0.052
vt 0.952 0.041
vt 0.952 0.041
vt 0.952 0.041
vt 0.952 0.052
vt 0.952 0.052
vt 0.951 0.052
vt 0.951 0.041
vt 0.951 0.052
vt 0.951 0.032
vt 0.952 0.032
vt 0.951 0.032
vt 0.952 0.032
vt 0.952 0.032
vt 0.951 0.032
vt 0.952 0.032
vt 0.952 0.032
vt 0.952 0.033
vt 0.952 0.034
vt 0.952 0.033
vt 0.952 0.032
vt 0.952 0.033
vt 0.952 0.032
vt 0.952 0.032
vt 0.952 0.04
vt 0.951 0.04
vt 0.952 0.034
vt 0.951 0.04
vt 0.951 0.034
vt 0.952 0.034
vt 0.951 0.04
vt 0.951 0.052
vt 0.951 0.034
vt 0.951 0.052
vt 0.951 0.032
vt 0.951 0.034
vt 0.951 0.033
vt 0.951 0.034
vt 0.951 0.032
vt 0.951 0.034
vt 0.951 0.032
vt 0.951 0.032
vt 0.951 0.032
vt 0.951 0.033
vt 0.951 0.032
vt 0.944 0.053
vt 0.944 0.053
vt 0.944 0.053
vt 0.944 0.053
vt 0.944 0.053
vt 0.944 0.053
vt 0.944 0.053
vt 0.944 0.053
vt 0.944 0.053
vt 0.944 0.053
vt 0.944 0.053
vt 0.944 0.053
vt 0.944 0.053
vt 0.944 0.053
vt 0.944 0.053
vt 0.944 0.053
vt 0.944 0.053
vt 0.944 0.053
vt 0.944 0.053
vt 0.944 0.053
vt 0.944 0.053
vt 0.944 0.053
vt 0.944 0.053
vt 0.944 0.053
vt 0.945 0.053
vt 0.944 0.053
vt 0.944 0.053
vt 0.944 0.053
vt 0.944 0.053
vt 0.944 0.053
vt 0.944 0.053
vt 0.944 0.053
vt 0.944 0.053
vt 0.944 0.053
vt 0.944 0.053
vt 0.944 0.053
vt 0.944 0.053
vt 0.944 0.053
vt 0.944 0.053
vt 0.944 0.053
vt 0.944 0.053
vt 0.944 0.053
vt 0.944 0.053
vt 0.944 0.053
vt 0.944 0.053
vt 0.944 0.053
vt 0.944 0.053
vt 0.944 0.053
vt 0.945 0.054
vt 0.945 0.053
vt 0.945 0.054
vt 0.944 0.054
vt 0.944 0.053
vt 0.944 0.054
vt 0.944 0.053
vt 0.944 0.053
vt 0.944 0.054
vt 0.944 0.054
vt 0.944 0.053
vt 0.944 0.054
vt 0.944 0.053
vt 0.944 0.053
vt 0.944 0.054
vt 0.944 0.054
vt 0.944 0.054
vt 0.944 0.054
vt 0.944 0.054
vt 0.944 0.054
vt 0.944 0.054
vt 0.944 0.054
vt 0.944 0.054
vt 0.944 0.054
vt 0.944 0.054
vt 0.944 0.054
vt 0.944 0.054
vt 0.945 0.054
vt 0.944 0.054
vt 0.944 0.054
vt 0.944 0.054
vt 0.944 0.054
vt 0.944 0.054
vt 0.945 0.054
vt 0.945 0.054
vt 0.945 0.054
vt 0.945 0.054
vt 0.944 0.054
vt 0.945 0.054
vt 0.945 0.054
vt 0.945 0.054
vt 0.945 0.054
vt 0.945 0.054
vt 0.945 0.054
vt 0.945 0.054
vt 0.944 0.054
vt 0.944 0.054
vt 0.944 0.054
vt 0.944 0.054
vt 0.944 0.054
vt 0.944 0.054
vt 0.944 0.054
vt 0.945 0.054
vt 0.944 0.054
vt 0.945 0.054
vt 0.944 0.054
vt 0.944 0.054
vt 0.945 0.054
vt 0.945 0.054
vt 0.944 0.054
vt 0.945 0.054
vt 0.945 0.054
vt 0.944 0.054
vt 0.945 0.054
vt 0.945 0.054
vt 0.945 0.054
vt 0.945 0.054
vt 0.945 0.054
vt 0.945 0.054
vt 0.944 0.054
vt 0.944 0.054
vt 0.944 0.054
vt 0.944 0.054
vt 0.944 0.054
vt 0.944 0.054
vt 0.945 0.054
vt 0.945 0.054
vt 0.945 0.054
vt 0.945 0.054
vt 0.945 0.054
vt 0.945 0.054
vt 0.944 0.054
vt 0.944 0.054
vt 0.944 0.054
vt 0.944 0.054
vt 0.944 0.054
vt 0.944 0.054
vt 0.944 0.054
vt 0.944 0.054
vt 0.944 0.054
vt 0.944 0.054
vt 0.944 0.054
vt 0.944 0.054
vt 0.944 0.054
vt 0.944 0.054
vt 0.944 0.054
vt 0.944 0.054
vt 0.945 0.054
vt 0.944 0.054
vt 0.945 0.054
vt 0.945 0.054
vt 0.944 0.054
vt 0.945 0.054
vt 0.944 0.054
vt 0.944 0.054
vt 0.944 0.054
vt 0.944 0.054
vt 0.944 0.054
vt 0.944 0.054
vt 0.944 0.054
vt 0.944 0.054
vt 0.944 0.054
vt 0.944 0.054
vt 0.944 0.054
vt 0.944 0.054
vt 0.944 0.054
vt 0.944 0.054
vt 0.944 0.054
vt 0.944 0.054
vt 0.944 0.054
vt 0.944 0.054
vt 0.944 0.054
vt 0.944 0.054
vt 0.944 0.054
vt 0.944 0.054
vt 0.944 0.054
vt 0.944 0.054
vt 0.944 0.054
vt 0.944 0.054
vt 0.944 0.054
vt 0.944 0.054
vt 0.944 0.054
vt 0.944 0.054
vt 0.944 0.054
vt 0.944 0.054
vt 0.944 0.054
vt 0.944 0.054
vt 0.944 0.054
vt 0.944 0.054
vt 0.944 0.054
vt 0.944 0.054
vt 0.944 0.054
vt 0.944 0.054
vt 0.944 0.054
vt 0.944 0.054
vt 0.944 0.054
vt 0.944 0.054
vt 0.944 0.054
vt 0.944 0.054
vt 0.945 0.054
vt 0.944 0.054
vt 0.944 0.054
vt 0.945 0.054
vt 0.944 0.054
vt 0.944 0.053
vt 0.944 0.054
vt 0.944 0.053
vt 0.944 0.053
vt 0.944 0.054
vt 0.944 0.053
vt 0.944 0.054
vt 0.944 0.054
vt 0.945 0.054
vt 0.944 0.054
vt 0.945 0.054
vt 0.944 0.054
vt 0.945 0.054
vt 0.945 0.054
vt 0.945 0.054
vt 0.945 0.054
vt 0.945 0.054
vt 0.945 0.054
vt 0.945 0.054
vt 0.945 0.054
vt 0.945 0.054
vt 0.945 0.054
vt 0.945 0.054
vt 0.945 0.054
vt 0.945 0.054
vt 0.945 0.054
vt 0.946 0.054
vt 0.945 0.054
vt 0.946 0.054
vt 0.945 0.054
vt 0.945 0.054
vt 0.946 0.054
vt 0.946 0.054
vt 0.945 0.054
vt 0.946 0.054
vt 0.945 0.054
vt 0.945 0.054
vt 0.946 0.054
vt 0.946 0.054
vt 0.945 0.054
vt 0.946 0.054
vt 0.945 0.054
vt 0.945 0.054
vt 0.946 0.054
vt 0.946 0.054
vt 0.945 0.054
vt 0.946 0.054
vt 0.945 0.054
vt 0.945 0.054
vt 0.946 0.054
vt 0.945 0.054
vt 0.945 0.054
vt 0.946 0.054
vt 0.945 0.054
vt 0.944 0.054
vt 0.945 0.054
vt 0.945 0.054
vt 0.945 0.054
vt 0.945 0.054
vt 0.945 0.054
vt 0.945 0.054
vt 0.945 0.054
vt 0.945 0.054
vt 0.945 0.054
vt 0.945 0.054
vt 0.945 0.054
vt 0.945 0.054
vt 0.945 0.054
vt 0.945 0.054
vt 0.945 0.054
vt 0.945 0.054
vt 0.945 0.054
vt 0.945 0.054
vt 0.945 0.054
vt 0.944 0.054
vt 0.945 0.054
vt 0.944 0.053
vt 0.945 0.054
vt 0.945 0.053
vt 0.944 0.053
vt 0.945 0.054
vt 0.945 0.054
vt 0.945 0.054
vt 0.945 0.054
vt 0.945 0.054
vt 0.945 0.054
vt 0.944 0.054
vt 0.944 0.054
vt 0.945 0.054
vt 0.944 0.054
vt 0.945 0.054
vt 0.945 0.054
vt 0.945 0.054
vt 0.945 0.054
vt 0.945 0.054
vt 0.945 0.054
vt 0.945 0.054
vt 0.945 0.054
vt 0.958 0.065
vt 0.957 0.065
vt 0.954 0.065
vt 0.954 0.065
vt 0.956 0.065
vt 0.954 0.065
vt 0.954 0.065
vt 0.957 0.065
vt 0.956 0.065
vt 0.954 0.065
vt 0.958 0.065
vt 0.958 0.065
vt 0.937 0.469
vt 0.923 0.469
vt 0.937 0.38
vt 0.923 0.469
vt 0.923 0.38
vt 0.937 0.38
vt 0.951 0.469
vt 0.937 0.469
vt 0.951 0.38
vt 0.937 0.469
vt 0.937 0.38
vt 0.951 0.38
vt 0.966 0.469
vt 0.951 0.469
vt 0.966 0.38
vt 0.951 0.469
vt 0.951 0.38
vt 0.966 0.38
vt 0.98 0.38
vt 0.98 0.469
vt 0.966 0.38
vt 0.98 0.469
vt 0.966 0.469
vt 0.966 0.38
vt 0.981 0.906
vt 0.96 0.906
vt 0.981 0.732
vt 0.96 0.906
vt 0.96 0.732
vt 0.981 0.732
vt 0.981 0.732
vt 0.96 0.732
vt 0.981 0.568
vt 0.96 0.732
vt 0.96 0.568
vt 0.981 0.568
vt 0.289 0.104
vt 0.289 0.073
vt 0.499 0.104
vt 0.289 0.073
vt 0.499 0.073
vt 0.499 0.104
vt 0.318 0.268
vt 0.349 0.441
vt 0.296 0.268
vt 0.349 0.441
vt 0.327 0.441
vt 0.296 0.268
vt 0.964 0.044
vt 0.966 0.044
vt 0.964 0.044
vt 0.966 0.044
vt 0.966 0.044
vt 0.964 0.044
vt 0.964 0.044
vt 0.966 0.044
vt 0.964 0.045
vt 0.966 0.044
vt 0.965 0.045
vt 0.964 0.045
vt 0.964 0.046
vt 0.964 0.045
vt 0.965 0.046
vt 0.964 0.045
vt 0.965 0.045
vt 0.965 0.046
vt 0.963 0.047
vt 0.964 0.046
vt 0.965 0.048
vt 0.964 0.046
vt 0.965 0.046
vt 0.965 0.048
vt 0.963 0.049
vt 0.963 0.047
vt 0.965 0.049
vt 0.963 0.047
vt 0.965 0.048
vt 0.965 0.049
vt 0.963 0.049
vt 0.965 0.049
vt 0.963 0.05
vt 0.965 0.049
vt 0.965 0.05
vt 0.963 0.05
vt 0.963 0.05
vt 0.963 0.05
vt 0.964 0.051
vt 0.963 0.05
vt 0.965 0.05
vt 0.964 0.051
vt 0.963 0.051
vt 0.963 0.05
vt 0.964 0.051
vt 0.963 0.05
vt 0.964 0.051
vt 0.964 0.051
vt 0.968 0.032
vt 0.968 0.032
vt 0.965 0.032
vt 0.968 0.032
vt 0.965 0.032
vt 0.965 0.032
vt 0.966 0.043
vt 0.966 0.043
vt 0.966 0.044
vt 0.966 0.043
vt 0.966 0.043
vt 0.966 0.044
vt 0.967 0.032
vt 0.967 0.032
vt 0.966 0.032
vt 0.967 0.032
vt 0.965 0.032
vt 0.966 0.032
vt 0.96 0.732
vt 0.865 0.732
vt 0.96 0.568
vt 0.865 0.732
vt 0.865 0.568
vt 0.96 0.568
vt 0.289 0.104
vt 0.267 0.104
vt 0.289 0.073
vt 0.267 0.104
vt 0.267 0.073
vt 0.289 0.073
vt 0.966 0.044
vt 0.966 0.043
vt 0.966 0.044
vt 0.966 0.043
vt 0.966 0.044
vt 0.966 0.044
vt 0.318 0.268
vt 0.296 0.268
vt 0.289 0.104
vt 0.296 0.268
vt 0.267 0.104
vt 0.289 0.104
vt 0.965 0.046
vt 0.966 0.044
vt 0.966 0.046
vt 0.966 0.044
vt 0.966 0.044
vt 0.966 0.046
vt 0.962 0.054
vt 0.963 0.054
vt 0.962 0.054
vt 0.963 0.054
vt 0.963 0.054
vt 0.962 0.054
vt 0.965 0.048
vt 0.965 0.046
vt 0.965 0.048
vt 0.965 0.046
vt 0.966 0.046
vt 0.965 0.048
vt 0.965 0.049
vt 0.965 0.048
vt 0.965 0.049
vt 0.965 0.048
vt 0.965 0.048
vt 0.965 0.049
vt 0.964 0.051
vt 0.965 0.049
vt 0.965 0.051
vt 0.965 0.049
vt 0.965 0.049
vt 0.965 0.051
vt 0.964 0.052
vt 0.964 0.051
vt 0.964 0.052
vt 0.964 0.051
vt 0.965 0.051
vt 0.964 0.052
vt 0.96 0.568
vt 0.865 0.568
vt 0.96 0.537
vt 0.865 0.568
vt 0.865 0.537
vt 0.96 0.537
vt 0.963 0.051
vt 0.963 0.052
vt 0.963 0.052
vt 0.964 0.052
vt 0.964 0.052
vt 0.964 0.052
vt 0.964 0.052
vt 0.964 0.052
vt 0.964 0.052
vt 0.964 0.044
vt 0.964 0.044
vt 0.965 0.036
vt 0.965 0.036
vt 0.954 0.036
vt 0.965 0.032
vt 0.954 0.036
vt 0.954 0.032
vt 0.965 0.032
vt 0.964 0.045
vt 0.965 0.036
vt 0.964 0.044
vt 0.964 0.046
vt 0.965 0.036
vt 0.964 0.045
vt 0.954 0.052
vt 0.954 0.052
vt 0.963 0.052
vt 0.954 0.052
vt 0.963 0.052
vt 0.963 0.052
vt 0.964 0.046
vt 0.963 0.047
vt 0.965 0.036
vt 0.965 0.032
vt 0.965 0.032
vt 0.965 0.036
vt 0.965 0.032
vt 0.965 0.036
vt 0.965 0.036
vt 0.963 0.052
vt 0.963 0.05
vt 0.963 0.05
vt 0.963 0.052
vt 0.963 0.049
vt 0.963 0.05
vt 0.963 0.052
vt 0.963 0.05
vt 0.963 0.051
vt 0.963 0.052
vt 0.963 0.047
vt 0.963 0.049
vt 0.965 0.036
vt 0.963 0.052
vt 0.954 0.036
vt 0.963 0.052
vt 0.954 0.052
vt 0.954 0.036
vt 0.963 0.047
vt 0.963 0.052
vt 0.965 0.036
vt 0.964 0.051
vt 0.964 0.051
vt 0.964 0.052
vt 0.964 0.051
vt 0.964 0.052
vt 0.964 0.052
vt 0.964 0.051
vt 0.965 0.05
vt 0.964 0.052
vt 0.965 0.05
vt 0.964 0.051
vt 0.964 0.052
vt 0.965 0.05
vt 0.965 0.049
vt 0.964 0.051
vt 0.965 0.049
vt 0.965 0.049
vt 0.964 0.051
vt 0.965 0.049
vt 0.965 0.048
vt 0.965 0.049
vt 0.965 0.048
vt 0.965 0.048
vt 0.965 0.049
vt 0.965 0.048
vt 0.965 0.046
vt 0.965 0.048
vt 0.965 0.046
vt 0.965 0.046
vt 0.965 0.048
vt 0.965 0.046
vt 0.965 0.045
vt 0.965 0.046
vt 0.965 0.045
vt 0.966 0.044
vt 0.965 0.046
vt 0.965 0.045
vt 0.966 0.044
vt 0.966 0.044
vt 0.966 0.044
vt 0.966 0.043
vt 0.966 0.044
vt 0.966 0.044
vt 0.966 0.044
vt 0.966 0.043
vt 0.966 0.044
vt 0.966 0.043
vt 0.966 0.043
vt 0.865 0.732
vt 0.96 0.732
vt 0.896 0.748
vt 0.896 0.748
vt 0.96 0.732
vt 0.921 0.764
vt 0.921 0.764
vt 0.96 0.732
vt 0.938 0.789
vt 0.938 0.789
vt 0.96 0.732
vt 0.944 0.819
vt 0.944 0.819
vt 0.96 0.732
vt 0.96 0.906
vt 0.865 0.742
vt 0.865 0.732
vt 0.896 0.748
vt 0.938 0.849
vt 0.944 0.819
vt 0.96 0.906
vt 0.921 0.874
vt 0.938 0.849
vt 0.96 0.906
vt 0.896 0.891
vt 0.921 0.874
vt 0.96 0.906
vt 0.96 0.906
vt 0.865 0.906
vt 0.896 0.891
vt 0.865 0.906
vt 0.865 0.896
vt 0.896 0.891
vt 0.954 0.032
vt 0.966 0.032
vt 0.954 0.032
vt 0.966 0.032
vt 0.965 0.032
vt 0.954 0.032
vt 0.964 0.044
vt 0.965 0.036
vt 0.965 0.036
vt 0.96 0.537
vt 0.981 0.537
vt 0.96 0.568
vt 0.981 0.537
vt 0.981 0.568
vt 0.96 0.568
vt 0.962 0.054
vt 0.954 0.054
vt 0.962 0.054
vt 0.954 0.054
vt 0.954 0.054
vt 0.962 0.054
vt 0.499 0.268
vt 0.499 0.441
vt 0.318 0.268
vt 0.499 0.441
vt 0.349 0.441
vt 0.318 0.268
vt 0.289 0.104
vt 0.499 0.104
vt 0.318 0.268
vt 0.499 0.104
vt 0.499 0.268
vt 0.318 0.268
vt 0.967 0.032
vt 0.968 0.032
vt 0.965 0.032
vt 0.968 0.032
vt 0.968 0.032
vt 0.965 0.032
vt 0.96 0.929
vt 0.865 0.929
vt 0.96 0.906
vt 0.865 0.929
vt 0.865 0.906
vt 0.96 0.906
vt 0.958 0.054
vt 0.958 0.054
vt 0.962 0.054
vt 0.958 0.054
vt 0.962 0.054
vt 0.962 0.054
vt 0.957 0.054
vt 0.958 0.054
vt 0.962 0.054
vt 0.956 0.054
vt 0.957 0.054
vt 0.962 0.054
vt 0.962 0.054
vt 0.954 0.054
vt 0.956 0.054
vt 0.954 0.054
vt 0.954 0.054
vt 0.956 0.054
vt 0.967 0.032
vt 0.967 0.032
vt 0.967 0.032
vt 0.967 0.032
vt 0.968 0.032
vt 0.967 0.032
vt 0.968 0.032
vt 0.968 0.032
vt 0.967 0.032
vt 0.968 0.032
vt 0.968 0.032
vt 0.967 0.032
vt 0.335 0.456
vt 0.33 0.448
vt 0.349 0.441
vt 0.981 0.906
vt 0.979 0.913
vt 0.96 0.906
vt 0.96 0.906
vt 0.974 0.921
vt 0.968 0.926
vt 0.335 0.456
vt 0.349 0.441
vt 0.343 0.461
vt 0.962 0.054
vt 0.963 0.054
vt 0.963 0.054
vt 0.962 0.054
vt 0.962 0.054
vt 0.963 0.054
vt 0.349 0.441
vt 0.353 0.464
vt 0.343 0.461
vt 0.967 0.032
vt 0.967 0.033
vt 0.967 0.032
vt 0.967 0.033
vt 0.967 0.033
vt 0.967 0.032
vt 0.967 0.032
vt 0.967 0.033
vt 0.968 0.032
vt 0.967 0.033
vt 0.968 0.033
vt 0.968 0.032
vt 0.968 0.032
vt 0.968 0.033
vt 0.968 0.032
vt 0.968 0.033
vt 0.968 0.033
vt 0.968 0.032
vt 0.968 0.032
vt 0.968 0.033
vt 0.968 0.032
vt 0.968 0.033
vt 0.968 0.033
vt 0.968 0.032
vt 0.96 0.929
vt 0.96 0.906
vt 0.968 0.926
vt 0.967 0.033
vt 0.966 0.043
vt 0.967 0.033
vt 0.966 0.043
vt 0.966 0.043
vt 0.967 0.033
vt 0.967 0.033
vt 0.966 0.043
vt 0.968 0.033
vt 0.966 0.043
vt 0.966 0.043
vt 0.968 0.033
vt 0.968 0.033
vt 0.966 0.043
vt 0.968 0.033
vt 0.966 0.043
vt 0.966 0.043
vt 0.968 0.033
vt 0.968 0.033
vt 0.966 0.043
vt 0.968 0.033
vt 0.966 0.043
vt 0.966 0.043
vt 0.968 0.033
vt 0.964 0.053
vt 0.966 0.043
vt 0.964 0.053
vt 0.966 0.043
vt 0.966 0.043
vt 0.964 0.053
vt 0.964 0.053
vt 0.966 0.043
vt 0.964 0.053
vt 0.966 0.043
vt 0.966 0.043
vt 0.964 0.053
vt 0.964 0.053
vt 0.966 0.043
vt 0.964 0.053
vt 0.966 0.043
vt 0.966 0.043
vt 0.964 0.053
vt 0.964 0.053
vt 0.966 0.043
vt 0.964 0.053
vt 0.966 0.043
vt 0.966 0.043
vt 0.964 0.053
vt 0.963 0.054
vt 0.963 0.054
vt 0.962 0.054
vt 0.96 0.906
vt 0.979 0.913
vt 0.974 0.921
vt 0.963 0.054
vt 0.963 0.054
vt 0.964 0.054
vt 0.963 0.054
vt 0.964 0.054
vt 0.964 0.054
vt 0.964 0.054
vt 0.964 0.054
vt 0.964 0.054
vt 0.964 0.054
vt 0.964 0.054
vt 0.964 0.054
vt 0.964 0.054
vt 0.964 0.054
vt 0.964 0.054
vt 0.964 0.054
vt 0.964 0.054
vt 0.964 0.054
vt 0.964 0.054
vt 0.964 0.054
vt 0.964 0.054
vt 0.964 0.054
vt 0.964 0.054
vt 0.964 0.054
vt 0.962 0.054
vt 0.963 0.054
vt 0.963 0.054
vt 0.33 0.448
vt 0.327 0.441
vt 0.349 0.441
vt 0.962 0.054
vt 0.954 0.054
vt 0.962 0.054
vt 0.954 0.054
vt 0.954 0.054
vt 0.962 0.054
vt 0.962 0.054
vt 0.954 0.054
vt 0.962 0.054
vt 0.954 0.054
vt 0.954 0.054
vt 0.962 0.054
vt 0.962 0.054
vt 0.954 0.054
vt 0.962 0.054
vt 0.954 0.054
vt 0.954 0.054
vt 0.962 0.054
vt 0.962 0.054
vt 0.954 0.054
vt 0.962 0.054
vt 0.954 0.054
vt 0.954 0.054
vt 0.962 0.054
vt 0.499 0.441
vt 0.499 0.464
vt 0.349 0.441
vt 0.499 0.464
vt 0.353 0.464
vt 0.349 0.441
vt 0.962 0.032
vt 0.962 0.032
vt 0.96 0.032
vt 0.962 0.032
vt 0.96 0.032
vt 0.96 0.032
vt 0.962 0.032
vt 0.962 0.052
vt 0.96 0.032
vt 0.962 0.052
vt 0.96 0.052
vt 0.96 0.032
vt 0.96 0.032
vt 0.96 0.052
vt 0.96 0.032
vt 0.96 0.052
vt 0.96 0.052
vt 0.96 0.032
vt 0.962 0.032
vt 0.962 0.052
vt 0.962 0.032
vt 0.962 0.052
vt 0.962 0.052
vt 0.962 0.032
vt 0.959 0.032
vt 0.958 0.032
vt 0.959 0.032
vt 0.958 0.032
vt 0.958 0.032
vt 0.959 0.032
vt 0.959 0.032
vt 0.957 0.032
vt 0.959 0.032
vt 0.957 0.032
vt 0.958 0.032
vt 0.959 0.032
vt 0.958 0.032
vt 0.957 0.032
vt 0.959 0.032
vt 0.957 0.032
vt 0.957 0.032
vt 0.959 0.032
vt 0.956 0.032
vt 0.957 0.032
vt 0.957 0.032
vt 0.957 0.032
vt 0.958 0.032
vt 0.957 0.032
vt 0.957 0.032
vt 0.956 0.032
vt 0.956 0.032
vt 0.956 0.032
vt 0.956 0.032
vt 0.957 0.032
vt 0.956 0.032
vt 0.957 0.032
vt 0.957 0.032
vt 0.956 0.032
vt 0.956 0.032
vt 0.957 0.032
vt 0.956 0.032
vt 0.957 0.032
vt 0.957 0.032
vt 0.957 0.032
vt 0.956 0.032
vt 0.957 0.032
vt 0.956 0.032
vt 0.956 0.032
vt 0.957 0.032
vt 0.956 0.033
vt 0.956 0.032
vt 0.957 0.033
vt 0.956 0.032
vt 0.957 0.032
vt 0.957 0.033
vt 0.956 0.032
vt 0.956 0.032
vt 0.957 0.032
vt 0.956 0.032
vt 0.957 0.032
vt 0.957 0.032
vt 0.957 0.032
vt 0.957 0.032
vt 0.957 0.052
vt 0.957 0.032
vt 0.957 0.052
vt 0.957 0.052
vt 0.957 0.032
vt 0.957 0.032
vt 0.957 0.052
vt 0.957 0.032
vt 0.957 0.052
vt 0.957 0.052
vt 0.958 0.032
vt 0.958 0.032
vt 0.958 0.052
vt 0.958 0.032
vt 0.958 0.052
vt 0.958 0.052
vt 0.956 0.032
vt 0.956 0.032
vt 0.956 0.052
vt 0.956 0.032
vt 0.956 0.052
vt 0.956 0.052
vt 0.956 0.034
vt 0.956 0.033
vt 0.957 0.034
vt 0.956 0.033
vt 0.957 0.033
vt 0.957 0.034
vt 0.958 0.032
vt 0.959 0.032
vt 0.958 0.052
vt 0.959 0.032
vt 0.959 0.052
vt 0.958 0.052
vt 0.956 0.032
vt 0.956 0.032
vt 0.956 0.052
vt 0.956 0.032
vt 0.956 0.052
vt 0.956 0.052
vt 0.959 0.032
vt 0.959 0.032
vt 0.959 0.052
vt 0.959 0.032
vt 0.959 0.052
vt 0.959 0.052
vt 0.957 0.032
vt 0.957 0.032
vt 0.957 0.052
vt 0.957 0.032
vt 0.957 0.052
vt 0.957 0.052
vt 0.956 0.032
vt 0.956 0.034
vt 0.956 0.052
vt 0.956 0.034
vt 0.956 0.04
vt 0.956 0.052
vt 0.957 0.032
vt 0.958 0.032
vt 0.957 0.052
vt 0.958 0.032
vt 0.958 0.052
vt 0.957 0.052
vt 0.957 0.032
vt 0.956 0.032
vt 0.957 0.052
vt 0.956 0.032
vt 0.956 0.052
vt 0.957 0.052
vt 0.958 0.032
vt 0.957 0.032
vt 0.958 0.052
vt 0.957 0.032
vt 0.957 0.052
vt 0.958 0.052
vt 0.956 0.032
vt 0.956 0.032
vt 0.956 0.052
vt 0.956 0.032
vt 0.956 0.052
vt 0.956 0.052
vt 0.956 0.032
vt 0.956 0.032
vt 0.956 0.052
vt 0.956 0.032
vt 0.956 0.052
vt 0.956 0.052
vt 0.957 0.032
vt 0.957 0.032
vt 0.957 0.052
vt 0.957 0.032
vt 0.957 0.052
vt 0.957 0.052
vt 0.959 0.032
vt 0.959 0.032
vt 0.959 0.052
vt 0.959 0.032
vt 0.959 0.052
vt 0.959 0.052
vt 0.956 0.04
vt 0.957 0.04
vt 0.956 0.041
vt 0.957 0.04
vt 0.957 0.041
vt 0.956 0.041
vt 0.956 0.041
vt 0.957 0.041
vt 0.956 0.041
vt 0.957 0.041
vt 0.957 0.041
vt 0.956 0.041
vt 0.956 0.041
vt 0.957 0.041
vt 0.956 0.041
vt 0.957 0.041
vt 0.957 0.041
vt 0.956 0.041
vt 0.956 0.041
vt 0.957 0.041
vt 0.956 0.041
vt 0.957 0.041
vt 0.957 0.041
vt 0.956 0.041
vt 0.957 0.052
vt 0.957 0.041
vt 0.957 0.041
vt 0.957 0.052
vt 0.957 0.041
vt 0.957 0.041
vt 0.957 0.052
vt 0.957 0.041
vt 0.957 0.041
vt 0.957 0.052
vt 0.957 0.041
vt 0.957 0.04
vt 0.956 0.052
vt 0.956 0.04
vt 0.956 0.041
vt 0.956 0.052
vt 0.956 0.041
vt 0.956 0.041
vt 0.956 0.052
vt 0.956 0.041
vt 0.956 0.041
vt 0.956 0.052
vt 0.956 0.041
vt 0.956 0.041
vt 0.956 0.041
vt 0.956 0.052
vt 0.956 0.052
vt 0.957 0.052
vt 0.957 0.052
vt 0.957 0.041
vt 0.957 0.032
vt 0.957 0.032
vt 0.956 0.032
vt 0.957 0.032
vt 0.956 0.032
vt 0.956 0.032
vt 0.956 0.032
vt 0.956 0.033
vt 0.956 0.032
vt 0.956 0.034
vt 0.956 0.032
vt 0.956 0.033
vt 0.956 0.032
vt 0.956 0.032
vt 0.956 0.033
vt 0.956 0.04
vt 0.956 0.034
vt 0.957 0.04
vt 0.956 0.034
vt 0.957 0.034
vt 0.957 0.04
vt 0.957 0.04
vt 0.957 0.034
vt 0.957 0.052
vt 0.957 0.034
vt 0.957 0.032
vt 0.957 0.052
vt 0.957 0.033
vt 0.957 0.032
vt 0.957 0.034
vt 0.957 0.032
vt 0.957 0.032
vt 0.957 0.034
vt 0.957 0.032
vt 0.957 0.032
vt 0.957 0.033
vt 0.964 0.053
vt 0.964 0.053
vt 0.964 0.053
vt 0.964 0.053
vt 0.964 0.053
vt 0.964 0.053
vt 0.964 0.053
vt 0.964 0.053
vt 0.964 0.053
vt 0.964 0.053
vt 0.964 0.053
vt 0.964 0.053
vt 0.964 0.053
vt 0.964 0.053
vt 0.964 0.053
vt 0.964 0.053
vt 0.964 0.053
vt 0.964 0.053
vt 0.964 0.053
vt 0.964 0.053
vt 0.964 0.053
vt 0.964 0.053
vt 0.964 0.053
vt 0.964 0.053
vt 0.963 0.053
vt 0.964 0.053
vt 0.964 0.053
vt 0.964 0.053
vt 0.964 0.053
vt 0.964 0.053
vt 0.964 0.053
vt 0.964 0.053
vt 0.964 0.053
vt 0.964 0.053
vt 0.964 0.053
vt 0.964 0.053
vt 0.964 0.053
vt 0.964 0.053
vt 0.964 0.053
vt 0.964 0.053
vt 0.964 0.053
vt 0.964 0.053
vt 0.964 0.053
vt 0.964 0.053
vt 0.964 0.053
vt 0.964 0.053
vt 0.964 0.053
vt 0.964 0.053
vt 0.963 0.054
vt 0.963 0.054
vt 0.963 0.053
vt 0.964 0.054
vt 0.964 0.054
vt 0.964 0.053
vt 0.964 0.054
vt 0.964 0.053
vt 0.964 0.053
vt 0.964 0.054
vt 0.964 0.054
vt 0.964 0.053
vt 0.964 0.054
vt 0.964 0.053
vt 0.964 0.053
vt 0.964 0.054
vt 0.964 0.054
vt 0.964 0.054
vt 0.964 0.054
vt 0.964 0.054
vt 0.964 0.054
vt 0.964 0.054
vt 0.964 0.054
vt 0.964 0.054
vt 0.964 0.054
vt 0.964 0.054
vt 0.964 0.054
vt 0.964 0.054
vt 0.964 0.054
vt 0.964 0.054
vt 0.964 0.054
vt 0.964 0.054
vt 0.964 0.054
vt 0.963 0.054
vt 0.964 0.054
vt 0.964 0.054
vt 0.964 0.054
vt 0.964 0.054
vt 0.964 0.054
vt 0.963 0.054
vt 0.963 0.054
vt 0.963 0.054
vt 0.963 0.054
vt 0.964 0.054
vt 0.963 0.054
vt 0.964 0.054
vt 0.964 0.054
vt 0.964 0.054
vt 0.964 0.054
vt 0.964 0.054
vt 0.964 0.054
vt 0.964 0.054
vt 0.964 0.054
vt 0.964 0.054
vt 0.964 0.054
vt 0.964 0.054
vt 0.964 0.054
vt 0.964 0.054
vt 0.964 0.054
vt 0.963 0.054
vt 0.964 0.054
vt 0.964 0.054
vt 0.963 0.054
vt 0.963 0.054
vt 0.964 0.054
vt 0.963 0.054
vt 0.964 0.054
vt 0.963 0.054
vt 0.963 0.054
vt 0.964 0.054
vt 0.964 0.054
vt 0.964 0.054
vt 0.964 0.054
vt 0.964 0.054
vt 0.964 0.054
vt 0.963 0.054
vt 0.963 0.054
vt 0.963 0.054
vt 0.963 0.054
vt 0.963 0.054
vt 0.963 0.054
vt 0.964 0.054
vt 0.964 0.054
vt 0.964 0.054
vt 0.964 0.054
vt 0.964 0.054
vt 0.964 0.054
vt 0.964 0.054
vt 0.964 0.054
vt 0.964 0.054
vt 0.964 0.054
vt 0.964 0.054
vt 0.964 0.054
vt 0.964 0.054
vt 0.964 0.054
vt 0.964 0.054
vt 0.964 0.054
vt 0.964 0.054
vt 0.963 0.054
vt 0.964 0.054
vt 0.963 0.054
vt 0.963 0.054
vt 0.963 0.054
vt 0.964 0.054
vt 0.964 0.054
vt 0.964 0.054
vt 0.964 0.054
vt 0.964 0.054
vt 0.964 0.054
vt 0.964 0.054
vt 0.964 0.054
vt 0.964 0.054
vt 0.964 0.054
vt 0.964 0.054
vt 0.964 0.054
vt 0.964 0.054
vt 0.964 0.054
vt 0.964 0.054
vt 0.964 0.054
vt 0.964 0.054
vt 0.964 0.054
vt 0.964 0.054
vt 0.964 0.054
vt 0.964 0.054
vt 0.964 0.054
vt 0.964 0.054
vt 0.964 0.054
vt 0.964 0.054
vt 0.964 0.054
vt 0.964 0.054
vt 0.964 0.054
vt 0.964 0.054
vt 0.964 0.054
vt 0.964 0.054
vt 0.964 0.054
vt 0.964 0.054
vt 0.964 0.054
vt 0.964 0.054
vt 0.964 0.054
vt 0.964 0.054
vt 0.964 0.054
vt 0.964 0.054
vt 0.964 0.054
vt 0.964 0.054
vt 0.964 0.054
vt 0.964 0.054
vt 0.964 0.054
vt 0.964 0.054
vt 0.964 0.054
vt 0.964 0.054
vt 0.964 0.054
vt 0.964 0.054
vt 0.964 0.054
vt 0.964 0.054
vt 0.964 0.054
vt 0.964 0.053
vt 0.964 0.054
vt 0.964 0.053
vt 0.964 0.053
vt 0.964 0.053
vt 0.964 0.054
vt 0.964 0.054
vt 0.963 0.054
vt 0.963 0.054
vt 0.964 0.054
vt 0.963 0.054
vt 0.964 0.054
vt 0.964 0.054
vt 0.963 0.054
vt 0.963 0.054
vt 0.964 0.054
vt 0.963 0.054
vt 0.963 0.054
vt 0.964 0.054
vt 0.963 0.054
vt 0.963 0.054
vt 0.963 0.054
vt 0.963 0.054
vt 0.963 0.054
vt 0.963 0.054
vt 0.962 0.054
vt 0.962 0.054
vt 0.963 0.054
vt 0.962 0.054
vt 0.963 0.054
vt 0.963 0.054
vt 0.962 0.054
vt 0.962 0.054
vt 0.963 0.054
vt 0.962 0.054
vt 0.963 0.054
vt 0.963 0.054
vt 0.962 0.054
vt 0.962 0.054
vt 0.963 0.054
vt 0.962 0.054
vt 0.963 0.054
vt 0.963 0.054
vt 0.962 0.054
vt 0.962 0.054
vt 0.963 0.054
vt 0.962 0.054
vt 0.963 0.054
vt 0.963 0.054
vt 0.963 0.054
vt 0.962 0.054
vt 0.963 0.054
vt 0.964 0.054
vt 0.963 0.054
vt 0.964 0.054
vt 0.963 0.054
vt 0.963 0.054
vt 0.963 0.054
vt 0.963 0.054
vt 0.963 0.054
vt 0.963 0.054
vt 0.963 0.054
vt 0.963 0.054
vt 0.963 0.054
vt 0.963 0.054
vt 0.963 0.054
vt 0.963 0.054
vt 0.963 0.054
vt 0.963 0.054
vt 0.963 0.054
vt 0.963 0.054
vt 0.963 0.054
vt 0.963 0.054
vt 0.964 0.054
vt 0.964 0.053
vt 0.963 0.054
vt 0.964 0.053
vt 0.963 0.053
vt 0.963 0.054
vt 0.963 0.054
vt 0.963 0.054
vt 0.963 0.054
vt 0.963 0.054
vt 0.963 0.054
vt 0.963 0.054
vt 0.964 0.054
vt 0.963 0.054
vt 0.964 0.054
vt 0.963 0.054
vt 0.963 0.054
vt 0.964 0.054
vt 0.963 0.054
vt 0.963 0.054
vt 0.963 0.054
vt 0.963 0.054
vt 0.963 0.054
vt 0.963 0.054
usemtl MB_192_official_7774
s off
f 1522/1 1523/2 2121/3
f 2121/4 1524/5 1708/6
f 2121/7 1523/8 1524/9
f 2121/10 1904/11 1522/12
f 2338/13 2337/14 1521/15
f 2337/16 1903/17 1521/18
f 1521/19 1519/20 2338/21
f 1519/22 2339/23 2338/24
f 1519/25 1520/26 2339/27
f 1520/28 2344/29 2339/30
f 1704/31 2343/32 1520/33
f 2343/34 2344/35 1520/36
f 2414/37 1542/38 2413/39
f 1542/40 1541/41 2413/42
f 2413/43 1541/44 2410/45
f 1541/46 2377/47 2410/48
f 1560/49 1564/50 1721/51
f 1564/52 1720/53 1721/54
f 1562/55 1561/56 1582/57
f 1561/58 2415/59 1582/60
f 1919/61 1920/62 1533/63
f 1920/64 1534/65 1533/66
f 1533/67 1534/68 1532/69
f 1534/70 1535/71 1532/72
f 1531/73 1532/74 1536/75
f 1532/76 1535/77 1536/78
f 1530/79 1531/80 1537/81
f 1531/82 1536/83 1537/84
f 1529/85 1530/86 1538/87
f 1530/88 1537/89 1538/90
f 1529/91 1538/92 1528/93
f 1538/94 1539/95 1528/96
f 1527/97 1528/98 1540/99
f 1528/100 1539/101 1540/102
f 1911/103 1527/104 1928/105
f 1527/106 1540/107 1928/108
f 2375/109 1935/110 1543/111
f 1935/112 1938/113 1543/114
f 1553/115 1949/116 1544/117
f 1949/118 1908/119 1544/120
f 1565/121 1567/122 2399/123
f 1567/124 1543/125 2399/126
f 1541/127 1939/128 2377/129
f 1939/130 1936/131 2377/132
f 1560/133 1572/134 1564/135
f 1572/136 2400/137 1564/138
f 1554/139 1553/140 1547/141
f 1553/142 1544/143 1547/144
f 1562/145 1582/146 1560/147
f 1582/148 1572/149 1560/150
f 1555/151 1554/152 1548/153
f 1554/154 1547/155 1548/156
f 1963/157 1991/158 1563/159
f 1991/160 2416/161 1563/162
f 1556/163 1555/164 1549/165
f 1555/166 1548/167 1549/168
f 1557/169 1556/170 1550/171
f 1556/172 1549/173 1550/174
f 1558/175 1557/176 1551/177
f 1557/178 1550/179 1551/180
f 1559/181 1558/182 1552/183
f 1558/184 1551/185 1552/186
f 1546/187 2378/188 1545/189
f 2378/190 2376/191 1545/192
f 2347/193 1941/194 1525/195
f 2389/196 1559/197 1948/198
f 1559/199 1552/200 1948/201
f 2355/202 2354/203 1526/204
f 2384/205 1801/206 2366/207
f 1801/208 2397/209 2366/210
f 2353/211 1526/212 2354/213
f 2352/214 1526/215 2353/216
f 2162/217 1725/218 2382/219
f 1725/220 2380/221 2382/222
f 2352/223 2351/224 1526/225
f 2367/226 2365/227 2385/228
f 2365/229 1937/230 2385/231
f 1525/232 2349/233 2348/234
f 1525/235 2350/236 2349/237
f 1525/238 2348/239 2347/240
f 1525/241 2351/242 2350/243
f 2384/244 2381/245 1801/246
f 2381/247 2387/248 1801/249
f 2351/250 1525/251 1526/252
f 2364/253 2363/254 1957/255
f 2363/256 2388/257 1957/258
f 2363/259 2362/260 2388/261
f 2362/262 2390/263 2388/264
f 2362/265 2361/266 2390/267
f 2361/268 2391/269 2390/270
f 2361/271 2360/272 2391/273
f 2360/274 2392/275 2391/276
f 2360/277 2359/278 2392/279
f 2359/280 2393/281 2392/282
f 2359/283 2358/284 2393/285
f 2358/286 2394/287 2393/288
f 2358/289 2357/290 2394/291
f 2357/292 2395/293 2394/294
f 2357/295 2356/296 2395/297
f 2356/298 2396/299 2395/300
f 1939/301 1541/302 2379/303
f 2379/304 1541/305 2374/306
f 2374/307 1541/308 2373/309
f 2373/310 1541/311 2372/312
f 2372/313 1541/314 1542/315
f 2383/316 1939/317 2379/318
f 2371/319 2372/320 1542/321
f 2370/322 2371/323 1542/324
f 2368/325 2370/326 1542/327
f 1542/328 1940/329 2368/330
f 1940/331 2369/332 2368/333
f 2398/334 2399/335 1719/336
f 2399/337 1543/338 1719/339
f 2355/340 1526/341 2386/342
f 1545/343 2405/344 1546/345
f 2405/346 2409/347 1546/348
f 2423/349 2422/350 1563/351
f 2422/352 1724/353 1563/354
f 1722/355 1723/356 1562/357
f 1723/358 1561/359 1562/360
f 1560/361 1721/362 1562/363
f 1721/364 1722/365 1562/366
f 1567/367 1566/368 1543/369
f 1566/370 2375/371 1543/372
f 2419/373 2418/374 1542/375
f 2418/376 1940/377 1542/378
f 2345/379 2346/380 1963/381
f 2345/382 1963/383 1563/384
f 2340/385 2345/386 1563/387
f 2341/388 2340/389 1563/390
f 1563/391 1724/392 2341/393
f 1724/394 2342/395 2341/396
f 1565/397 1568/398 1567/399
f 1568/400 1569/401 1567/402
f 1569/403 1570/404 1567/405
f 1570/406 1566/407 1567/408
f 1655/409 1654/410 1561/411
f 2414/412 1662/413 1542/414
f 1542/415 1661/416 1660/417
f 1655/418 1561/419 1656/420
f 1563/421 1657/422 1658/423
f 2423/424 1563/425 1659/426
f 1561/427 2420/428 1656/429
f 2401/430 2407/431 2402/432
f 2407/433 1575/434 2402/435
f 2402/436 1575/437 2403/438
f 1575/439 1574/440 2403/441
f 2403/442 1574/443 2404/444
f 1574/445 1573/446 2404/447
f 2404/448 1573/449 2406/450
f 1573/451 1571/452 2406/453
f 2419/454 1542/455 1660/456
f 2407/457 2412/458 1575/459
f 2412/460 1585/461 1575/462
f 1575/463 1585/464 1574/465
f 1585/466 1584/467 1574/468
f 1574/469 1584/470 2408/471
f 1584/472 1583/473 2408/474
f 2408/475 1583/476 2411/477
f 1583/478 1581/479 2411/480
f 1577/481 1581/482 1580/483
f 1581/484 1583/485 1580/486
f 1580/487 1583/488 1579/489
f 1583/490 1584/491 1579/492
f 1579/493 1584/494 1578/495
f 1584/496 1585/497 1578/498
f 1578/499 1585/500 1576/501
f 1585/502 2412/503 1576/504
f 2416/505 1657/506 1563/507
f 1542/508 1662/509 1661/510
f 1587/511 2417/512 1590/513
f 2417/514 1994/515 1590/516
f 1590/517 1994/518 1589/519
f 1994/520 1993/521 1589/522
f 1589/523 1993/524 1588/525
f 1993/526 1992/527 1588/528
f 1588/529 1992/530 1586/531
f 1992/532 1990/533 1586/534
f 1563/535 1658/536 1659/537
f 1654/538 2415/539 1561/540
f 1592/541 1758/542 1595/543
f 1758/544 1761/545 1595/546
f 1595/547 1761/548 1594/549
f 1761/550 1760/551 1594/552
f 1594/553 1760/554 1593/555
f 1760/556 1759/557 1593/558
f 1593/559 1759/560 1591/561
f 1759/562 1757/563 1591/564
f 1723/565 2421/566 1561/567
f 2421/568 2420/569 1561/570
f 1596/571 1598/572 1597/573
f 1598/574 1599/575 1597/576
f 2424/577 2430/578 2428/579
f 2430/580 2431/581 2428/582
f 2429/583 1603/584 2427/585
f 1603/586 1601/587 2427/588
f 2426/589 1600/590 2425/591
f 1600/592 1602/593 2425/594
f 1608/595 1613/596 1604/597
f 1613/598 1611/599 1604/600
f 1609/601 1614/602 1608/603
f 1614/604 1613/605 1608/606
f 1610/607 1615/608 1609/609
f 1615/610 1614/611 1609/612
f 1612/613 1615/614 1619/615
f 1615/616 1610/617 1619/618
f 1622/619 2446/620 1618/621
f 1617/622 1616/623 1621/624
f 1616/625 1620/626 1621/627
f 1616/628 1612/629 1620/630
f 1612/631 1619/632 1620/633
f 1622/634 1618/635 1621/636
f 1618/637 1617/638 1621/639
f 1650/640 1649/641 1653/642
f 1649/643 1652/644 1653/645
f 1649/646 1648/647 1652/648
f 1648/649 1651/650 1652/651
f 2448/652 2447/653 1639/654
f 2447/655 1638/656 1639/657
f 2440/658 2441/659 1633/660
f 2441/661 1634/662 1633/663
f 2438/664 2439/665 1630/666
f 2439/667 1632/668 1630/669
f 2444/670 2445/671 1636/672
f 2445/673 1637/674 1636/675
f 2453/676 1650/677 1606/678
f 1650/679 1653/680 1606/681
f 2437/682 2436/683 1629/684
f 2436/685 1628/686 1629/687
f 2442/688 2443/689 1631/690
f 2443/691 1635/692 1631/693
f 2435/694 2434/695 1627/696
f 2434/697 1623/698 1627/699
f 2449/700 2448/701 1640/702
f 2448/703 1639/704 1640/705
f 1607/706 1605/707 1626/708
f 1605/709 1624/710 1626/711
f 2447/712 2437/713 1638/714
f 2437/715 1629/716 1638/717
f 2441/718 2442/719 1634/720
f 2442/721 1631/722 1634/723
f 2439/724 2440/725 1632/726
f 2440/727 1633/728 1632/729
f 2445/730 1607/731 1637/732
f 1607/733 1626/734 1637/735
f 2443/736 2444/737 1635/738
f 2444/739 1636/740 1635/741
f 2450/742 2449/743 1641/744
f 2449/745 1640/746 1641/747
f 2436/748 2435/749 1628/750
f 2435/751 1627/752 1628/753
f 2452/754 1625/755 1642/756
f 1625/757 1643/758 1642/759
f 1642/760 1643/761 1644/762
f 1643/763 1645/764 1644/765
f 1644/766 1645/767 1646/768
f 1645/769 1647/770 1646/771
f 1646/772 1647/773 2052/774
f 1647/775 2053/776 2052/777
f 1641/778 2463/779 2461/780
f 1641/781 2461/782 2459/783
f 1641/784 2459/785 2457/786
f 1641/787 2457/788 2456/789
f 1626/790 1624/791 2455/792
f 1626/793 2455/794 2458/795
f 1626/796 2458/797 2460/798
f 1626/799 2460/800 2462/801
f 2462/802 2054/803 1626/804
f 1641/805 2055/806 2463/807
f 1622/808 1651/809 2446/810
f 1651/811 1648/812 2446/813
f 2465/814 2466/815 2464/816
f 1605/817 1607/818 2466/819
f 1607/820 2464/821 2466/822
f 2452/823 2453/824 1625/825
f 2453/826 1606/827 1625/828
f 2456/829 2433/830 1641/831
f 2433/832 2450/833 1641/834
f 2432/835 2454/836 2433/837
f 2454/838 2450/839 2433/840
f 2451/841 2454/842 2432/843
f 1577/844 1580/845 2474/846
f 1580/847 1665/848 2474/849
f 1580/850 1579/851 1665/852
f 1579/853 1664/854 1665/855
f 1579/856 1578/857 1664/858
f 1578/859 1663/860 1664/861
f 1578/862 1576/863 1663/864
f 1576/865 2467/866 1663/867
f 2468/868 1675/869 2467/870
f 1675/871 1663/872 2467/873
f 1663/874 1675/875 1664/876
f 1675/877 1674/878 1664/879
f 1664/880 1674/881 1665/882
f 1674/883 1673/884 1665/885
f 2473/886 2474/887 1673/888
f 2474/889 1665/890 1673/891
f 2469/892 1701/893 2468/894
f 1672/895 1671/896 1675/897
f 1671/898 1674/899 1675/900
f 1671/901 1670/902 1674/903
f 1670/904 1673/905 1674/906
f 1670/907 1679/908 1688/909
f 1679/910 1692/911 1688/912
f 1668/913 1678/914 1669/915
f 1678/916 1679/917 1669/918
f 1667/919 1677/920 1668/921
f 1677/922 1678/923 1668/924
f 1666/925 1676/926 1667/927
f 1676/928 1677/929 1667/930
f 2470/931 2472/932 1666/933
f 2472/934 1676/935 1666/936
f 1670/937 1671/938 1679/939
f 1671/940 1669/941 1679/942
f 1668/943 1669/944 1682/945
f 1669/946 1683/947 1682/948
f 1667/949 1668/950 1681/951
f 1668/952 1682/953 1681/954
f 1666/955 1667/956 1680/957
f 1667/958 1681/959 1680/960
f 1672/961 1683/962 1671/963
f 1683/964 1669/965 1671/966
f 2470/967 1666/968 2471/969
f 1666/970 1680/971 2471/972
f 1589/973 1588/974 1685/975
f 1588/976 1684/977 1685/978
f 1590/979 1589/980 1686/981
f 1589/982 1685/983 1686/984
f 2475/985 1687/986 1586/987
f 1590/988 1686/989 1587/990
f 1686/991 2472/992 1587/993
f 2472/994 1686/995 1689/996
f 1690/997 1689/998 1685/999
f 1689/1000 1686/1001 1685/1002
f 1691/1003 1690/1004 1684/1005
f 1690/1006 1685/1007 1684/1008
f 1691/1009 1684/1010 1692/1011
f 1684/1012 1687/1013 1692/1014
f 1588/1015 1586/1016 1684/1017
f 1586/1018 1687/1019 1684/1020
f 1688/1021 1692/1022 2475/1023
f 1692/1024 1687/1025 2475/1026
f 1678/1027 1691/1028 1679/1029
f 1691/1030 1692/1031 1679/1032
f 1678/1033 1677/1034 1691/1035
f 1677/1036 1690/1037 1691/1038
f 1677/1039 1676/1040 1690/1041
f 1676/1042 1689/1043 1690/1044
f 1670/1045 1688/1046 1673/1047
f 1688/1048 2473/1049 1673/1050
f 2473/1051 1688/1052 2475/1053
f 1697/1054 1698/1055 1683/1056
f 1698/1057 1682/1058 1683/1059
f 1698/1060 1699/1061 1682/1062
f 1699/1063 1681/1064 1682/1065
f 1699/1066 1700/1067 1681/1068
f 1700/1069 1680/1070 1681/1071
f 1594/1072 1593/1073 1695/1074
f 1593/1075 1696/1076 1695/1077
f 1595/1078 1594/1079 1694/1080
f 1594/1081 1695/1082 1694/1083
f 1592/1084 1595/1085 1693/1086
f 1595/1087 1694/1088 1693/1089
f 1593/1090 1591/1091 1696/1092
f 1591/1093 2471/1094 1696/1095
f 2469/1096 1592/1097 1693/1098
f 1676/1099 2472/1100 1689/1101
f 1695/1102 1696/1103 1699/1104
f 1696/1105 1700/1106 1699/1107
f 1694/1108 1695/1109 1698/1110
f 1695/1111 1699/1112 1698/1113
f 1693/1114 1694/1115 1697/1116
f 1694/1117 1698/1118 1697/1119
f 1672/1120 1675/1121 1701/1122
f 1675/1123 2468/1124 1701/1125
f 2469/1126 1693/1127 1701/1128
f 1693/1129 1697/1130 1701/1131
f 1672/1132 1701/1133 1683/1134
f 1701/1135 1697/1136 1683/1137
f 1696/1138 2471/1139 1700/1140
f 1680/1141 1700/1142 2471/1143
f 1706/1144 2121/1145 1707/1146
f 2121/1147 1708/1148 1709/1149
f 2121/1150 1709/1151 1707/1152
f 2121/1153 1706/1154 2115/1155
f 2477/1156 1705/1157 2476/1158
f 1705/1159 2114/1160 2476/1161
f 2478/1162 1702/1163 2477/1164
f 1702/1165 1705/1166 2477/1167
f 2481/1168 1703/1169 2478/1170
f 1703/1171 1702/1172 2478/1173
f 1704/1174 1703/1175 2343/1176
f 1703/1177 2481/1178 2343/1179
f 2548/1180 2547/1181 1734/1182
f 2547/1183 1733/1184 1734/1185
f 2547/1186 2544/1187 1733/1188
f 2544/1189 2514/1190 1733/1191
f 1752/1192 1721/1193 1756/1194
f 1721/1195 1720/1196 1756/1197
f 1754/1198 1779/1199 1753/1200
f 1779/1201 2549/1202 1753/1203
f 2132/1204 1718/1205 2140/1206
f 1718/1207 1726/1208 2140/1209
f 1718/1210 1717/1211 1726/1212
f 1717/1213 1727/1214 1726/1215
f 1716/1216 1728/1217 1717/1218
f 1728/1219 1727/1220 1717/1221
f 1715/1222 1729/1223 1716/1224
f 1729/1225 1728/1226 1716/1227
f 1714/1228 1730/1229 1715/1230
f 1730/1231 1729/1232 1715/1233
f 1714/1234 1713/1235 1730/1236
f 1713/1237 1731/1238 1730/1239
f 1712/1240 1732/1241 1713/1242
f 1732/1243 1731/1244 1713/1245
f 2124/1246 2148/1247 1712/1248
f 2148/1249 1732/1250 1712/1251
f 2512/1252 1735/1253 2155/1254
f 1735/1255 2158/1256 2155/1257
f 1745/1258 1736/1259 2170/1260
f 1736/1261 2120/1262 2170/1263
f 1762/1264 2533/1265 1764/1266
f 2533/1267 1735/1268 1764/1269
f 1733/1270 2514/1271 2159/1272
f 2514/1273 2156/1274 2159/1275
f 1752/1276 1756/1277 1769/1278
f 1756/1279 2534/1280 1769/1281
f 1746/1282 1739/1283 1745/1284
f 1739/1285 1736/1286 1745/1287
f 1754/1288 1752/1289 1779/1290
f 1752/1291 1769/1292 1779/1293
f 1747/1294 1740/1295 1746/1296
f 1740/1297 1739/1298 1746/1299
f 2184/1300 1755/1301 2217/1302
f 1755/1303 2550/1304 2217/1305
f 1748/1306 1741/1307 1747/1308
f 1741/1309 1740/1310 1747/1311
f 1749/1312 1742/1313 1748/1314
f 1742/1315 1741/1316 1748/1317
f 1750/1318 1743/1319 1749/1320
f 1743/1321 1742/1322 1749/1323
f 1751/1324 1744/1325 1750/1326
f 1744/1327 1743/1328 1750/1329
f 1738/1330 1737/1331 2515/1332
f 1737/1333 2513/1334 2515/1335
f 2484/1336 1710/1337 2161/1338
f 2525/1339 2169/1340 1751/1341
f 2169/1342 1744/1343 1751/1344
f 2492/1345 1711/1346 2491/1347
f 2521/1348 2503/1349 1801/1350
f 2503/1351 2397/1352 1801/1353
f 2490/1354 2491/1355 1711/1356
f 2489/1357 2490/1358 1711/1359
f 2162/1360 2519/1361 1725/1362
f 2519/1363 2517/1364 1725/1365
f 2489/1366 1711/1367 2488/1368
f 2504/1369 2522/1370 2502/1371
f 2522/1372 2157/1373 2502/1374
f 1710/1375 2485/1376 2486/1377
f 1710/1378 2486/1379 2487/1380
f 1710/1381 2484/1382 2485/1383
f 1710/1384 2487/1385 2488/1386
f 2521/1387 1801/1388 2518/1389
f 1801/1390 2387/1391 2518/1392
f 2488/1393 1711/1394 1710/1395
f 2501/1396 2178/1397 2500/1398
f 2178/1399 2524/1400 2500/1401
f 2500/1402 2524/1403 2499/1404
f 2524/1405 2526/1406 2499/1407
f 2499/1408 2526/1409 2498/1410
f 2526/1411 2527/1412 2498/1413
f 2498/1414 2527/1415 2497/1416
f 2527/1417 2528/1418 2497/1419
f 2497/1420 2528/1421 2496/1422
f 2528/1423 2529/1424 2496/1425
f 2496/1426 2529/1427 2495/1428
f 2529/1429 2530/1430 2495/1431
f 2495/1432 2530/1433 2494/1434
f 2530/1435 2531/1436 2494/1437
f 2494/1438 2531/1439 2493/1440
f 2531/1441 2532/1442 2493/1443
f 2159/1444 2516/1445 1733/1446
f 2516/1447 2511/1448 1733/1449
f 2511/1450 2510/1451 1733/1452
f 2510/1453 2509/1454 1733/1455
f 2509/1456 1734/1457 1733/1458
f 2520/1459 2516/1460 2159/1461
f 2508/1462 1734/1463 2509/1464
f 2507/1465 1734/1466 2508/1467
f 2505/1468 1734/1469 2507/1470
f 1734/1471 2505/1472 2160/1473
f 2160/1474 2505/1475 2506/1476
f 2398/1477 1719/1478 2533/1479
f 1719/1480 1735/1481 2533/1482
f 2492/1483 2523/1484 1711/1485
f 1737/1486 1738/1487 2539/1488
f 1738/1489 2543/1490 2539/1491
f 2555/1492 1755/1493 2422/1494
f 1755/1495 1724/1496 2422/1497
f 1722/1498 1754/1499 1723/1500
f 1754/1501 1753/1502 1723/1503
f 1752/1504 1754/1505 1721/1506
f 1754/1507 1722/1508 1721/1509
f 1764/1510 1735/1511 1763/1512
f 1735/1513 2512/1514 1763/1515
f 2553/1516 1734/1517 2552/1518
f 1734/1519 2160/1520 2552/1521
f 2482/1522 2184/1523 2483/1524
f 2482/1525 1755/1526 2184/1527
f 2479/1528 1755/1529 2482/1530
f 2480/1531 1755/1532 2479/1533
f 1755/1534 2480/1535 1724/1536
f 1724/1537 2480/1538 2342/1539
f 1762/1540 1764/1541 1765/1542
f 1765/1543 1764/1544 1766/1545
f 1766/1546 1764/1547 1767/1548
f 1767/1549 1764/1550 1763/1551
f 1853/1552 1753/1553 1852/1554
f 2548/1555 1734/1556 1860/1557
f 1734/1558 1858/1559 1859/1560
f 1853/1561 1854/1562 1753/1563
f 1755/1564 1856/1565 1855/1566
f 2555/1567 1857/1568 1755/1569
f 1753/1570 1854/1571 2554/1572
f 2535/1573 2536/1574 2541/1575
f 2536/1576 1772/1577 2541/1578
f 2536/1579 2537/1580 1772/1581
f 2537/1582 1771/1583 1772/1584
f 2537/1585 2538/1586 1771/1587
f 2538/1588 1770/1589 1771/1590
f 2538/1591 2540/1592 1770/1593
f 2540/1594 1768/1595 1770/1596
f 2553/1597 1858/1598 1734/1599
f 2541/1600 1772/1601 2546/1602
f 1772/1603 1782/1604 2546/1605
f 1772/1606 1771/1607 1782/1608
f 1771/1609 1781/1610 1782/1611
f 1771/1612 2542/1613 1781/1614
f 2542/1615 1780/1616 1781/1617
f 2542/1618 2545/1619 1780/1620
f 2545/1621 1778/1622 1780/1623
f 1774/1624 1777/1625 1778/1626
f 1777/1627 1780/1628 1778/1629
f 1777/1630 1776/1631 1780/1632
f 1776/1633 1781/1634 1780/1635
f 1776/1636 1775/1637 1781/1638
f 1775/1639 1782/1640 1781/1641
f 1775/1642 1773/1643 1782/1644
f 1773/1645 2546/1646 1782/1647
f 2550/1648 1755/1649 1855/1650
f 1734/1651 1859/1652 1860/1653
f 1784/1654 1787/1655 2551/1656
f 1787/1657 2220/1658 2551/1659
f 1787/1660 1786/1661 2220/1662
f 1786/1663 2219/1664 2220/1665
f 1786/1666 1785/1667 2219/1668
f 1785/1669 2218/1670 2219/1671
f 1785/1672 1783/1673 2218/1674
f 1783/1675 2216/1676 2218/1677
f 1755/1678 1857/1679 1856/1680
f 1852/1681 1753/1682 2549/1683
f 1789/1684 1792/1685 1758/1686
f 1792/1687 1761/1688 1758/1689
f 1792/1690 1791/1691 1761/1692
f 1791/1693 1760/1694 1761/1695
f 1791/1696 1790/1697 1760/1698
f 1790/1699 1759/1700 1760/1701
f 1790/1702 1788/1703 1759/1704
f 1788/1705 1757/1706 1759/1707
f 1723/1708 1753/1709 2421/1710
f 1753/1711 2554/1712 2421/1713
f 1793/1714 1794/1715 1795/1716
f 1794/1717 1796/1718 1795/1719
f 2556/1720 2560/1721 2562/1722
f 2560/1723 2563/1724 2562/1725
f 2561/1726 2559/1727 1800/1728
f 2559/1729 1798/1730 1800/1731
f 2558/1732 2557/1733 1797/1734
f 2557/1735 1799/1736 1797/1737
f 1806/1738 1802/1739 1811/1740
f 1802/1741 1809/1742 1811/1743
f 1807/1744 1806/1745 1812/1746
f 1806/1747 1811/1748 1812/1749
f 1808/1750 1807/1751 1813/1752
f 1807/1753 1812/1754 1813/1755
f 1810/1756 1817/1757 1813/1758
f 1817/1759 1808/1760 1813/1761
f 1820/1762 1816/1763 2578/1764
f 1815/1765 1819/1766 1814/1767
f 1819/1768 1818/1769 1814/1770
f 1814/1771 1818/1772 1810/1773
f 1818/1774 1817/1775 1810/1776
f 1820/1777 1819/1778 1816/1779
f 1819/1780 1815/1781 1816/1782
f 1848/1783 1851/1784 1847/1785
f 1851/1786 1850/1787 1847/1788
f 1847/1789 1850/1790 1846/1791
f 1850/1792 1849/1793 1846/1794
f 2580/1795 1837/1796 2579/1797
f 1837/1798 1836/1799 2579/1800
f 2572/1801 1831/1802 2573/1803
f 1831/1804 1832/1805 2573/1806
f 2570/1807 1828/1808 2571/1809
f 1828/1810 1830/1811 2571/1812
f 2576/1813 1834/1814 2577/1815
f 1834/1816 1835/1817 2577/1818
f 2585/1819 1804/1820 1848/1821
f 1804/1822 1851/1823 1848/1824
f 2569/1825 1827/1826 2568/1827
f 1827/1828 1826/1829 2568/1830
f 2574/1831 1829/1832 2575/1833
f 1829/1834 1833/1835 2575/1836
f 2567/1837 1825/1838 2566/1839
f 1825/1840 1821/1841 2566/1842
f 2581/1843 1838/1844 2580/1845
f 1838/1846 1837/1847 2580/1848
f 1805/1849 1824/1850 1803/1851
f 1824/1852 1822/1853 1803/1854
f 2579/1855 1836/1856 2569/1857
f 1836/1858 1827/1859 2569/1860
f 2573/1861 1832/1862 2574/1863
f 1832/1864 1829/1865 2574/1866
f 2571/1867 1830/1868 2572/1869
f 1830/1870 1831/1871 2572/1872
f 2577/1873 1835/1874 1805/1875
f 1835/1876 1824/1877 1805/1878
f 2575/1879 1833/1880 2576/1881
f 1833/1882 1834/1883 2576/1884
f 2582/1885 1839/1886 2581/1887
f 1839/1888 1838/1889 2581/1890
f 2568/1891 1826/1892 2567/1893
f 1826/1894 1825/1895 2567/1896
f 2584/1897 1840/1898 1823/1899
f 1840/1900 1841/1901 1823/1902
f 1840/1903 1842/1904 1841/1905
f 1842/1906 1843/1907 1841/1908
f 1842/1909 1844/1910 1843/1911
f 1844/1912 1845/1913 1843/1914
f 1844/1915 2279/1916 1845/1917
f 2279/1918 2280/1919 1845/1920
f 1839/1921 2593/1922 2595/1923
f 1839/1924 2591/1925 2593/1926
f 1839/1927 2589/1928 2591/1929
f 1839/1930 2588/1931 2589/1932
f 1824/1933 2587/1934 1822/1935
f 1824/1936 2590/1937 2587/1938
f 1824/1939 2592/1940 2590/1941
f 1824/1942 2594/1943 2592/1944
f 2594/1945 1824/1946 2281/1947
f 1839/1948 2595/1949 2282/1950
f 1820/1951 2578/1952 1849/1953
f 2578/1954 1846/1955 1849/1956
f 2597/1957 2596/1958 2598/1959
f 1803/1960 2598/1961 1805/1962
f 2598/1963 2596/1964 1805/1965
f 2584/1966 1823/1967 2585/1968
f 1823/1969 1804/1970 2585/1971
f 2588/1972 1839/1973 2565/1974
f 1839/1975 2582/1976 2565/1977
f 2564/1978 2565/1979 2586/1980
f 2565/1981 2582/1982 2586/1983
f 2583/1984 2564/1985 2586/1986
f 1774/1987 2606/1988 1777/1989
f 2606/1990 1863/1991 1777/1992
f 1777/1993 1863/1994 1776/1995
f 1863/1996 1862/1997 1776/1998
f 1776/1999 1862/2000 1775/2001
f 1862/2002 1861/2003 1775/2004
f 1775/2005 1861/2006 1773/2007
f 1861/2008 2599/2009 1773/2010
f 2600/2011 2599/2012 1873/2013
f 2599/2014 1861/2015 1873/2016
f 1861/2017 1862/2018 1873/2019
f 1862/2020 1872/2021 1873/2022
f 1862/2023 1863/2024 1872/2025
f 1863/2026 1871/2027 1872/2028
f 2605/2029 1871/2030 2606/2031
f 1871/2032 1863/2033 2606/2034
f 2601/2035 2600/2036 1899/2037
f 1870/2038 1873/2039 1869/2040
f 1873/2041 1872/2042 1869/2043
f 1869/2044 1872/2045 1868/2046
f 1872/2047 1871/2048 1868/2049
f 1868/2050 1886/2051 1877/2052
f 1886/2053 1890/2054 1877/2055
f 1866/2056 1867/2057 1876/2058
f 1867/2059 1877/2060 1876/2061
f 1865/2062 1866/2063 1875/2064
f 1866/2065 1876/2066 1875/2067
f 1864/2068 1865/2069 1874/2070
f 1865/2071 1875/2072 1874/2073
f 2602/2074 1864/2075 2604/2076
f 1864/2077 1874/2078 2604/2079
f 1868/2080 1877/2081 1869/2082
f 1877/2083 1867/2084 1869/2085
f 1866/2086 1880/2087 1867/2088
f 1880/2089 1881/2090 1867/2091
f 1865/2092 1879/2093 1866/2094
f 1879/2095 1880/2096 1866/2097
f 1864/2098 1878/2099 1865/2100
f 1878/2101 1879/2102 1865/2103
f 1870/2104 1869/2105 1881/2106
f 1869/2107 1867/2108 1881/2109
f 2602/2110 2603/2111 1864/2112
f 2603/2113 1878/2114 1864/2115
f 1786/2116 1883/2117 1785/2118
f 1883/2119 1882/2120 1785/2121
f 1787/2122 1884/2123 1786/2124
f 1884/2125 1883/2126 1786/2127
f 2607/2128 1783/2129 1885/2130
f 1787/2131 1784/2132 1884/2133
f 1784/2134 2604/2135 1884/2136
f 2604/2137 1887/2138 1884/2139
f 1888/2140 1883/2141 1887/2142
f 1883/2143 1884/2144 1887/2145
f 1889/2146 1882/2147 1888/2148
f 1882/2149 1883/2150 1888/2151
f 1889/2152 1890/2153 1882/2154
f 1890/2155 1885/2156 1882/2157
f 1785/2158 1882/2159 1783/2160
f 1882/2161 1885/2162 1783/2163
f 1886/2164 2607/2165 1890/2166
f 2607/2167 1885/2168 1890/2169
f 1876/2170 1877/2171 1889/2172
f 1877/2173 1890/2174 1889/2175
f 1876/2176 1889/2177 1875/2178
f 1889/2179 1888/2180 1875/2181
f 1875/2182 1888/2183 1874/2184
f 1888/2185 1887/2186 1874/2187
f 1868/2188 1871/2189 1886/2190
f 1871/2191 2605/2192 1886/2193
f 2605/2194 2607/2195 1886/2196
f 1895/2197 1881/2198 1896/2199
f 1881/2200 1880/2201 1896/2202
f 1896/2203 1880/2204 1897/2205
f 1880/2206 1879/2207 1897/2208
f 1897/2209 1879/2210 1898/2211
f 1879/2212 1878/2213 1898/2214
f 1791/2215 1893/2216 1790/2217
f 1893/2218 1894/2219 1790/2220
f 1792/2221 1892/2222 1791/2223
f 1892/2224 1893/2225 1791/2226
f 1789/2227 1891/2228 1792/2229
f 1891/2230 1892/2231 1792/2232
f 1790/2233 1894/2234 1788/2235
f 1894/2236 2603/2237 1788/2238
f 2601/2239 1891/2240 1789/2241
f 1874/2242 1887/2243 2604/2244
f 1893/2245 1897/2246 1894/2247
f 1897/2248 1898/2249 1894/2250
f 1892/2251 1896/2252 1893/2253
f 1896/2254 1897/2255 1893/2256
f 1891/2257 1895/2258 1892/2259
f 1895/2260 1896/2261 1892/2262
f 1870/2263 1899/2264 1873/2265
f 1899/2266 2600/2267 1873/2268
f 2601/2269 1899/2270 1891/2271
f 1899/2272 1895/2273 1891/2274
f 1870/2275 1881/2276 1899/2277
f 1881/2278 1895/2279 1899/2280
f 1894/2281 1898/2282 2603/2283
f 1878/2284 2603/2285 1898/2286
f 1905/2287 2121/2288 1906/2289
f 2121/2290 2118/2291 1907/2292
f 2121/2293 1907/2294 1906/2295
f 2121/2296 1905/2297 1904/2298
f 2608/2299 1902/2300 2337/2301
f 1902/2302 1903/2303 2337/2304
f 2609/2305 1900/2306 2608/2307
f 1900/2308 1902/2309 2608/2310
f 2614/2311 1901/2312 2609/2313
f 1901/2314 1900/2315 2609/2316
f 2112/2317 1901/2318 2613/2319
f 1901/2320 2614/2321 2613/2322
f 2670/2323 2669/2324 1930/2325
f 2669/2326 1929/2327 1930/2328
f 2669/2329 2666/2330 1929/2331
f 2666/2332 2639/2333 1929/2334
f 1958/2335 2135/2336 1962/2337
f 2135/2338 2134/2339 1962/2340
f 1960/2341 1981/2342 1959/2343
f 1981/2344 2671/2345 1959/2346
f 1919/2347 1918/2348 1920/2349
f 1918/2350 1921/2351 1920/2352
f 1918/2353 1917/2354 1921/2355
f 1917/2356 1922/2357 1921/2358
f 1916/2359 1923/2360 1917/2361
f 1923/2362 1922/2363 1917/2364
f 1915/2365 1924/2366 1916/2367
f 1924/2368 1923/2369 1916/2370
f 1914/2371 1925/2372 1915/2373
f 1925/2374 1924/2375 1915/2376
f 1914/2377 1913/2378 1925/2379
f 1913/2380 1926/2381 1925/2382
f 1912/2383 1927/2384 1913/2385
f 1927/2386 1926/2387 1913/2388
f 1911/2389 1928/2390 1912/2391
f 1928/2392 1927/2393 1912/2394
f 2638/2395 1931/2396 1935/2397
f 1931/2398 1938/2399 1935/2400
f 1950/2401 1932/2402 1949/2403
f 1932/2404 1908/2405 1949/2406
f 1964/2407 2655/2408 1966/2409
f 2655/2410 1931/2411 1966/2412
f 1929/2413 2639/2414 1939/2415
f 2639/2416 1936/2417 1939/2418
f 1958/2419 1962/2420 1971/2421
f 1962/2422 2656/2423 1971/2424
f 1951/2425 1942/2426 1950/2427
f 1942/2428 1932/2429 1950/2430
f 1960/2431 1958/2432 1981/2433
f 1958/2434 1971/2435 1981/2436
f 1952/2437 1943/2438 1951/2439
f 1943/2440 1942/2441 1951/2442
f 1963/2443 1961/2444 1991/2445
f 1961/2446 2672/2447 1991/2448
f 1953/2449 1944/2450 1952/2451
f 1944/2452 1943/2453 1952/2454
f 1954/2455 1945/2456 1953/2457
f 1945/2458 1944/2459 1953/2460
f 1955/2461 1946/2462 1954/2463
f 1946/2464 1945/2465 1954/2466
f 1956/2467 1947/2468 1955/2469
f 1947/2470 1946/2471 1955/2472
f 1934/2473 1933/2474 2378/2475
f 1933/2476 2376/2477 2378/2478
f 2347/2479 1909/2480 1941/2481
f 2389/2482 1948/2483 1956/2484
f 1948/2485 1947/2486 1956/2487
f 2355/2488 1910/2489 2622/2490
f 2643/2491 2630/2492 2234/2493
f 2630/2494 2653/2495 2234/2496
f 2621/2497 2622/2498 1910/2499
f 2620/2500 2621/2501 1910/2502
f 2162/2503 2382/2504 2139/2505
f 2382/2506 2641/2507 2139/2508
f 2620/2509 1910/2510 2619/2511
f 2631/2512 2644/2513 2365/2514
f 2644/2515 1937/2516 2365/2517
f 1909/2518 2616/2519 2617/2520
f 1909/2521 2617/2522 2618/2523
f 1909/2524 2347/2525 2616/2526
f 1909/2527 2618/2528 2619/2529
f 2643/2530 2234/2531 2642/2532
f 2234/2533 2645/2534 2642/2535
f 2619/2536 1910/2537 1909/2538
f 2364/2539 1957/2540 2629/2541
f 1957/2542 2646/2543 2629/2544
f 2629/2545 2646/2546 2628/2547
f 2646/2548 2647/2549 2628/2550
f 2628/2551 2647/2552 2627/2553
f 2647/2554 2648/2555 2627/2556
f 2627/2557 2648/2558 2626/2559
f 2648/2560 2649/2561 2626/2562
f 2626/2563 2649/2564 2625/2565
f 2649/2566 2650/2567 2625/2568
f 2625/2569 2650/2570 2624/2571
f 2650/2572 2651/2573 2624/2574
f 2624/2575 2651/2576 2623/2577
f 2651/2578 2652/2579 2623/2580
f 2623/2581 2652/2582 2356/2583
f 2652/2584 2396/2585 2356/2586
f 1939/2587 2640/2588 1929/2589
f 2640/2590 2637/2591 1929/2592
f 2637/2593 2636/2594 1929/2595
f 2636/2596 2635/2597 1929/2598
f 2635/2599 1930/2600 1929/2601
f 2383/2602 2640/2603 1939/2604
f 2634/2605 1930/2606 2635/2607
f 2633/2608 1930/2609 2634/2610
f 2632/2611 1930/2612 2633/2613
f 1930/2614 2632/2615 1940/2616
f 1940/2617 2632/2618 2369/2619
f 2654/2620 2133/2621 2655/2622
f 2133/2623 1931/2624 2655/2625
f 2355/2626 2386/2627 1910/2628
f 1933/2629 1934/2630 2661/2631
f 1934/2632 2665/2633 2661/2634
f 2677/2635 1961/2636 2676/2637
f 1961/2638 2138/2639 2676/2640
f 2136/2641 1960/2642 2137/2643
f 1960/2644 1959/2645 2137/2646
f 1958/2647 1960/2648 2135/2649
f 1960/2650 2136/2651 2135/2652
f 1966/2653 1931/2654 1965/2655
f 1931/2656 2638/2657 1965/2658
f 2673/2659 1930/2660 2418/2661
f 1930/2662 1940/2663 2418/2664
f 2615/2665 1963/2666 2346/2667
f 2615/2668 1961/2669 1963/2670
f 2610/2671 1961/2672 2615/2673
f 2611/2674 1961/2675 2610/2676
f 1961/2677 2611/2678 2138/2679
f 2138/2680 2611/2681 2612/2682
f 1964/2683 1966/2684 1967/2685
f 1967/2686 1966/2687 1968/2688
f 1968/2689 1966/2690 1969/2691
f 1969/2692 1966/2693 1965/2694
f 2063/2695 1959/2696 2062/2697
f 2670/2698 1930/2699 2070/2700
f 1930/2701 2068/2702 2069/2703
f 2063/2704 2064/2705 1959/2706
f 1961/2707 2066/2708 2065/2709
f 2677/2710 2067/2711 1961/2712
f 1959/2713 2064/2714 2674/2715
f 2657/2716 2658/2717 2663/2718
f 2658/2719 1974/2720 2663/2721
f 2658/2722 2659/2723 1974/2724
f 2659/2725 1973/2726 1974/2727
f 2659/2728 2660/2729 1973/2730
f 2660/2731 1972/2732 1973/2733
f 2660/2734 2662/2735 1972/2736
f 2662/2737 1970/2738 1972/2739
f 2673/2740 2068/2741 1930/2742
f 2663/2743 1974/2744 2668/2745
f 1974/2746 1984/2747 2668/2748
f 1974/2749 1973/2750 1984/2751
f 1973/2752 1983/2753 1984/2754
f 1973/2755 2664/2756 1983/2757
f 2664/2758 1982/2759 1983/2760
f 2664/2761 2667/2762 1982/2763
f 2667/2764 1980/2765 1982/2766
f 1976/2767 1979/2768 1980/2769
f 1979/2770 1982/2771 1980/2772
f 1979/2773 1978/2774 1982/2775
f 1978/2776 1983/2777 1982/2778
f 1978/2779 1977/2780 1983/2781
f 1977/2782 1984/2783 1983/2784
f 1977/2785 1975/2786 1984/2787
f 1975/2788 2668/2789 1984/2790
f 2672/2791 1961/2792 2065/2793
f 1930/2794 2069/2795 2070/2796
f 1986/2797 1989/2798 2417/2799
f 1989/2800 1994/2801 2417/2802
f 1989/2803 1988/2804 1994/2805
f 1988/2806 1993/2807 1994/2808
f 1988/2809 1987/2810 1993/2811
f 1987/2812 1992/2813 1993/2814
f 1987/2815 1985/2816 1992/2817
f 1985/2818 1990/2819 1992/2820
f 1961/2821 2067/2822 2066/2823
f 2062/2824 1959/2825 2671/2826
f 1996/2827 1999/2828 2186/2829
f 1999/2830 2189/2831 2186/2832
f 1999/2833 1998/2834 2189/2835
f 1998/2836 2188/2837 2189/2838
f 1998/2839 1997/2840 2188/2841
f 1997/2842 2187/2843 2188/2844
f 1997/2845 1995/2846 2187/2847
f 1995/2848 2185/2849 2187/2850
f 2137/2851 1959/2852 2675/2853
f 1959/2854 2674/2855 2675/2856
f 2000/2857 2001/2858 2002/2859
f 2001/2860 2003/2861 2002/2862
f 2678/2863 2682/2864 2684/2865
f 2682/2866 2685/2867 2684/2868
f 2683/2869 2681/2870 2007/2871
f 2681/2872 2005/2873 2007/2874
f 2680/2875 2679/2876 2004/2877
f 2679/2878 2006/2879 2004/2880
f 2012/2881 2008/2882 2017/2883
f 2008/2884 2015/2885 2017/2886
f 2013/2887 2012/2888 2018/2889
f 2012/2890 2017/2891 2018/2892
f 2014/2893 2013/2894 2019/2895
f 2013/2896 2018/2897 2019/2898
f 2016/2899 2023/2900 2019/2901
f 2023/2902 2014/2903 2019/2904
f 2026/2905 2022/2906 2700/2907
f 2021/2908 2025/2909 2020/2910
f 2025/2911 2024/2912 2020/2913
f 2020/2914 2024/2915 2016/2916
f 2024/2917 2023/2918 2016/2919
f 2026/2920 2025/2921 2022/2922
f 2025/2923 2021/2924 2022/2925
f 2058/2926 2061/2927 2057/2928
f 2061/2929 2060/2930 2057/2931
f 2057/2932 2060/2933 2056/2934
f 2060/2935 2059/2936 2056/2937
f 2702/2938 2043/2939 2701/2940
f 2043/2941 2042/2942 2701/2943
f 2694/2944 2037/2945 2695/2946
f 2037/2947 2038/2948 2695/2949
f 2692/2950 2034/2951 2693/2952
f 2034/2953 2036/2954 2693/2955
f 2698/2956 2040/2957 2699/2958
f 2040/2959 2041/2960 2699/2961
f 2707/2962 2010/2963 2058/2964
f 2010/2965 2061/2966 2058/2967
f 2691/2968 2033/2969 2690/2970
f 2033/2971 2032/2972 2690/2973
f 2696/2974 2035/2975 2697/2976
f 2035/2977 2039/2978 2697/2979
f 2689/2980 2031/2981 2688/2982
f 2031/2983 2027/2984 2688/2985
f 2703/2986 2044/2987 2702/2988
f 2044/2989 2043/2990 2702/2991
f 2011/2992 2030/2993 2009/2994
f 2030/2995 2028/2996 2009/2997
f 2701/2998 2042/2999 2691/3000
f 2042/3001 2033/3002 2691/3003
f 2695/3004 2038/3005 2696/3006
f 2038/3007 2035/3008 2696/3009
f 2693/3010 2036/3011 2694/3012
f 2036/3013 2037/3014 2694/3015
f 2699/3016 2041/3017 2011/3018
f 2041/3019 2030/3020 2011/3021
f 2697/3022 2039/3023 2698/3024
f 2039/3025 2040/3026 2698/3027
f 2704/3028 2045/3029 2703/3030
f 2045/3031 2044/3032 2703/3033
f 2690/3034 2032/3035 2689/3036
f 2032/3037 2031/3038 2689/3039
f 2706/3040 2046/3041 2029/3042
f 2046/3043 2047/3044 2029/3045
f 2046/3046 2048/3047 2047/3048
f 2048/3049 2049/3050 2047/3051
f 2048/3052 2050/3053 2049/3054
f 2050/3055 2051/3056 2049/3057
f 2050/3058 2052/3059 2051/3060
f 2052/3061 2053/3062 2051/3063
f 2045/3064 2715/3065 2463/3066
f 2045/3067 2713/3068 2715/3069
f 2045/3070 2711/3071 2713/3072
f 2045/3073 2710/3074 2711/3075
f 2030/3076 2709/3077 2028/3078
f 2030/3079 2712/3080 2709/3081
f 2030/3082 2714/3083 2712/3084
f 2030/3085 2462/3086 2714/3087
f 2462/3088 2030/3089 2054/3090
f 2045/3091 2463/3092 2055/3093
f 2026/3094 2700/3095 2059/3096
f 2700/3097 2056/3098 2059/3099
f 2717/3100 2716/3101 2718/3102
f 2009/3103 2718/3104 2011/3105
f 2718/3106 2716/3107 2011/3108
f 2706/3109 2029/3110 2707/3111
f 2029/3112 2010/3113 2707/3114
f 2710/3115 2045/3116 2687/3117
f 2045/3118 2704/3119 2687/3120
f 2686/3121 2687/3122 2708/3123
f 2687/3124 2704/3125 2708/3126
f 2705/3127 2686/3128 2708/3129
f 1976/3130 2726/3131 1979/3132
f 2726/3133 2073/3134 1979/3135
f 1979/3136 2073/3137 1978/3138
f 2073/3139 2072/3140 1978/3141
f 1978/3142 2072/3143 1977/3144
f 2072/3145 2071/3146 1977/3147
f 1977/3148 2071/3149 1975/3150
f 2071/3151 2719/3152 1975/3153
f 2720/3154 2719/3155 2083/3156
f 2719/3157 2071/3158 2083/3159
f 2071/3160 2072/3161 2083/3162
f 2072/3163 2082/3164 2083/3165
f 2072/3166 2073/3167 2082/3168
f 2073/3169 2081/3170 2082/3171
f 2725/3172 2081/3173 2726/3174
f 2081/3175 2073/3176 2726/3177
f 2721/3178 2720/3179 2109/3180
f 2080/3181 2083/3182 2079/3183
f 2083/3184 2082/3185 2079/3186
f 2079/3187 2082/3188 2078/3189
f 2082/3190 2081/3191 2078/3192
f 2078/3193 2096/3194 2087/3195
f 2096/3196 2100/3197 2087/3198
f 2076/3199 2077/3200 2086/3201
f 2077/3202 2087/3203 2086/3204
f 2075/3205 2076/3206 2085/3207
f 2076/3208 2086/3209 2085/3210
f 2074/3211 2075/3212 2084/3213
f 2075/3214 2085/3215 2084/3216
f 2722/3217 2074/3218 2724/3219
f 2074/3220 2084/3221 2724/3222
f 2078/3223 2087/3224 2079/3225
f 2087/3226 2077/3227 2079/3228
f 2076/3229 2090/3230 2077/3231
f 2090/3232 2091/3233 2077/3234
f 2075/3235 2089/3236 2076/3237
f 2089/3238 2090/3239 2076/3240
f 2074/3241 2088/3242 2075/3243
f 2088/3244 2089/3245 2075/3246
f 2080/3247 2079/3248 2091/3249
f 2079/3250 2077/3251 2091/3252
f 2722/3253 2723/3254 2074/3255
f 2723/3256 2088/3257 2074/3258
f 1988/3259 2093/3260 1987/3261
f 2093/3262 2092/3263 1987/3264
f 1989/3265 2094/3266 1988/3267
f 2094/3268 2093/3269 1988/3270
f 2727/3271 1985/3272 2095/3273
f 1989/3274 1986/3275 2094/3276
f 1986/3277 2724/3278 2094/3279
f 2724/3280 2097/3281 2094/3282
f 2098/3283 2093/3284 2097/3285
f 2093/3286 2094/3287 2097/3288
f 2099/3289 2092/3290 2098/3291
f 2092/3292 2093/3293 2098/3294
f 2099/3295 2100/3296 2092/3297
f 2100/3298 2095/3299 2092/3300
f 1987/3301 2092/3302 1985/3303
f 2092/3304 2095/3305 1985/3306
f 2096/3307 2727/3308 2100/3309
f 2727/3310 2095/3311 2100/3312
f 2086/3313 2087/3314 2099/3315
f 2087/3316 2100/3317 2099/3318
f 2086/3319 2099/3320 2085/3321
f 2099/3322 2098/3323 2085/3324
f 2085/3325 2098/3326 2084/3327
f 2098/3328 2097/3329 2084/3330
f 2078/3331 2081/3332 2096/3333
f 2081/3334 2725/3335 2096/3336
f 2725/3337 2727/3338 2096/3339
f 2105/3340 2091/3341 2106/3342
f 2091/3343 2090/3344 2106/3345
f 2106/3346 2090/3347 2107/3348
f 2090/3349 2089/3350 2107/3351
f 2107/3352 2089/3353 2108/3354
f 2089/3355 2088/3356 2108/3357
f 1998/3358 2103/3359 1997/3360
f 2103/3361 2104/3362 1997/3363
f 1999/3364 2102/3365 1998/3366
f 2102/3367 2103/3368 1998/3369
f 1996/3370 2101/3371 1999/3372
f 2101/3373 2102/3374 1999/3375
f 1997/3376 2104/3377 1995/3378
f 2104/3379 2723/3380 1995/3381
f 2721/3382 2101/3383 1996/3384
f 2084/3385 2097/3386 2724/3387
f 2103/3388 2107/3389 2104/3390
f 2107/3391 2108/3392 2104/3393
f 2102/3394 2106/3395 2103/3396
f 2106/3397 2107/3398 2103/3399
f 2101/3400 2105/3401 2102/3402
f 2105/3403 2106/3404 2102/3405
f 2080/3406 2109/3407 2083/3408
f 2109/3409 2720/3410 2083/3411
f 2721/3412 2109/3413 2101/3414
f 2109/3415 2105/3416 2101/3417
f 2080/3418 2091/3419 2109/3420
f 2091/3421 2105/3422 2109/3423
f 2104/3424 2108/3425 2723/3426
f 2088/3427 2723/3428 2108/3429
f 2116/3430 2117/3431 2121/3432
f 2121/3433 2119/3434 2118/3435
f 2121/3436 2117/3437 2119/3438
f 2121/3439 2115/3440 2116/3441
f 2728/3442 2476/3443 2113/3444
f 2476/3445 2114/3446 2113/3447
f 2729/3448 2728/3449 2110/3450
f 2728/3451 2113/3452 2110/3453
f 2732/3454 2729/3455 2111/3456
f 2729/3457 2110/3458 2111/3459
f 2112/3460 2613/3461 2111/3462
f 2613/3463 2732/3464 2111/3465
f 2785/3466 2150/3467 2784/3468
f 2150/3469 2149/3470 2784/3471
f 2784/3472 2149/3473 2781/3474
f 2149/3475 2757/3476 2781/3477
f 2179/3478 2183/3479 2135/3480
f 2183/3481 2134/3482 2135/3483
f 2181/3484 2180/3485 2207/3486
f 2180/3487 2786/3488 2207/3489
f 2132/3490 2140/3491 2131/3492
f 2140/3493 2141/3494 2131/3495
f 2131/3496 2141/3497 2130/3498
f 2141/3499 2142/3500 2130/3501
f 2129/3502 2130/3503 2143/3504
f 2130/3505 2142/3506 2143/3507
f 2128/3508 2129/3509 2144/3510
f 2129/3511 2143/3512 2144/3513
f 2127/3514 2128/3515 2145/3516
f 2128/3517 2144/3518 2145/3519
f 2127/3520 2145/3521 2126/3522
f 2145/3523 2146/3524 2126/3525
f 2125/3526 2126/3527 2147/3528
f 2126/3529 2146/3530 2147/3531
f 2124/3532 2125/3533 2148/3534
f 2125/3535 2147/3536 2148/3537
f 2756/3538 2155/3539 2151/3540
f 2155/3541 2158/3542 2151/3543
f 2171/3544 2170/3545 2152/3546
f 2170/3547 2120/3548 2152/3549
f 2190/3550 2192/3551 2770/3552
f 2192/3553 2151/3554 2770/3555
f 2149/3556 2159/3557 2757/3558
f 2159/3559 2156/3560 2757/3561
f 2179/3562 2197/3563 2183/3564
f 2197/3565 2771/3566 2183/3567
f 2172/3568 2171/3569 2163/3570
f 2171/3571 2152/3572 2163/3573
f 2181/3574 2207/3575 2179/3576
f 2207/3577 2197/3578 2179/3579
f 2173/3580 2172/3581 2164/3582
f 2172/3583 2163/3584 2164/3585
f 2184/3586 2217/3587 2182/3588
f 2217/3589 2787/3590 2182/3591
f 2174/3592 2173/3593 2165/3594
f 2173/3595 2164/3596 2165/3597
f 2175/3598 2174/3599 2166/3600
f 2174/3601 2165/3602 2166/3603
f 2176/3604 2175/3605 2167/3606
f 2175/3607 2166/3608 2167/3609
f 2177/3610 2176/3611 2168/3612
f 2176/3613 2167/3614 2168/3615
f 2154/3616 2515/3617 2153/3618
f 2515/3619 2513/3620 2153/3621
f 2484/3622 2161/3623 2122/3624
f 2525/3625 2177/3626 2169/3627
f 2177/3628 2168/3629 2169/3630
f 2492/3631 2740/3632 2123/3633
f 2761/3634 2234/3635 2748/3636
f 2234/3637 2653/3638 2748/3639
f 2739/3640 2123/3641 2740/3642
f 2738/3643 2123/3644 2739/3645
f 2162/3646 2139/3647 2519/3648
f 2139/3649 2759/3650 2519/3651
f 2738/3652 2737/3653 2123/3654
f 2749/3655 2502/3656 2762/3657
f 2502/3658 2157/3659 2762/3660
f 2122/3661 2735/3662 2734/3663
f 2122/3664 2736/3665 2735/3666
f 2122/3667 2734/3668 2484/3669
f 2122/3670 2737/3671 2736/3672
f 2761/3673 2760/3674 2234/3675
f 2760/3676 2645/3677 2234/3678
f 2737/3679 2122/3680 2123/3681
f 2501/3682 2747/3683 2178/3684
f 2747/3685 2763/3686 2178/3687
f 2747/3688 2746/3689 2763/3690
f 2746/3691 2764/3692 2763/3693
f 2746/3694 2745/3695 2764/3696
f 2745/3697 2765/3698 2764/3699
f 2745/3700 2744/3701 2765/3702
f 2744/3703 2766/3704 2765/3705
f 2744/3706 2743/3707 2766/3708
f 2743/3709 2767/3710 2766/3711
f 2743/3712 2742/3713 2767/3714
f 2742/3715 2768/3716 2767/3717
f 2742/3718 2741/3719 2768/3720
f 2741/3721 2769/3722 2768/3723
f 2741/3724 2493/3725 2769/3726
f 2493/3727 2532/3728 2769/3729
f 2159/3730 2149/3731 2758/3732
f 2758/3733 2149/3734 2755/3735
f 2755/3736 2149/3737 2754/3738
f 2754/3739 2149/3740 2753/3741
f 2753/3742 2149/3743 2150/3744
f 2520/3745 2159/3746 2758/3747
f 2752/3748 2753/3749 2150/3750
f 2751/3751 2752/3752 2150/3753
f 2750/3754 2751/3755 2150/3756
f 2150/3757 2160/3758 2750/3759
f 2160/3760 2506/3761 2750/3762
f 2654/3763 2770/3764 2133/3765
f 2770/3766 2151/3767 2133/3768
f 2492/3769 2123/3770 2523/3771
f 2153/3772 2776/3773 2154/3774
f 2776/3775 2780/3776 2154/3777
f 2790/3778 2676/3779 2182/3780
f 2676/3781 2138/3782 2182/3783
f 2136/3784 2137/3785 2181/3786
f 2137/3787 2180/3788 2181/3789
f 2179/3790 2135/3791 2181/3792
f 2135/3793 2136/3794 2181/3795
f 2192/3796 2191/3797 2151/3798
f 2191/3799 2756/3800 2151/3801
f 2788/3802 2552/3803 2150/3804
f 2552/3805 2160/3806 2150/3807
f 2733/3808 2483/3809 2184/3810
f 2733/3811 2184/3812 2182/3813
f 2730/3814 2733/3815 2182/3816
f 2731/3817 2730/3818 2182/3819
f 2182/3820 2138/3821 2731/3822
f 2138/3823 2612/3824 2731/3825
f 2190/3826 2193/3827 2192/3828
f 2193/3829 2194/3830 2192/3831
f 2194/3832 2195/3833 2192/3834
f 2195/3835 2191/3836 2192/3837
f 2290/3838 2289/3839 2180/3840
f 2785/3841 2297/3842 2150/3843
f 2150/3844 2296/3845 2295/3846
f 2290/3847 2180/3848 2291/3849
f 2182/3850 2292/3851 2293/3852
f 2790/3853 2182/3854 2294/3855
f 2180/3856 2789/3857 2291/3858
f 2772/3859 2778/3860 2773/3861
f 2778/3862 2200/3863 2773/3864
f 2773/3865 2200/3866 2774/3867
f 2200/3868 2199/3869 2774/3870
f 2774/3871 2199/3872 2775/3873
f 2199/3874 2198/3875 2775/3876
f 2775/3877 2198/3878 2777/3879
f 2198/3880 2196/3881 2777/3882
f 2788/3883 2150/3884 2295/3885
f 2778/3886 2783/3887 2200/3888
f 2783/3889 2210/3890 2200/3891
f 2200/3892 2210/3893 2199/3894
f 2210/3895 2209/3896 2199/3897
f 2199/3898 2209/3899 2779/3900
f 2209/3901 2208/3902 2779/3903
f 2779/3904 2208/3905 2782/3906
f 2208/3907 2206/3908 2782/3909
f 2202/3910 2206/3911 2205/3912
f 2206/3913 2208/3914 2205/3915
f 2205/3916 2208/3917 2204/3918
f 2208/3919 2209/3920 2204/3921
f 2204/3922 2209/3923 2203/3924
f 2209/3925 2210/3926 2203/3927
f 2203/3928 2210/3929 2201/3930
f 2210/3931 2783/3932 2201/3933
f 2787/3934 2292/3935 2182/3936
f 2150/3937 2297/3938 2296/3939
f 2212/3940 2551/3941 2215/3942
f 2551/3943 2220/3944 2215/3945
f 2215/3946 2220/3947 2214/3948
f 2220/3949 2219/3950 2214/3951
f 2214/3952 2219/3953 2213/3954
f 2219/3955 2218/3956 2213/3957
f 2213/3958 2218/3959 2211/3960
f 2218/3961 2216/3962 2211/3963
f 2182/3964 2293/3965 2294/3966
f 2289/3967 2786/3968 2180/3969
f 2222/3970 2186/3971 2225/3972
f 2186/3973 2189/3974 2225/3975
f 2225/3976 2189/3977 2224/3978
f 2189/3979 2188/3980 2224/3981
f 2224/3982 2188/3983 2223/3984
f 2188/3985 2187/3986 2223/3987
f 2223/3988 2187/3989 2221/3990
f 2187/3991 2185/3992 2221/3993
f 2137/3994 2675/3995 2180/3996
f 2675/3997 2789/3998 2180/3999
f 2226/4000 2228/4001 2227/4002
f 2228/4003 2229/4004 2227/4005
f 2791/4006 2797/4007 2795/4008
f 2797/4009 2798/4010 2795/4011
f 2796/4012 2233/4013 2794/4014
f 2233/4015 2231/4016 2794/4017
f 2793/4018 2230/4019 2792/4020
f 2230/4021 2232/4022 2792/4023
f 2239/4024 2244/4025 2235/4026
f 2244/4027 2242/4028 2235/4029
f 2240/4030 2245/4031 2239/4032
f 2245/4033 2244/4034 2239/4035
f 2241/4036 2246/4037 2240/4038
f 2246/4039 2245/4040 2240/4041
f 2243/4042 2246/4043 2250/4044
f 2246/4045 2241/4046 2250/4047
f 2253/4048 2813/4049 2249/4050
f 2248/4051 2247/4052 2252/4053
f 2247/4054 2251/4055 2252/4056
f 2247/4057 2243/4058 2251/4059
f 2243/4060 2250/4061 2251/4062
f 2253/4063 2249/4064 2252/4065
f 2249/4066 2248/4067 2252/4068
f 2285/4069 2284/4070 2288/4071
f 2284/4072 2287/4073 2288/4074
f 2284/4075 2283/4076 2287/4077
f 2283/4078 2286/4079 2287/4080
f 2815/4081 2814/4082 2270/4083
f 2814/4084 2269/4085 2270/4086
f 2807/4087 2808/4088 2264/4089
f 2808/4090 2265/4091 2264/4092
f 2805/4093 2806/4094 2261/4095
f 2806/4096 2263/4097 2261/4098
f 2811/4099 2812/4100 2267/4101
f 2812/4102 2268/4103 2267/4104
f 2820/4105 2285/4106 2237/4107
f 2285/4108 2288/4109 2237/4110
f 2804/4111 2803/4112 2260/4113
f 2803/4114 2259/4115 2260/4116
f 2809/4117 2810/4118 2262/4119
f 2810/4120 2266/4121 2262/4122
f 2802/4123 2801/4124 2258/4125
f 2801/4126 2254/4127 2258/4128
f 2816/4129 2815/4130 2271/4131
f 2815/4132 2270/4133 2271/4134
f 2238/4135 2236/4136 2257/4137
f 2236/4138 2255/4139 2257/4140
f 2814/4141 2804/4142 2269/4143
f 2804/4144 2260/4145 2269/4146
f 2808/4147 2809/4148 2265/4149
f 2809/4150 2262/4151 2265/4152
f 2806/4153 2807/4154 2263/4155
f 2807/4156 2264/4157 2263/4158
f 2812/4159 2238/4160 2268/4161
f 2238/4162 2257/4163 2268/4164
f 2810/4165 2811/4166 2266/4167
f 2811/4168 2267/4169 2266/4170
f 2817/4171 2816/4172 2272/4173
f 2816/4174 2271/4175 2272/4176
f 2803/4177 2802/4178 2259/4179
f 2802/4180 2258/4181 2259/4182
f 2819/4183 2256/4184 2273/4185
f 2256/4186 2274/4187 2273/4188
f 2273/4189 2274/4190 2275/4191
f 2274/4192 2276/4193 2275/4194
f 2275/4195 2276/4196 2277/4197
f 2276/4198 2278/4199 2277/4200
f 2277/4201 2278/4202 2279/4203
f 2278/4204 2280/4205 2279/4206
f 2272/4207 2595/4208 2828/4209
f 2272/4210 2828/4211 2826/4212
f 2272/4213 2826/4214 2824/4215
f 2272/4216 2824/4217 2823/4218
f 2257/4219 2255/4220 2822/4221
f 2257/4222 2822/4223 2825/4224
f 2257/4225 2825/4226 2827/4227
f 2257/4228 2827/4229 2594/4230
f 2594/4231 2281/4232 2257/4233
f 2272/4234 2282/4235 2595/4236
f 2253/4237 2286/4238 2813/4239
f 2286/4240 2283/4241 2813/4242
f 2830/4243 2831/4244 2829/4245
f 2236/4246 2238/4247 2831/4248
f 2238/4249 2829/4250 2831/4251
f 2819/4252 2820/4253 2256/4254
f 2820/4255 2237/4256 2256/4257
f 2823/4258 2800/4259 2272/4260
f 2800/4261 2817/4262 2272/4263
f 2799/4264 2821/4265 2800/4266
f 2821/4267 2817/4268 2800/4269
f 2818/4270 2821/4271 2799/4272
f 2202/4273 2205/4274 2839/4275
f 2205/4276 2300/4277 2839/4278
f 2205/4279 2204/4280 2300/4281
f 2204/4282 2299/4283 2300/4284
f 2204/4285 2203/4286 2299/4287
f 2203/4288 2298/4289 2299/4290
f 2203/4291 2201/4292 2298/4293
f 2201/4294 2832/4295 2298/4296
f 2833/4297 2310/4298 2832/4299
f 2310/4300 2298/4301 2832/4302
f 2298/4303 2310/4304 2299/4305
f 2310/4306 2309/4307 2299/4308
f 2299/4309 2309/4310 2300/4311
f 2309/4312 2308/4313 2300/4314
f 2838/4315 2839/4316 2308/4317
f 2839/4318 2300/4319 2308/4320
f 2834/4321 2336/4322 2833/4323
f 2307/4324 2306/4325 2310/4326
f 2306/4327 2309/4328 2310/4329
f 2306/4330 2305/4331 2309/4332
f 2305/4333 2308/4334 2309/4335
f 2305/4336 2314/4337 2323/4338
f 2314/4339 2327/4340 2323/4341
f 2303/4342 2313/4343 2304/4344
f 2313/4345 2314/4346 2304/4347
f 2302/4348 2312/4349 2303/4350
f 2312/4351 2313/4352 2303/4353
f 2301/4354 2311/4355 2302/4356
f 2311/4357 2312/4358 2302/4359
f 2835/4360 2837/4361 2301/4362
f 2837/4363 2311/4364 2301/4365
f 2305/4366 2306/4367 2314/4368
f 2306/4369 2304/4370 2314/4371
f 2303/4372 2304/4373 2317/4374
f 2304/4375 2318/4376 2317/4377
f 2302/4378 2303/4379 2316/4380
f 2303/4381 2317/4382 2316/4383
f 2301/4384 2302/4385 2315/4386
f 2302/4387 2316/4388 2315/4389
f 2307/4390 2318/4391 2306/4392
f 2318/4393 2304/4394 2306/4395
f 2835/4396 2301/4397 2836/4398
f 2301/4399 2315/4400 2836/4401
f 2214/4402 2213/4403 2320/4404
f 2213/4405 2319/4406 2320/4407
f 2215/4408 2214/4409 2321/4410
f 2214/4411 2320/4412 2321/4413
f 2840/4414 2322/4415 2211/4416
f 2215/4417 2321/4418 2212/4419
f 2321/4420 2837/4421 2212/4422
f 2837/4423 2321/4424 2324/4425
f 2325/4426 2324/4427 2320/4428
f 2324/4429 2321/4430 2320/4431
f 2326/4432 2325/4433 2319/4434
f 2325/4435 2320/4436 2319/4437
f 2326/4438 2319/4439 2327/4440
f 2319/4441 2322/4442 2327/4443
f 2213/4444 2211/4445 2319/4446
f 2211/4447 2322/4448 2319/4449
f 2323/4450 2327/4451 2840/4452
f 2327/4453 2322/4454 2840/4455
f 2313/4456 2326/4457 2314/4458
f 2326/4459 2327/4460 2314/4461
f 2313/4462 2312/4463 2326/4464
f 2312/4465 2325/4466 2326/4467
f 2312/4468 2311/4469 2325/4470
f 2311/4471 2324/4472 2325/4473
f 2305/4474 2323/4475 2308/4476
f 2323/4477 2838/4478 2308/4479
f 2838/4480 2323/4481 2840/4482
f 2332/4483 2333/4484 2318/4485
f 2333/4486 2317/4487 2318/4488
f 2333/4489 2334/4490 2317/4491
f 2334/4492 2316/4493 2317/4494
f 2334/4495 2335/4496 2316/4497
f 2335/4498 2315/4499 2316/4500
f 2224/4501 2223/4502 2330/4503
f 2223/4504 2331/4505 2330/4506
f 2225/4507 2224/4508 2329/4509
f 2224/4510 2330/4511 2329/4512
f 2222/4513 2225/4514 2328/4515
f 2225/4516 2329/4517 2328/4518
f 2223/4519 2221/4520 2331/4521
f 2221/4522 2836/4523 2331/4524
f 2834/4525 2222/4526 2328/4527
f 2311/4528 2837/4529 2324/4530
f 2330/4531 2331/4532 2334/4533
f 2331/4534 2335/4535 2334/4536
f 2329/4537 2330/4538 2333/4539
f 2330/4540 2334/4541 2333/4542
f 2328/4543 2329/4544 2332/4545
f 2329/4546 2333/4547 2332/4548
f 2307/4549 2310/4550 2336/4551
f 2310/4552 2833/4553 2336/4554
f 2834/4555 2328/4556 2336/4557
f 2328/4558 2332/4559 2336/4560
f 2307/4561 2336/4562 2318/4563
f 2336/4564 2332/4565 2318/4566
f 2331/4567 2836/4568 2335/4569
f 2315/4570 2335/4571 2836/4572
o Part.3
v -3.275 23.531 0.003
v -3.262 23.6 -0.347
v -3.228 23.795 -0.644
v -3.175 24.087 -0.842
v -3.114 24.432 -0.912
v -3.053 24.776 -0.842
v -3.001 25.069 -0.644
v -2.966 25.264 -0.347
v -2.954 25.333 0.003
v -2.966 25.264 0.353
v -3.001 25.069 0.65
v -3.053 24.776 0.848
v -3.114 24.432 0.918
v -7.075 25.24 2.605
v -7.743 23.083 2.652
v -8.341 23.342 2.555
v -7.724 25.564 2.317
v -8.785 23.602 2.242
v -9.234 23.824 1.74
v -8.241 25.821 1.74
v -8.499 25.949 1.015
v -9.492 23.954 1.015
v -8.152 26.695 0.544
v -8.424 26.134 0.987
v -8.204 26.588 0.696
v -8.114 26.775 0.374
v -7.802 26.889 1.163
v -7.625 27.292 0.003
v -7.642 27.272 0.317
v -8.09 26.823 0.192
v -8.083 26.834 0.003
v -7.675 27.193 0.621
v -7.729 27.065 0.907
v -7.894 26.671 1.385
v -8.343 26.302 0.922
v -8.268 26.456 0.823
v -6.697 26.616 2.139
v -6.814 26.193 2.389
v -6.942 25.73 2.551
v -7.587 25.985 2.246
v -8.001 26.415 1.56
v -8.121 26.131 1.683
v -6.403 27.669 0.003
v -7.038 27.588 0.003
v -6.416 27.64 0.498
v -6.452 27.504 0.976
v -6.514 27.282 1.418
v -6.596 26.984 1.812
v -7.053 27.559 0.424
v -7.089 27.451 0.833
v -7.15 27.272 1.215
v -7.232 27.029 1.559
v -7.335 26.728 1.853
v -7.454 26.377 2.085
v -7.724 25.564 -2.312
v -7.642 27.272 -0.311
v -8.424 26.134 -0.981
v -8.121 26.131 -1.677
v -8.241 25.821 -1.735
v -8.499 25.949 -1.009
v -7.894 26.671 -1.379
v -8.343 26.302 -0.916
v -8.001 26.415 -1.554
v -8.268 26.456 -0.817
v -7.802 26.889 -1.158
v -7.729 27.065 -0.901
v -7.674 27.194 -0.616
v -8.204 26.588 -0.69
v -8.152 26.695 -0.539
v -8.09 26.823 -0.187
v -8.114 26.774 -0.369
v -6.596 26.984 -1.806
v -6.514 27.282 -1.413
v -6.452 27.504 -0.97
v -6.416 27.64 -0.492
v -7.075 25.241 -2.599
v -6.942 25.729 -2.546
v -6.814 26.193 -2.384
v -6.697 26.616 -2.133
v -7.587 25.985 -2.24
v -7.454 26.377 -2.079
v -7.335 26.728 -1.847
v -7.053 27.559 -0.419
v -7.089 27.451 -0.827
v -7.15 27.272 -1.209
v -7.232 27.029 -1.554
v -7.446 25.203 0.003
v -7.559 24.566 0.65
v -7.507 24.859 0.848
v -7.446 25.203 0.918
v -7.385 25.548 0.848
v -7.332 25.84 0.65
v -7.298 26.035 0.353
v -7.285 26.104 0.003
v -7.298 26.035 -0.347
v -7.332 25.84 -0.644
v -7.385 25.548 -0.842
v -7.446 25.203 -0.912
v -7.507 24.859 -0.842
v -7.559 24.566 -0.644
v -7.594 24.371 -0.347
v -7.606 24.302 0.003
v -7.594 24.371 0.353
v -9.468 24.001 -1.009
v -9.244 23.889 -1.619
v -8.76 23.649 -2.186
v -8.232 23.386 -2.47
v -7.719 23.132 -2.647
v -10.316 22.317 1.011
v -10.451 22.06 -0.997
v -9.919 23.137 -1.004
v -10.658 21.571 1.051
v -9.167 21.932 2.531
v -9.646 22.096 2.222
v -9.9 21.466 2.268
v -10.089 22.256 1.667
v -10.389 21.57 1.717
v -8.769 21.815 2.652
v -9.678 23.063 1.686
v -9.229 22.859 2.247
v -8.797 22.661 2.484
v -9.91 23.154 1.008
v -8.32 22.45 2.653
v -6.174 25.502 2.6
v -6.297 24.852 2.653
v -6.678 24.294 2.653
v -7.224 23.613 2.652
v -6.31 24.905 -2.644
v -6.192 25.401 -2.605
v -6.099 25.919 -2.466
v -6.017 26.384 -2.231
v -5.886 27.119 -1.533
v -5.944 26.792 -1.907
v -5.81 27.544 -0.513
v -5.836 27.397 -1.009
v -5.801 27.593 0.002
v -5.81 27.542 0.518
v -5.837 27.395 1.013
v -5.936 26.836 1.875
v -5.876 27.173 1.441
v -6.013 26.404 2.231
v -6.087 25.99 2.449
v -6.668 24.3 -2.647
v -7.224 23.637 -2.647
v -10.177 22.106 -1.585
v -9.261 22.853 -2.158
v -8.377 22.43 -2.647
v -8.73 22.601 -2.508
v -8.929 21.435 -2.647
v -9.84 21.914 -2.102
v -9.285 21.619 -2.499
v -9.675 23.039 -1.639
v -8.966 21.231 2.669
v -10.48 21.074 1.959
v -11.045 20.099 2.068
v -10.871 20.841 1.372
v -9.014 20.959 2.736
v -9.5 21.051 2.603
v -9.851 21.104 2.476
v -9.367 21.362 2.574
v -10.537 20.475 2.527
v -7.349 22.992 2.573
v -8.049 21.688 2.473
v -7.742 22.334 2.514
v -6.532 23.492 1.946
v -6.643 22.866 1.52
v -6.722 22.881 1.936
v -6.771 22.151 1.114
v -7.443 21.582 2.091
v -7.229 22.243 2.185
v -6.879 22.18 1.644
v -7.022 21.507 1.44
v -7.158 20.806 1.388
v -6.99 20.917 0.999
v -6.878 21.548 0.969
v -6.97 22.925 2.321
v -6.581 23.497 2.21
v -6.417 24.244 2.479
v -6.478 24.255 2.572
v -6.734 23.524 2.447
v -6.398 24.241 2.377
v -6.57 24.271 2.633
v -6.968 23.567 2.604
v -7.54 21.14 -2.05
v -7.284 22.115 -2.148
v -6.965 22.956 -2.315
v -7.343 23.022 -2.568
v -8.249 21.235 -2.546
v -7.104 20.993 -1.354
v -6.568 24.282 -2.628
v -6.718 22.904 -2.052
v -6.577 23.52 -2.251
v -6.965 23.588 -2.598
v -6.731 23.545 -2.442
v -6.415 24.255 -2.473
v -6.644 22.889 -1.903
v -6.524 23.538 -2.135
v -6.395 24.258 -2.392
v -6.476 24.266 -2.566
v -6.911 22.05 -1.766
v -7.019 20.758 -1.081
v -6.796 22.006 -1.566
v -7.819 22.246 -2.561
v -8.99 21.088 -2.622
v -9.473 21.297 -2.461
v -9.131 20.304 -2.313
v -9.07 20.647 -2.495
v -9.186 19.996 -2.061
v -10.472 21.475 -1.316
v -10.425 21.621 -1.423
v -10.286 21.92 -1.549
v -9.974 21.679 -2.065
v -9.799 20.409 -1.962
v -10.308 20.992 -1.67
v -9.611 20.982 -2.353
v -10.225 21.195 -1.85
v -9.717 20.685 -2.191
v -10.358 21.766 -1.503
v -10.119 21.417 -1.974
v -10.743 21.385 -0.315
v -11.289 19.593 1.527
v -9.072 20.635 2.942
v -9.844 20.663 2.834
v -8.338 20.395 2.834
v -7.753 19.979 2.527
v -7.406 19.451 2.068
v -7.351 18.892 1.527
v -7.136 20.097 1.306
v -7.585 20.921 2.076
v -8.21 21.077 2.488
v -8.267 20.756 2.571
v -7.289 20.155 1.557
v -7.662 20.487 2.188
v -7.209 20.714 -1.346
v -7.613 20.703 -1.969
v -7.214 20.529 -1.191
v -7.666 20.409 -1.834
v -7.722 20.154 -1.65
v -8.38 20.19 -2.184
v -8.42 19.932 -1.99
v -8.36 20.463 -2.355
v -8.319 20.923 -2.51
v -9.948 19.881 -1.496
v -9.269 19.528 -1.587
v -10.157 18.876 -0.494
v -11.06 20.344 0.75
v -11.002 19.841 0.221
v -10.7 19.314 -0.211
v -10.701 20.948 -0.796
v -10.492 20.441 -1.185
v -9.44 18.57 -0.612
v -9.568 17.85 0.113
v -10.302 18.09 0.221
v -11.234 19.034 0.986
v -10.888 18.506 0.527
v -8.879 21.721 -0.99
v -9.18 22.537 -0.239
v -9.578 22.429 -0.415
v -9.87 22.213 -0.679
v -10.011 21.922 -0.99
v -9.979 21.601 -1.301
v -9.78 21.297 -1.565
v -9.444 21.059 -1.741
v -9.021 20.92 -1.803
v -8.577 20.904 -1.741
v -8.179 21.012 -1.565
v -7.888 21.228 -1.301
v -7.747 21.519 -0.99
v -7.779 21.841 -0.679
v -7.978 22.144 -0.415
v -8.314 22.383 -0.239
v -8.736 22.521 -0.177
v -9.455 18.484 3.924
v -9.033 18.345 3.862
v -8.697 18.106 3.686
v -8.498 17.803 3.422
v -8.466 17.481 3.111
v -8.607 17.19 2.8
v -8.898 16.974 2.536
v -9.296 16.866 2.36
v -9.74 16.882 2.298
v -10.163 17.021 2.36
v -10.499 17.26 2.536
v -10.698 17.563 2.8
v -10.73 17.885 3.111
v -10.589 18.175 3.422
v -10.297 18.391 3.686
v -9.899 18.499 3.862
v -9.35 19.075 4.525
v -8.616 18.835 4.418
v -8.03 18.419 4.111
v -7.684 17.891 3.652
v -7.629 17.332 3.111
v -7.873 16.826 2.57
v -8.381 16.451 2.111
v -9.074 16.262 1.804
v -9.846 16.291 1.697
v -10.58 16.531 1.804
v -11.165 16.947 2.111
v -11.512 17.474 2.57
v -11.567 18.034 3.111
v -11.322 18.54 3.652
v -10.815 18.915 4.111
v -10.122 19.104 4.418
v -7.596 18.386 0.986
v -8.103 18.01 0.527
v -8.796 17.822 0.221
v -7.115 20.219 -0.529
v -7.297 20.061 -0.716
v -7.805 19.686 -1.175
v -7.286 19.257 0.449
v -8.498 19.497 -1.481
v -7.976 18.724 -0.197
v -7.468 19.099 0.262
v -8.669 18.535 -0.504
v -6.031 26.306 -1.331
v -5.959 26.71 -0.72
v -5.933 26.852 0.003
v -5.959 26.709 0.726
v -6.031 26.306 1.337
v -6.138 25.704 1.747
v -6.265 24.993 1.891
v -6.391 24.281 1.747
v -6.498 23.679 1.337
v -6.57 23.276 0.725
v -6.596 23.134 0.003
v -6.57 23.276 -0.72
v -6.499 23.678 -1.332
v -6.391 24.281 -1.741
v -6.265 24.993 -1.885
v -6.138 25.704 -1.741
v -5.046 26.131 -1.331
v -4.974 26.534 -0.72
v -4.949 26.676 0.003
v -4.974 26.534 0.726
v -5.046 26.131 1.337
v -5.153 25.529 1.747
v -5.28 24.817 1.891
v -5.407 24.106 1.747
v -5.586 23.101 0.725
v -5.611 22.959 0.003
v -5.586 23.101 -0.72
v -5.514 23.503 -1.332
v -5.407 24.106 -1.741
v -5.28 24.817 -1.885
v -5.153 25.529 -1.741
v -8.498 25.949 0.003
v -5.027 26.238 1.446
v -4.46 26.127 1.435
v -3.384 25.77 1.274
v -2.929 25.473 1.061
v -4.949 26.674 0.784
v -4.383 26.559 0.779
v -3.315 26.154 0.69
v -2.872 25.793 0.575
v -4.922 26.827 0.002
v -4.356 26.711 0.003
v -3.291 26.289 0.003
v -2.852 25.905 0.003
v -4.949 26.674 -0.779
v -4.383 26.559 -0.773
v -3.315 26.154 -0.684
v -2.872 25.792 -0.57
v -5.027 26.239 -1.441
v -4.46 26.127 -1.43
v -3.384 25.77 -1.268
v -2.929 25.473 -1.055
v -5.143 25.587 -1.883
v -4.575 25.48 -1.869
v -3.486 25.196 -1.657
v -3.014 24.995 -1.38
v -5.28 24.817 -2.039
v -4.711 24.716 -2.024
v -3.606 24.519 -1.795
v -3.114 24.432 -1.493
v -5.417 24.048 -1.883
v -4.847 23.952 -1.869
v -3.727 23.843 -1.657
v -3.214 23.869 -1.38
v -5.533 23.396 -1.441
v -4.962 23.306 -1.43
v -3.829 23.268 -1.268
v -3.3 23.39 -1.055
v -5.611 22.961 -0.779
v -5.039 22.873 -0.773
v -3.897 22.885 -0.684
v -3.356 23.071 -0.569
v -5.638 22.807 0.003
v -5.066 22.721 0.003
v -3.921 22.75 0.003
v -3.376 22.959 0.003
v -5.611 22.961 0.784
v -5.039 22.873 0.779
v -3.897 22.885 0.69
v -3.356 23.071 0.575
v -5.417 24.048 1.889
v -4.847 23.952 1.875
v -3.727 23.843 1.663
v -3.215 23.868 1.385
v -5.28 24.817 2.044
v -4.711 24.716 2.029
v -3.606 24.519 1.8
v -3.114 24.432 1.499
v -5.143 25.587 1.889
v -4.575 25.48 1.875
v -3.486 25.196 1.663
v -3.014 24.995 1.385
v -3.903 25.99 1.399
v -3.828 26.41 0.758
v -3.802 26.559 0.002
v -3.828 26.411 -0.752
v -3.903 25.99 -1.393
v -4.015 25.359 -1.82
v -4.148 24.616 -1.971
v -4.28 23.872 -1.82
v -4.393 23.242 -1.393
v -4.467 22.821 -0.752
v -4.494 22.672 0.003
v -4.467 22.821 0.758
v -4.28 23.872 1.826
v -4.148 24.615 1.976
v -4.015 25.359 1.826
v -3.262 23.6 0.353
v -5.237 23.952 0.353
v -5.367 23.989 0.375
v -5.47 24.051 0.44
v -5.534 24.129 0.536
v -5.547 24.208 0.65
v -5.5 24.315 0.725
v -5.409 24.397 0.791
v -5.286 24.439 0.833
v -5.15 24.439 0.848
v -3.175 24.087 0.848
v -3.334 23.195 0.764
v -3.864 23.073 0.977
v -4.427 23.047 1.102
v -4.997 23.111 1.138
v -5.376 23.17 1.146
v -5.506 23.206 1.171
v -5.561 23.239 1.206
v -5.542 23.346 1.097
v -5.591 23.375 1.127
v -5.654 23.451 1.224
v -5.668 23.531 1.337
v -5.621 23.638 1.414
v -5.529 23.72 1.478
v -5.472 23.74 1.498
v -5.491 23.633 1.607
v -5.426 23.656 1.628
v -5.289 23.658 1.641
v -4.91 23.598 1.633
v -4.34 23.534 1.597
v -3.777 23.561 1.471
v -3.247 23.683 1.259
v -7.28 19.29 1.932
v -7.567 17.68 3.465
v -7.691 16.984 2.758
v -7.413 18.544 1.174
v -7.224 19.607 0.801
v -7.119 20.196 0.203
v -8.916 24.463 1.74
v -7.937 23.948 2.572
v -8.457 24.211 2.264
v -9.178 24.583 1.015
v -9.183 24.573 -1.01
v -8.949 24.459 -1.653
v -8.451 24.22 -2.225
v -7.881 23.949 -2.509
v -8.777 25.39 -0.007
v -8.088 24.891 -2.268
v -8.755 25.433 1.015
v -8.583 25.163 -1.696
v -8.798 25.346 -1.01
v -7.466 24.613 -2.555
v -8.535 25.23 1.74
v -7.485 24.627 2.589
v -8.753 25.435 1.015
v -8.071 24.924 2.292
v -5.81 27.544 -0.513
v -5.836 27.397 -1.009
v -6.524 23.538 -2.135
v -6.395 24.258 -2.392
v -7.606 24.302 0.003
v -7.594 24.371 -0.347
v -7.559 24.566 -0.644
v -7.507 24.859 -0.842
v -7.446 25.203 -0.912
v -7.385 25.548 -0.842
v -5.547 24.208 0.65
v -5.5 24.315 0.725
v -7.332 25.84 0.65
v -7.385 25.548 0.848
v -7.298 26.035 0.353
v -7.446 25.203 0.918
v -7.507 24.859 0.848
v -7.285 26.104 0.003
v -7.298 26.035 -0.347
v -7.332 25.84 -0.644
v -7.594 24.371 0.353
v -5.801 27.593 0.002
v -5.81 27.542 0.518
v -6.796 22.006 -1.566
v -6.644 22.889 -1.903
v -5.886 27.119 -1.533
v -5.944 26.792 -1.907
v -6.017 26.384 -2.231
v -6.099 25.919 -2.466
v -6.643 22.866 1.52
v -6.771 22.151 1.114
v -6.532 23.492 1.946
v -3.053 24.776 -0.842
v -3.001 25.069 -0.644
v -6.398 24.241 2.377
v -6.297 24.852 2.653
v -7.559 24.566 0.65
v -2.966 25.264 -0.347
v -2.954 25.333 0.003
v -2.966 25.264 0.353
v -5.876 27.173 1.441
v -5.837 27.395 1.013
v -3.053 24.776 0.848
v -3.114 24.432 0.918
v -3.001 25.069 0.65
v -6.192 25.401 -2.605
v -6.174 25.502 2.6
v -7.747 21.519 -0.99
v -7.779 21.841 -0.679
v -9.18 22.537 -0.239
v -9.578 22.429 -0.415
v -3.175 24.087 -0.842
v -3.114 24.432 -0.912
v -9.979 21.601 -1.301
v -9.78 21.297 -1.565
v -9.444 21.059 -1.741
v -5.936 26.836 1.875
v -3.262 23.6 -0.347
v -3.228 23.795 -0.644
v -8.577 20.904 -1.741
v -8.179 21.012 -1.565
v -9.87 22.213 -0.679
v -3.275 23.531 0.003
v -6.99 20.917 0.999
v -6.878 21.548 0.969
v -6.31 24.905 -2.644
v -6.087 25.99 2.449
v -6.013 26.404 2.231
v -7.978 22.144 -0.415
v -8.314 22.383 -0.239
v -9.021 20.92 -1.803
v -7.888 21.228 -1.301
v -10.011 21.922 -0.99
v -8.736 22.521 -0.177
v -9.033 18.345 3.862
v -9.455 18.484 3.924
v -8.697 18.106 3.686
v -8.498 17.803 3.422
v -8.466 17.481 3.111
v -8.607 17.19 2.8
v -8.898 16.974 2.536
v -9.296 16.866 2.36
v -9.74 16.882 2.298
v -10.163 17.021 2.36
v -10.499 17.26 2.536
v -10.698 17.563 2.8
v -10.73 17.885 3.111
v -10.589 18.175 3.422
v -10.297 18.391 3.686
v -9.899 18.499 3.862
v -8.616 18.835 4.418
v -9.35 19.075 4.525
v -8.03 18.419 4.111
v -7.684 17.891 3.652
v -7.567 17.68 3.465
v -7.567 17.68 3.465
v -7.691 16.984 2.758
v -7.691 16.984 2.758
v -7.629 17.332 3.111
v -8.381 16.451 2.111
v -7.873 16.826 2.57
v -9.074 16.262 1.804
v -9.846 16.291 1.697
v -10.58 16.531 1.804
v -11.165 16.947 2.111
v -11.512 17.474 2.57
v -11.567 18.034 3.111
v -11.322 18.54 3.652
v -10.815 18.915 4.111
v -10.122 19.104 4.418
v -7.136 20.097 1.306
v -7.019 20.758 -1.081
v -7.115 20.219 -0.529
v -7.286 19.257 0.449
v -5.959 26.71 -0.72
v -6.031 26.306 -1.331
v -5.933 26.852 0.003
v -5.959 26.709 0.726
v -6.031 26.306 1.337
v -6.138 25.704 1.747
v -6.265 24.993 1.891
v -6.391 24.281 1.747
v -6.498 23.679 1.337
v -6.57 23.276 0.725
v -6.596 23.134 0.003
v -6.57 23.276 -0.72
v -6.499 23.678 -1.332
v -6.391 24.281 -1.741
v -6.265 24.993 -1.885
v -6.138 25.704 -1.741
v -5.046 26.131 -1.331
v -5.153 25.529 -1.741
v -5.28 24.817 -1.885
v -5.407 24.106 -1.741
v -5.514 23.503 -1.332
v -5.586 23.101 -0.72
v -5.611 22.959 0.003
v -5.586 23.101 0.725
v -5.407 24.106 1.747
v -5.28 24.817 1.891
v -5.153 25.529 1.747
v -5.046 26.131 1.337
v -4.974 26.534 0.726
v -4.949 26.676 0.003
v -4.974 26.534 -0.72
v -2.929 25.473 1.061
v -2.872 25.793 0.575
v -5.027 26.238 1.446
v -4.949 26.674 0.784
v -2.852 25.905 0.003
v -4.922 26.827 0.002
v -2.872 25.792 -0.57
v -4.949 26.674 -0.779
v -2.929 25.473 -1.055
v -5.027 26.239 -1.441
v -3.014 24.995 -1.38
v -5.143 25.587 -1.883
v -3.114 24.432 -1.493
v -5.28 24.817 -2.039
v -3.214 23.869 -1.38
v -5.417 24.048 -1.883
v -3.3 23.39 -1.055
v -5.533 23.396 -1.441
v -3.356 23.071 -0.569
v -5.611 22.961 -0.779
v -3.376 22.959 0.003
v -5.638 22.807 0.003
v -3.356 23.071 0.575
v -5.611 22.961 0.784
v -3.175 24.087 0.848
v -3.175 24.087 0.848
v -3.262 23.6 0.353
v -3.262 23.6 0.353
v -3.215 23.868 1.385
v -3.114 24.432 1.499
v -5.417 24.048 1.889
v -5.28 24.817 2.044
v -3.014 24.995 1.385
v -5.143 25.587 1.889
v -5.561 23.239 1.206
v -5.561 23.239 1.206
v -5.542 23.346 1.097
v -5.542 23.346 1.097
v -5.491 23.633 1.607
v -5.491 23.633 1.607
v -5.472 23.74 1.498
v -5.472 23.74 1.498
v -5.668 23.531 1.337
v -5.621 23.638 1.414
v -5.286 24.439 0.833
v -5.15 24.439 0.848
v -3.334 23.195 0.764
v -3.334 23.195 0.764
v -5.237 23.952 0.353
v -5.367 23.989 0.375
v -5.47 24.051 0.44
v -5.534 24.129 0.536
v -5.409 24.397 0.791
v -3.864 23.073 0.977
v -4.427 23.047 1.102
v -4.997 23.111 1.138
v -5.376 23.17 1.146
v -5.506 23.206 1.171
v -5.591 23.375 1.127
v -5.654 23.451 1.224
v -5.529 23.72 1.478
v -5.426 23.656 1.628
v -5.289 23.658 1.641
v -4.91 23.598 1.633
v -4.34 23.534 1.597
v -3.777 23.561 1.471
v -3.247 23.683 1.259
v -3.247 23.683 1.259
v -7.28 19.29 1.932
v -7.413 18.544 1.174
usemtl MB_24
s off
f 2859 2959 2858
f 2959 2960 2858
f 3359 2887 3375
f 2887 2888 3375
f 2856 2858 2961
f 2858 2960 2961
f 2879 2854 3365
f 2854 3354 3365
f 2949 2956 2962
f 2956 2959 2962
f 2878 2879 3385
f 2879 3365 3385
f 2919 3346 2918
f 3346 3347 2918
f 2916 2917 3384
f 2917 3364 3384
f 2898 2897 2903
f 2897 2902 2903
f 2915 3319 2914
f 3319 3320 2914
f 3345 3346 2912
f 3346 2919 2912
f 2901 2903 2904
f 2903 2902 2904
f 3335 3355 2927
f 3331 3332 2927
f 3332 3334 2927
f 3339 2942 2927
f 3333 3331 2927
f 2942 2941 2927
f 3377 3370 3325
f 3370 3326 3325
f 3381 3376 3323
f 3376 3324 3323
f 3371 3351 3327
f 3351 3328 3327
f 3467 3469 3461
f 3469 3462 3461
f 3454 3483 3455
f 3483 3485 3455
f 2940 2939 2927
f 2939 2938 2927
f 3334 3335 2927
f 3337 3336 2927
f 2937 3338 2927
f 3336 3333 2927
f 3339 2927 3355
f 2938 2937 2927
f 2941 2940 2927
f 3338 3337 2927
f 3460 3459 3466
f 3459 3497 3466
f 3165 3180 3522
f 3358 3363 2933
f 3363 2932 2933
f 3370 3371 3326
f 3371 3327 3326
f 3459 3458 3497
f 3458 3495 3497
f 3458 3457 3495
f 3457 3494 3495
f 3363 3361 2932
f 3361 2931 2932
f 3164 3523 3506
f 3475 3477 3450
f 3477 3451 3450
f 3243 3492 2853
f 3492 3488 2853
f 3479 3481 3452
f 3481 3453 3452
f 3466 3467 3460
f 3467 3461 3460
f 3376 3377 3324
f 3377 3325 3324
f 3469 3471 3462
f 3471 3463 3462
f 3352 3356 2936
f 3356 2935 2936
f 3477 3479 3451
f 3479 3452 3451
f 3357 3358 2934
f 3358 2933 2934
f 3473 3475 3449
f 3475 3450 3449
f 2841 3490 3231
f 3490 3486 3231
f 3351 3352 3328
f 3352 2936 3328
f 3356 3357 2935
f 3357 2934 2935
f 3453 3481 3454
f 3481 3483 3454
f 3471 3473 3463
f 3473 3449 3463
f 3361 3362 2931
f 3362 2930 2931
f 3522 3523 3165
f 3455 3485 3456
f 3485 3487 3456
f 2996 2994 2952
f 2994 2957 2952
f 3340 2883 3341
f 2883 2885 3341
f 2950 3060 2949
f 3060 2952 2949
f 2957 2956 2952
f 2956 2949 2952
f 2910 2896 2911
f 2896 2907 2911
f 2992 2986 2985
f 2986 2990 2985
f 2953 2954 3000
f 2954 2955 3000
f 3000 2955 2998
f 2955 2999 2998
f 2953 2961 2954
f 2961 2960 2954
f 3022 3019 3354
f 2951 2962 2944
f 2962 2862 2944
f 2911 2907 2909
f 2907 2906 2909
f 2875 2864 2881
f 2864 2882 2881
f 3035 3032 3039
f 3032 3034 3039
f 3052 2990 3045
f 2990 2991 3045
f 2945 2944 3306
f 2944 3305 3306
f 2914 3320 2913
f 3320 3344 2913
f 3319 2915 3340
f 2915 2883 3340
f 2913 3344 2912
f 3344 3345 2912
f 2885 2886 3341
f 2886 3360 3341
f 2887 2891 2888
f 2891 2892 2888
f 2892 2893 2888
f 2893 2877 2888
f 2887 3359 2886
f 3359 3360 2886
f 2917 2916 2920
f 2916 2895 2920
f 3044 3045 2989
f 3045 2991 2989
f 3143 3428 3001
f 3428 3063 3001
f 3001 2994 2995
f 2994 2996 2995
f 3004 3003 3010
f 3003 3009 3010
f 3016 3020 3002
f 3020 3023 3002
f 3417 3415 3067
f 3415 3533 3067
f 3017 3020 3007
f 3020 3016 3007
f 3353 3354 3018
f 3020 3019 3023
f 3019 3022 3023
f 3012 3011 3009
f 3011 3010 3009
f 3349 3348 3011
f 3348 3007 3011
f 3013 3382 3012
f 3382 3383 3012
f 3072 3429 3013
f 3429 3382 3013
f 3039 3030 3384
f 2983 3030 2984
f 3030 3033 2984
f 3027 3026 3043
f 3026 3025 3043
f 3028 3043 3024
f 3043 3025 3024
f 3026 3031 3025
f 3031 3040 3025
f 3039 3384 3035
f 2948 2984 3027
f 2984 3033 3027
f 3024 3025 3029
f 3025 3040 3029
f 3033 3034 3027
f 3034 3026 3027
f 3031 3032 3343
f 3032 3321 3343
f 3057 3046 3053
f 3046 3048 3053
f 2985 2990 3051
f 2990 3052 3051
f 2951 2950 2962
f 2950 2949 2962
f 3084 3083 3048
f 3083 3053 3048
f 3003 3004 2958
f 3004 2963 2958
f 3073 3071 3065
f 3071 3064 3065
f 3409 3411 3064
f 3411 3065 3064
f 2948 2947 2984
f 2947 3308 2984
f 3003 3070 3009
f 3070 3069 3009
f 3354 3019 3018
f 3013 3012 3069
f 3012 3009 3069
f 3010 3016 3004
f 3016 3002 3004
f 3016 3010 3007
f 3010 3011 3007
f 3034 3033 3039
f 3033 3030 3039
f 3034 3032 3026
f 3032 3031 3026
f 2986 2946 2988
f 2946 2947 2988
f 2951 2944 2992
f 2944 2945 2992
f 2867 2865 2874
f 2865 2876 2874
f 2876 2875 2874
f 2875 2881 2874
f 3054 3056 3053
f 3056 3057 3053
f 3404 3403 3372
f 3403 3373 3372
f 3397 3396 3366
f 3396 3367 3366
f 3405 3404 3391
f 3404 3372 3391
f 3398 3397 3390
f 3397 3366 3390
f 3396 3395 3367
f 3395 3387 3367
f 3394 3408 3392
f 3408 3368 3392
f 3407 3406 3369
f 3406 3380 3369
f 3395 3393 3387
f 3393 3388 3387
f 3402 3401 3374
f 3401 3389 3374
f 3403 3402 3373
f 3402 3374 3373
f 3400 3399 3378
f 3399 3379 3378
f 3399 3398 3379
f 3398 3390 3379
f 3408 3407 3368
f 3407 3369 3368
f 3401 3400 3389
f 3400 3378 3389
f 3393 3394 3388
f 3394 3392 3388
f 3406 3405 3380
f 3405 3391 3380
f 3386 2877 3385
f 2877 2878 3385
f 3375 2888 3386
f 2888 2877 3386
f 3347 3364 2918
f 3364 2917 2918
f 3104 3105 3096
f 3101 3102 3096
f 3098 3099 3096
f 3109 3110 3096
f 3099 3100 3096
f 3102 3103 3096
f 3107 3108 3096
f 3111 3112 3096
f 3103 3104 3096
f 3097 3098 3096
f 3105 3106 3096
f 3110 3111 3096
f 3100 3101 3096
f 3108 3109 3096
f 3106 3107 3096
f 3112 3097 3096
f 2858 3303 2859
f 3303 3301 2859
f 3019 3020 3018
f 3020 3017 3018
f 3354 2966 3022
f 3023 3022 2967
f 3022 2966 2967
f 3121 3122 3421
f 3122 3138 3421
f 3119 3120 3135
f 3120 3420 3135
f 3113 3114 3410
f 3114 3130 3410
f 3124 3125 3424
f 3125 3425 3424
f 3424 3423 3124
f 3423 3123 3124
f 3144 3128 3410
f 3128 3113 3410
f 3117 3297 3133
f 3116 3117 3412
f 3117 3413 3412
f 3419 3418 3145
f 3418 3146 3145
f 3142 3425 3126
f 3425 3125 3126
f 3412 3131 3116
f 3131 3115 3116
f 3427 3142 3127
f 3142 3126 3127
f 3144 3427 3128
f 3427 3127 3128
f 3420 3120 3421
f 3120 3121 3421
f 3423 3138 3123
f 3138 3122 3123
f 3131 3130 3115
f 3130 3114 3115
f 3119 3135 3118
f 3135 3134 3118
f 3418 3136 3146
f 3136 3147 3146
f 3017 3007 3350
f 3007 3348 3350
f 3353 3018 3350
f 3018 3017 3350
f 3132 3296 3066
f 3296 3295 3066
f 2993 3070 2958
f 3070 3003 2958
f 3411 3132 3065
f 3132 3066 3065
f 3011 3012 3349
f 3012 3383 3349
f 3070 2993 3071
f 2993 2997 3071
f 3071 2997 3064
f 2997 3062 3064
f 3072 3073 3066
f 3073 3065 3066
f 3066 3295 3072
f 3295 3429 3072
f 3013 3069 3072
f 3069 3073 3072
f 3069 3070 3073
f 3070 3071 3073
f 2996 3086 2995
f 3086 3061 2995
f 3141 3426 3061
f 3426 2995 3061
f 3426 3143 2995
f 3143 3001 2995
f 2960 2959 2954
f 2959 2956 2954
f 2954 2956 2955
f 2956 2957 2955
f 2862 2962 2859
f 2962 2959 2859
f 2994 2999 2957
f 2999 2955 2957
f 2999 2994 3063
f 2994 3001 3063
f 2856 2961 2855
f 2961 2963 2855
f 2993 2958 3000
f 2958 2953 3000
f 2997 2993 2998
f 2993 3000 2998
f 2958 2963 2953
f 2963 2961 2953
f 2963 3004 2855
f 3004 3002 2855
f 3023 2967 3002
f 2967 2855 3002
f 3063 2998 2999
f 2997 2998 3062
f 2998 3063 3062
f 2945 2946 2992
f 2946 2986 2992
f 2871 2870 2868
f 2870 2869 2868
f 2861 2860 2864
f 2860 2882 2864
f 2872 2890 2869
f 2890 2889 2869
f 2922 2921 2901
f 2921 2903 2901
f 2859 3301 2862
f 3301 3304 2862
f 3129 3409 3062
f 3409 3064 3062
f 3428 3129 3063
f 3129 3062 3063
f 3024 3082 3028
f 3082 3044 3028
f 3044 2989 3028
f 3137 3422 3092
f 3422 3093 3092
f 3092 3093 3091
f 3093 3085 3091
f 3084 3091 3083
f 3091 3085 3083
f 3086 2996 3060
f 2996 2952 3060
f 3136 3137 3147
f 3137 3092 3147
f 2871 2868 2910
f 2868 2896 2910
f 3057 3055 3046
f 3055 3047 3046
f 2909 2906 2908
f 2906 2905 2908
f 3095 3088 3093
f 3088 3085 3093
f 2873 2872 2863
f 2872 2866 2863
f 3087 3086 3089
f 3086 3060 3089
f 3083 3085 3090
f 3085 3088 3090
f 3050 3056 3049
f 3056 3054 3049
f 3058 3051 3059
f 3051 3052 3059
f 3050 3058 3056
f 3058 3059 3056
f 3059 3052 3055
f 3052 3045 3055
f 3054 3090 3049
f 3090 3089 3049
f 3056 3059 3057
f 3059 3055 3057
f 3053 3083 3054
f 3083 3090 3054
f 2873 2863 2867
f 2863 2865 2867
f 3094 3087 3095
f 3087 3088 3095
f 3090 3088 3089
f 3088 3087 3089
f 2866 2872 2870
f 2872 2869 2870
f 2905 2901 2908
f 2901 2904 2908
f 3140 3141 3094
f 3141 3061 3094
f 3087 3094 3086
f 3094 3061 3086
f 3422 3139 3093
f 3139 3095 3093
f 3139 3140 3095
f 3140 3094 3095
f 3045 3044 3055
f 3044 3047 3055
f 3384 3030 2983
f 3322 3035 3384
f 2899 2900 2898
f 2900 2897 2898
f 2899 2895 3312
f 2895 3310 3312
f 2893 2874 2894
f 2874 2881 2894
f 2912 2919 2926
f 2919 2922 2926
f 2925 2913 2926
f 2913 2912 2926
f 2884 2889 2883
f 2889 2885 2883
f 2923 2915 2924
f 2915 2914 2924
f 2894 2880 2878
f 2880 2879 2878
f 2893 2892 2874
f 2892 2867 2874
f 2857 2880 2860
f 2880 2882 2860
f 2880 2894 2882
f 2894 2881 2882
f 2885 2889 2886
f 2889 2890 2886
f 2884 2883 2923
f 2883 2915 2923
f 2884 2923 2868
f 2923 2896 2868
f 2869 2889 2868
f 2889 2884 2868
f 2891 2873 2892
f 2873 2867 2892
f 2907 2924 2906
f 2924 2925 2906
f 2896 2923 2907
f 2923 2924 2907
f 2921 2918 2920
f 2918 2917 2920
f 2919 2918 2922
f 2918 2921 2922
f 2905 2926 2901
f 2926 2922 2901
f 2877 2893 2878
f 2893 2894 2878
f 2920 2895 2898
f 2895 2899 2898
f 2921 2920 2903
f 2920 2898 2903
f 2906 2925 2905
f 2925 2926 2905
f 2873 2891 2872
f 2891 2890 2872
f 2924 2914 2925
f 2914 2913 2925
f 2890 2891 2886
f 2891 2887 2886
f 2857 2854 2880
f 2854 2879 2880
f 2858 2856 3303
f 2856 3302 3303
f 2855 2967 2856
f 2967 3302 2856
f 2986 2988 2990
f 2988 2991 2990
f 2967 2966 3302
f 2966 3316 3302
f 2947 2948 2988
f 2948 2987 2988
f 2989 2991 2987
f 2991 2988 2987
f 2895 2916 3310
f 2916 3314 3310
f 3029 3040 3430
f 3040 3342 3430
f 3152 3080 3150
f 3080 3078 3150
f 3075 3029 3077
f 3029 3074 3077
f 3048 3046 3080
f 3046 3079 3080
f 3027 3043 2948
f 3043 2987 2948
f 3322 3321 3035
f 3321 3032 3035
f 3040 3031 3342
f 3031 3343 3342
f 3507 3164 3506
f 3075 3024 3029
f 2987 3043 2989
f 3043 3028 2989
f 3154 3149 3432
f 3149 3431 3432
f 3150 3078 3149
f 3078 3076 3149
f 3046 3047 3079
f 3047 3081 3079
f 3044 3082 3047
f 3082 3081 3047
f 3079 3081 3077
f 3081 3075 3077
f 3145 3154 3298
f 3154 3432 3298
f 3081 3082 3075
f 3082 3024 3075
f 3149 3076 3431
f 3076 3430 3431
f 3146 3153 3145
f 3153 3154 3145
f 3153 3150 3154
f 3150 3149 3154
f 3079 3077 3080
f 3077 3078 3080
f 3077 3074 3078
f 3074 3076 3078
f 3155 3152 3153
f 3152 3150 3153
f 3152 3084 3080
f 3084 3048 3080
f 3147 3155 3146
f 3155 3153 3146
f 3147 3092 3155
f 3092 3091 3155
f 3091 3084 3155
f 3084 3152 3155
f 3041 3014 3148
f 3014 3300 3148
f 3166 3008 3042
f 3008 3015 3042
f 3437 2981 3438
f 2981 2982 3438
f 2978 2980 3436
f 2980 3437 3436
f 3014 3041 3015
f 3041 3042 3015
f 3166 3042 3444
f 3042 3036 3444
f 3447 3185 3446
f 3185 3184 3446
f 3443 3181 3165
f 3181 3180 3165
f 2977 2978 3158
f 2978 3436 3158
f 3171 2969 2970
f 3435 3174 3157
f 3174 3173 3157
f 3445 3183 3167
f 3183 3182 3167
f 3008 3166 3006
f 3166 3442 3006
f 3159 3175 3435
f 3175 3174 3435
f 3171 2970 3434
f 2970 2971 3434
f 2965 3439 2964
f 3439 3438 2964
f 3156 3172 3448
f 3172 3186 3448
f 3006 3442 3005
f 3442 3441 3005
f 3434 2973 3433
f 2973 2972 3433
f 3161 3177 3160
f 3177 3176 3160
f 2973 3434 2971
f 3440 3179 3162
f 3179 3178 3162
f 3005 3441 3021
f 3441 3163 3021
f 3021 3163 2965
f 3163 3439 2965
f 3515 3514 2943
f 3167 3182 3443
f 3182 3181 3443
f 2975 3433 2972
f 3169 3038 3170
f 3038 2968 3170
f 3448 3186 3447
f 3186 3185 3447
f 2974 2976 3433
f 2976 3158 3433
f 3446 3184 3445
f 3184 3183 3445
f 3148 3300 3151
f 3300 3299 3151
f 3438 2982 2964
f 3168 3037 3169
f 3037 3038 3169
f 3437 2979 2981
f 3036 3037 3444
f 3037 3168 3444
f 3162 3178 3161
f 3178 3177 3161
f 2977 3158 2976
f 2974 3433 2975
f 3157 3173 3156
f 3173 3172 3156
f 3170 2968 3171
f 2968 2969 3171
f 2980 2979 3437
f 3160 3176 3159
f 3176 3175 3159
f 2950 3058 3050
f 2950 3049 3060
f 3049 3089 3060
f 3058 2950 3051
f 3051 2950 2985
f 2950 3050 3049
f 2985 2950 2992
f 2950 2951 2992
f 3187 2870 2871
f 3187 2910 2911
f 2909 3187 2911
f 2909 2908 3187
f 2908 2904 3187
f 2904 2902 3187
f 2902 2897 3187
f 2897 2900 3187
f 3187 2866 2870
f 2861 2864 3187
f 3187 2863 2866
f 2864 2875 3187
f 3187 2865 2863
f 2875 2876 3187
f 2876 2865 3187
f 3187 2871 2910
f 3464 3465 3190
f 3465 3194 3190
f 3248 3249 3189
f 3249 3193 3189
f 3189 3193 3188
f 3193 3192 3188
f 3465 3468 3194
f 3468 3198 3194
f 3249 3250 3193
f 3250 3197 3193
f 3193 3197 3192
f 3197 3196 3192
f 3468 3470 3198
f 3470 3202 3198
f 3250 3251 3197
f 3251 3201 3197
f 3197 3201 3196
f 3201 3200 3196
f 3470 3472 3202
f 3472 3206 3202
f 3251 3252 3201
f 3252 3205 3201
f 3201 3205 3200
f 3205 3204 3200
f 3472 3474 3206
f 3474 3210 3206
f 3252 3253 3205
f 3253 3209 3205
f 3205 3209 3204
f 3209 3208 3204
f 3474 3476 3210
f 3476 3214 3210
f 3253 3254 3209
f 3254 3213 3209
f 3209 3213 3208
f 3213 3212 3208
f 3476 3478 3214
f 3478 3218 3214
f 3254 3255 3213
f 3255 3217 3213
f 3213 3217 3212
f 3217 3216 3212
f 3478 3480 3218
f 3480 3222 3218
f 3255 3256 3217
f 3256 3221 3217
f 3217 3221 3216
f 3221 3220 3216
f 3480 3482 3222
f 3482 3226 3222
f 3256 3257 3221
f 3257 3225 3221
f 3221 3225 3220
f 3225 3224 3220
f 3482 3484 3226
f 3484 3230 3226
f 3257 3258 3225
f 3258 3229 3225
f 3225 3229 3224
f 3229 3228 3224
f 3484 3235 3230
f 3235 3234 3230
f 3258 3259 3229
f 3259 3233 3229
f 3229 3233 3228
f 3233 3232 3228
f 3323 3512 3381
f 3512 3491 3381
f 3323 2943 3512
f 3165 3523 3164
f 3362 3489 2930
f 3489 3509 2930
f 3440 3524 3179
f 3524 3440 3507
f 3239 3493 3238
f 3493 3242 3238
f 3260 3261 3237
f 3261 3241 3237
f 3237 3241 3236
f 3241 3240 3236
f 3493 3496 3242
f 3496 3246 3242
f 3261 3262 3241
f 3262 3245 3241
f 3241 3245 3240
f 3245 3244 3240
f 3496 3464 3246
f 3464 3190 3246
f 3262 3248 3245
f 3248 3189 3245
f 3245 3189 3244
f 3189 3188 3244
f 3219 2844 3223
f 2844 2843 3223
f 2851 2850 3191
f 2850 3195 3191
f 2845 3215 2846
f 3215 3211 2846
f 2843 2842 3223
f 2842 3227 3223
f 2842 2841 3227
f 2841 3231 3227
f 3247 2852 3191
f 2852 2851 3191
f 3179 3524 3504
f 3207 3203 2847
f 3203 2848 2847
f 3522 3180 3500
f 3203 3199 2848
f 3199 2849 2848
f 3247 3243 2852
f 3243 2853 2852
f 3199 3195 2849
f 3195 2850 2849
f 3440 3164 3507
f 3215 2845 3219
f 2845 2844 3219
f 3207 2847 3211
f 2847 2846 3211
f 3246 3190 3262
f 3190 3248 3262
f 3242 3246 3261
f 3246 3262 3261
f 3238 3242 3260
f 3242 3261 3260
f 3456 3487 3501
f 3487 3498 3501
f 3494 3457 3502
f 3457 3505 3502
f 3230 3234 3258
f 3234 3259 3258
f 3226 3230 3257
f 3230 3258 3257
f 3222 3226 3256
f 3226 3257 3256
f 3218 3222 3255
f 3222 3256 3255
f 3214 3218 3254
f 3218 3255 3254
f 3210 3214 3253
f 3214 3254 3253
f 3206 3210 3252
f 3210 3253 3252
f 3202 3206 3251
f 3206 3252 3251
f 3198 3202 3250
f 3202 3251 3250
f 3194 3198 3249
f 3198 3250 3249
f 3190 3194 3248
f 3194 3249 3248
f 3486 3490 3510
f 3492 3531 3488
f 3508 2929 3509
f 3514 3513 2943
f 3516 3330 2929
f 2929 2930 3509
f 3330 3329 2929
f 3329 2928 2929
f 2929 3508 3516
f 3513 3512 2943
f 2943 2928 3515
f 2928 3329 3515
f 3234 3235 3517
f 3235 3511 3517
f 3259 3234 3518
f 3234 3517 3518
f 3233 3259 3519
f 3259 3518 3519
f 3232 3233 3520
f 3233 3519 3520
f 3520 3521 3232
f 3232 3521 3499
f 3503 3525 3236
f 3525 3526 3236
f 3237 3236 3527
f 3236 3526 3527
f 3260 3237 3528
f 3237 3527 3528
f 3238 3260 3529
f 3260 3528 3529
f 3239 3238 3530
f 3238 3529 3530
f 3268 3284 3267
f 3284 3283 3267
f 3269 3285 3268
f 3285 3284 3268
f 3267 3283 3266
f 3283 3282 3266
f 3270 3286 3269
f 3286 3285 3269
f 3272 3290 3271
f 3290 3289 3271
f 3265 3279 3264
f 3279 3278 3264
f 3280 3279 3281
f 3279 3265 3281
f 3266 3282 3265
f 3282 3281 3265
f 3271 3287 3270
f 3287 3286 3270
f 3288 3287 3289
f 3289 3287 3271
f 3272 3291 3290
f 3272 3273 3292
f 3273 3293 3292
f 3274 3263 3275
f 3263 3264 3275
f 3292 3291 3272
f 3293 3273 3294
f 3264 3276 3275
f 3278 3277 3264
f 3264 3277 3276
f 2966 3354 3316
f 3354 2854 3316
f 3314 2916 2983
f 2916 3384 2983
f 3299 3067 3151
f 3067 3533 3151
f 3414 3417 3532
f 3417 3067 3532
f 3416 3419 3298
f 3419 3145 3298
f 3068 3532 3299
f 3532 3067 3299
f 3300 3014 3299
f 3014 3068 3299
f 3430 3076 3029
f 3076 3074 3029
f 3302 3316 3303
f 3316 3318 3303
f 3303 3318 3301
f 3318 3315 3301
f 3307 2946 3306
f 2946 2945 3306
f 3305 2944 3304
f 2944 2862 3304
f 3304 3311 3309
f 3304 3301 3315
f 3315 3317 3311
f 3315 3311 3304
f 3308 2947 3307
f 2947 2946 3307
f 3305 3313 3306
f 3313 3312 3306
f 3305 3309 3313
f 3310 3307 3312
f 3307 3306 3312
f 3309 3305 3304
f 3314 3308 3310
f 3308 3307 3310
f 3308 3314 2984
f 3314 2983 2984
f 3313 2900 3312
f 2900 2899 3312
f 3309 3311 3317
f 3317 2861 3187
f 3317 3187 3309
f 3309 3187 3313
f 3187 2900 3313
f 3316 2854 3318
f 2854 2857 3318
f 3315 2860 3317
f 2860 2861 3317
f 3318 2857 3315
f 2857 2860 3315
f 3297 3117 3134
f 3117 3118 3134
f 3117 3133 3413
o Part.4
v -8.189 18.751 1.831
v -8.226 18.706 1.881
v -8.209 18.806 1.781
v -8.222 19.086 2.156
v -8.258 19.034 2.198
v -8.241 19.132 2.098
v -8.429 19.402 2.431
v -8.461 19.343 2.467
v -8.444 19.441 2.367
v -8.781 19.652 2.615
v -8.804 19.586 2.646
v -8.786 19.684 2.546
v -9.056 18.11 1.046
v -9.072 18.081 1.115
v -9.054 18.18 1.015
v -8.639 18.222 1.23
v -8.666 18.191 1.295
v -8.649 18.29 1.195
v -8.335 18.448 1.505
v -8.369 18.41 1.563
v -8.352 18.509 1.464
v -9.309 16.904 2.406
v -8.928 17.007 2.576
v -8.65 17.214 2.829
v -8.515 17.491 3.126
v -8.545 17.799 3.424
v -8.735 18.088 3.677
v -9.057 18.317 3.846
v -8.733 21.147 -1.261
v -8.512 21.206 -1.164
v -8.351 21.326 -1.017
v -8.273 21.488 -0.845
v -8.29 21.665 -0.672
v -8.401 21.833 -0.526
v -8.587 21.966 -0.428
v -8.267 20.72 -1.191
v -8.648 20.617 -1.36
v -8.396 22.03 0.079
v -8.074 21.802 -0.089
v -7.884 21.512 -0.342
v -7.853 21.204 -0.641
v -7.988 20.926 -0.938
v -8.688 18.354 1.208
v -8.817 19.665 2.477
v -8.305 19.146 2.056
v -8.41 18.561 1.46
v -9.069 18.251 1.038
v -8.496 19.436 2.308
v -8.275 18.839 1.757
v -8.713 18.214 1.349
v -8.842 19.524 2.62
v -8.33 19.006 2.198
v -8.435 18.42 1.602
v -9.094 18.111 1.181
v -8.521 19.295 2.451
v -8.3 18.698 1.9
v -9.616 15.222 3.217
v -9.26 15.017 3.297
v -8.973 14.743 3.424
v -8.772 14.416 3.589
v -8.674 14.058 3.781
v -8.683 13.696 3.988
v -8.794 13.386 4.254
v -8.839 13.131 4.578
v -9.254 15.923 2.783
v -8.699 15.604 2.907
v -8.249 15.174 3.106
v -7.937 14.663 3.364
v -7.782 14.105 3.665
v -7.797 13.538 3.988
v -7.966 13.071 4.435
v -8.869 12.964 6.373
v -7.77 14.889 8.297
v -7.594 15.163 8.124
v -7.412 15.7 7.801
v -7.397 16.267 7.478
v -7.552 16.825 7.177
v -7.864 17.336 6.918
v -8.314 17.766 6.72
v -8.869 18.085 6.595
v -8.474 15.185 8.2
v -8.415 15.514 8.007
v -8.298 15.858 7.801
v -8.289 16.22 7.594
v -8.387 16.578 7.402
v -8.588 16.905 7.236
v -8.875 17.179 7.11
v -9.231 17.384 7.03
v -8.032 14.622 8.475
v -8.887 12.864 5.209
v -8.557 14.716 8.475
v -8.736 12.82 6.087
v -8.89 12.847 6.087
v -9.236 16.705 2.224
v -8.758 16.835 2.436
v -8.408 17.093 2.753
v -8.239 17.442 3.126
v -8.277 17.828 3.5
v -8.516 18.192 3.817
v -8.507 16.68 4.804
v -8.563 17.887 4.126
v -8.684 18.308 3.899
v -9.063 16.999 4.68
v -9.349 16.017 2.886
v -8.891 15.974 3.271
v -8.562 16.043 3.787
v -8.413 16.236 4.337
v -8.458 16.59 4.765
v -8.123 12.9 4.792
v -8.361 12.77 5.209
v -8.799 12.951 6.373
v -8.671 14.077 8.337
v -8.593 14.512 8.554
v -8.651 14.189 8.466
v -8.624 14.342 8.543
v -8.6 14.065 8.337
v -8.433 14.308 8.543
v -8.548 14.171 8.466
v -8.898 12.803 5.604
v -8.558 12.742 5.604
v -8.897 12.808 5.816
v -8.65 12.764 5.816
v -8.27 14.454 8.554
v -8.665 20.963 -1.431
v -8.636 20.717 -1.439
v -8.638 20.829 -1.475
v -8.355 21.048 -1.293
v -8.261 20.819 -1.273
v -8.283 20.926 -1.318
v -8.128 21.215 -1.088
v -7.986 21.022 -1.024
v -8.022 21.118 -1.082
v -8.018 21.442 -0.845
v -7.853 21.296 -0.731
v -7.897 21.378 -0.803
v -8.043 21.692 -0.602
v -7.884 21.599 -0.437
v -7.925 21.665 -0.526
v -8.198 21.929 -0.396
v -8.072 21.884 -0.187
v -8.103 21.936 -0.29
v -8.46 22.115 -0.259
v -8.388 22.11 -0.021
v -8.403 22.149 -0.132
v -10.552 19.172 1.831
v -10.532 19.117 1.881
v -10.514 19.216 1.781
v -10.405 19.475 2.156
v -10.389 19.413 2.198
v -10.371 19.512 2.098
v -10.101 19.7 2.431
v -10.092 19.633 2.467
v -10.074 19.731 2.367
v -9.685 19.813 2.615
v -9.686 19.743 2.646
v -9.669 19.841 2.546
v -9.959 18.271 1.046
v -9.954 18.238 1.115
v -9.936 18.337 1.015
v -10.311 18.52 1.23
v -10.297 18.482 1.295
v -10.279 18.58 1.195
v -10.519 18.836 1.505
v -10.5 18.79 1.563
v -10.482 18.889 1.464
v -10.138 17.051 2.406
v -10.46 17.28 2.576
v -10.65 17.57 2.829
v -10.681 17.877 3.126
v -10.546 18.155 3.424
v -10.267 18.361 3.677
v -9.886 18.465 3.846
v -9.214 21.232 -1.261
v -9.4 21.365 -1.164
v -9.511 21.532 -1.017
v -9.527 21.711 -0.845
v -9.45 21.872 -0.672
v -9.289 21.991 -0.526
v -9.068 22.051 -0.428
v -9.799 20.993 -1.191
v -9.477 20.764 -1.36
v -9.225 22.178 0.079
v -9.606 22.074 -0.089
v -9.885 21.868 -0.342
v -10.019 21.59 -0.641
v -9.989 21.283 -0.938
v -10.22 18.627 1.207
v -9.646 19.812 2.477
v -10.306 19.503 2.056
v -10.41 18.917 1.46
v -9.898 18.398 1.038
v -10.027 19.708 2.308
v -10.441 19.224 1.757
v -10.245 18.487 1.349
v -9.671 19.671 2.62
v -10.331 19.362 2.198
v -10.435 18.776 1.602
v -9.923 18.258 1.181
v -10.052 19.568 2.451
v -10.466 19.084 1.9
v -10.431 15.367 3.217
v -10.835 15.298 3.297
v -11.2 15.139 3.424
v -11.501 14.902 3.589
v -11.716 14.6 3.781
v -11.833 14.257 3.988
v -11.836 13.928 4.254
v -11.881 13.673 4.578
v -10.528 16.15 2.783
v -11.16 16.042 2.907
v -11.73 15.794 3.106
v -12.2 15.422 3.364
v -12.537 14.952 3.665
v -12.719 14.414 3.988
v -12.721 13.918 4.435
v -11.911 13.506 6.373
v -12.279 15.692 8.297
v -12.349 16.01 8.124
v -12.334 16.576 7.801
v -12.152 17.114 7.478
v -11.815 17.584 7.177
v -11.345 17.956 6.918
v -10.775 18.204 6.72
v -10.143 18.312 6.595
v -11.516 15.727 8.2
v -11.457 16.056 8.007
v -11.448 16.419 7.801
v -11.331 16.762 7.594
v -11.116 17.064 7.401
v -10.815 17.301 7.236
v -10.45 17.46 7.11
v -10.046 17.529 7.03
v -12.124 15.351 8.475
v -11.929 13.406 5.209
v -11.599 15.257 8.475
v -12.086 13.416 6.087
v -11.932 13.389 6.087
v -10.275 16.89 2.224
v -10.679 17.178 2.436
v -10.918 17.54 2.753
v -10.956 17.926 3.126
v -10.788 18.275 3.5
v -10.438 18.535 3.817
v -10.968 17.118 4.804
v -10.499 18.231 4.126
v -10.24 18.585 3.899
v -10.337 17.225 4.68
v -10.407 16.205 2.886
v -10.852 16.323 3.271
v -11.136 16.501 3.787
v -11.209 16.734 4.337
v -11.045 17.051 4.765
v -12.634 13.703 4.792
v -12.455 13.499 5.209
v -11.981 13.518 6.373
v -11.713 14.619 8.337
v -11.636 15.054 8.554
v -11.693 14.731 8.466
v -11.666 14.884 8.543
v -11.784 14.632 8.337
v -11.857 14.918 8.543
v -11.795 14.749 8.466
v -11.94 13.345 5.604
v -12.28 13.405 5.604
v -11.939 13.35 5.816
v -12.186 13.394 5.816
v -11.959 15.111 8.554
v -9.222 19.796 2.68
v -9.234 19.726 2.71
v -9.217 19.825 2.609
v -9.519 18.127 0.982
v -9.524 18.097 1.052
v -9.506 18.197 0.952
v -9.734 16.919 2.348
v -8.822 22.042 -0.394
v -8.979 21.156 -1.296
v -9.073 20.632 -1.419
v -8.8 22.162 0.138
v -8.9 21.6 -0.845
v -9.494 18.267 0.979
v -9.222 19.796 2.537
v -9.519 18.126 1.122
v -9.246 19.656 2.679
v -10.015 15.341 3.189
v -9.493 18.271 6.553
v -9.63 17.503 7.002
v -9.769 16.725 2.149
v -9.462 18.446 3.899
v -9.687 17.185 4.637
v -9.878 16.109 2.74
v -9.341 21.083 -1.431
v -9.453 20.862 -1.439
v -9.412 20.967 -1.475
v -9.603 21.27 -1.293
v -9.77 21.088 -1.273
v -9.712 21.18 -1.318
v -9.758 21.506 -1.088
v -9.957 21.373 -1.024
v -9.891 21.451 -1.082
v -9.782 21.757 -0.845
v -9.988 21.676 -0.731
v -9.919 21.738 -0.803
v -9.673 21.982 -0.602
v -9.855 21.95 -0.437
v -9.793 21.998 -0.526
v -9.446 22.151 -0.396
v -9.58 22.153 -0.187
v -9.533 22.19 -0.29
v -9.136 22.235 -0.259
v -9.205 22.255 -0.021
v -9.177 22.287 -0.132
v -8.79 22.222 -0.21
v -8.786 22.24 0.036
v -8.78 22.273 -0.076
v -9.055 20.732 -1.498
v -9.011 20.976 -1.479
v -9.035 20.844 -1.53
v -9.309 16.904 2.406
v -9.734 16.919 2.348
v -8.928 17.007 2.576
v -8.65 17.214 2.829
v -8.515 17.491 3.126
v -8.545 17.799 3.424
v -8.735 18.088 3.677
v -9.057 18.317 3.846
v -9.069 18.251 1.038
v -8.688 18.354 1.208
v -8.496 19.436 2.308
v -8.817 19.665 2.477
v -8.275 18.839 1.757
v -8.305 19.146 2.056
v -8.41 18.561 1.46
v -9.494 18.267 0.979
v -9.222 19.796 2.537
v -8.435 18.42 1.602
v -8.3 18.698 1.9
v -8.33 19.006 2.198
v -8.521 19.295 2.451
v -8.842 19.524 2.62
v -9.246 19.656 2.679
v -9.519 18.126 1.122
v -9.094 18.111 1.181
v -8.713 18.214 1.349
v -10.015 15.341 3.189
v -9.616 15.222 3.217
v -9.26 15.017 3.297
v -8.973 14.743 3.424
v -8.772 14.416 3.589
v -8.674 14.058 3.781
v -8.683 13.696 3.988
v -8.794 13.386 4.254
v -8.794 13.386 4.254
v -8.839 13.131 4.578
v -9.254 15.923 2.783
v -8.699 15.604 2.907
v -8.249 15.174 3.106
v -7.937 14.663 3.364
v -7.782 14.105 3.665
v -7.797 13.538 3.988
v -7.966 13.071 4.435
v -7.77 14.889 8.297
v -7.594 15.163 8.124
v -7.412 15.7 7.801
v -7.397 16.267 7.478
v -7.552 16.825 7.177
v -7.864 17.336 6.918
v -8.314 17.766 6.72
v -8.869 18.085 6.595
v -8.891 15.974 3.271
v -9.349 16.017 2.886
v -9.493 18.271 6.553
v -8.474 15.185 8.2
v -8.415 15.514 8.007
v -8.415 15.514 8.007
v -8.298 15.858 7.801
v -8.289 16.22 7.594
v -8.387 16.578 7.402
v -8.588 16.905 7.236
v -8.875 17.179 7.11
v -9.231 17.384 7.03
v -9.63 17.503 7.002
v -8.032 14.622 8.475
v -8.887 12.864 5.209
v -8.557 14.716 8.475
v -8.799 12.951 6.373
v -8.736 12.82 6.087
v -8.123 12.9 4.792
v -8.869 12.964 6.373
v -8.89 12.847 6.087
v -8.897 12.808 5.816
v -9.236 16.705 2.224
v -9.769 16.725 2.149
v -8.758 16.835 2.436
v -8.408 17.093 2.753
v -8.239 17.442 3.126
v -8.277 17.828 3.5
v -8.516 18.192 3.817
v -9.462 18.446 3.899
v -9.462 18.446 3.899
v -9.462 18.446 3.899
v -8.684 18.308 3.899
v -8.684 18.308 3.899
v -8.563 17.887 4.126
v -9.687 17.185 4.637
v -9.063 16.999 4.68
v -9.878 16.109 2.74
v -9.878 16.109 2.74
v -9.878 16.109 2.74
v -8.562 16.043 3.787
v -8.413 16.236 4.337
v -8.458 16.59 4.765
v -8.507 16.68 4.804
v -8.507 16.68 4.804
v -8.361 12.77 5.209
v -8.65 12.764 5.816
v -8.651 14.189 8.466
v -8.671 14.077 8.337
v -8.6 14.065 8.337
v -8.548 14.171 8.466
v -8.624 14.342 8.543
v -8.433 14.308 8.543
v -8.898 12.803 5.604
v -8.558 12.742 5.604
v -8.593 14.512 8.554
v -8.27 14.454 8.554
v -10.138 17.051 2.406
v -10.46 17.28 2.576
v -10.65 17.57 2.829
v -10.681 17.877 3.126
v -10.546 18.155 3.424
v -10.267 18.361 3.677
v -9.886 18.465 3.846
v -9.898 18.398 1.038
v -10.22 18.627 1.207
v -10.027 19.708 2.308
v -9.646 19.812 2.477
v -10.441 19.224 1.757
v -10.306 19.503 2.056
v -10.41 18.917 1.46
v -10.435 18.776 1.602
v -10.466 19.084 1.9
v -10.331 19.362 2.198
v -10.052 19.568 2.451
v -9.671 19.671 2.62
v -9.923 18.258 1.181
v -10.245 18.487 1.349
v -10.431 15.367 3.217
v -10.835 15.298 3.297
v -11.2 15.139 3.424
v -11.501 14.902 3.589
v -11.716 14.6 3.781
v -11.833 14.257 3.988
v -11.836 13.928 4.254
v -11.836 13.928 4.254
v -11.881 13.673 4.578
v -10.528 16.15 2.783
v -11.16 16.042 2.907
v -11.73 15.794 3.106
v -12.2 15.422 3.364
v -12.537 14.952 3.665
v -12.719 14.414 3.988
v -12.721 13.918 4.435
v -12.279 15.692 8.297
v -12.349 16.01 8.124
v -12.334 16.576 7.801
v -12.152 17.114 7.478
v -11.815 17.584 7.177
v -11.345 17.956 6.918
v -10.775 18.204 6.72
v -10.143 18.312 6.595
v -10.852 16.323 3.271
v -10.407 16.205 2.886
v -11.516 15.727 8.2
v -11.457 16.056 8.007
v -11.457 16.056 8.007
v -11.448 16.419 7.801
v -11.331 16.762 7.594
v -11.116 17.064 7.401
v -10.815 17.301 7.236
v -10.45 17.46 7.11
v -10.046 17.529 7.03
v -12.124 15.351 8.475
v -11.929 13.406 5.209
v -11.599 15.257 8.475
v -11.981 13.518 6.373
v -12.086 13.416 6.087
v -12.634 13.703 4.792
v -11.911 13.506 6.373
v -11.932 13.389 6.087
v -11.939 13.35 5.816
v -10.275 16.89 2.224
v -10.679 17.178 2.436
v -10.918 17.54 2.753
v -10.956 17.926 3.126
v -10.788 18.275 3.5
v -10.438 18.535 3.817
v -10.24 18.585 3.899
v -10.24 18.585 3.899
v -10.499 18.231 4.126
v -10.337 17.225 4.68
v -11.136 16.501 3.787
v -11.209 16.734 4.337
v -11.045 17.051 4.765
v -10.968 17.118 4.804
v -10.968 17.118 4.804
v -12.455 13.499 5.209
v -12.186 13.394 5.816
v -11.693 14.731 8.466
v -11.713 14.619 8.337
v -11.784 14.632 8.337
v -11.795 14.749 8.466
v -11.666 14.884 8.543
v -11.857 14.918 8.543
v -11.94 13.345 5.604
v -12.28 13.405 5.604
v -11.636 15.054 8.554
v -11.959 15.111 8.554
usemtl MB_24
s off
f 3534 3535 3552
f 3535 3553 3552
f 3553 3535 3868
f 3535 3869 3868
f 3802 3544 3801
f 3544 3543 3801
f 3863 3536 3865
f 3536 3554 3865
f 3536 3534 3554
f 3534 3552 3554
f 3550 3553 3876
f 3553 3868 3876
f 3542 3540 3539
f 3540 3537 3539
f 3545 3543 3542
f 3543 3540 3542
f 3544 3541 3543
f 3541 3540 3543
f 3859 3860 3548
f 3860 3551 3548
f 3863 3864 3536
f 3864 3539 3536
f 3534 3536 3537
f 3536 3539 3537
f 3551 3549 3548
f 3549 3546 3548
f 3541 3538 3540
f 3538 3537 3540
f 3553 3550 3552
f 3550 3549 3552
f 3554 3552 3551
f 3552 3549 3551
f 3865 3554 3860
f 3554 3551 3860
f 3874 3805 3875
f 3805 3547 3875
f 3871 3541 3872
f 3541 3544 3872
f 3859 3548 3866
f 3548 3806 3866
f 3862 3867 3545
f 3867 3803 3545
f 3872 3544 3873
f 3544 3802 3873
f 3803 3801 3545
f 3801 3543 3545
f 3861 3862 3542
f 3862 3545 3542
f 3547 3550 3875
f 3550 3876 3875
f 3869 3535 3870
f 3535 3538 3870
f 3535 3534 3538
f 3534 3537 3538
f 3870 3538 3871
f 3538 3541 3871
f 3864 3861 3539
f 3861 3542 3539
f 3548 3546 3806
f 3546 3804 3806
f 3547 3805 3546
f 3805 3804 3546
f 3570 3810 3658
f 3810 3848 3658
f 3845 3675 3808
f 3675 3568 3808
f 3672 3669 3567
f 3669 3566 3567
f 3666 3663 3565
f 3663 3564 3565
f 3660 3657 3563
f 3657 3562 3563
f 3675 3672 3568
f 3672 3567 3568
f 3669 3666 3566
f 3666 3565 3566
f 3572 3573 3673
f 3573 3670 3673
f 3574 3575 3667
f 3575 3664 3667
f 3663 3660 3564
f 3660 3563 3564
f 3571 3572 3676
f 3572 3673 3676
f 3573 3574 3670
f 3574 3667 3670
f 3575 3569 3664
f 3569 3661 3664
f 3569 3570 3661
f 3570 3658 3661
f 3811 3571 3846
f 3571 3676 3846
f 3582 3579 3574
f 3579 3575 3574
f 3581 3578 3572
f 3578 3573 3572
f 3814 3577 3811
f 3577 3571 3811
f 3580 3813 3570
f 3813 3810 3570
f 3579 3576 3575
f 3576 3569 3575
f 3578 3582 3573
f 3582 3574 3573
f 3577 3581 3571
f 3581 3572 3571
f 3576 3580 3569
f 3580 3570 3569
f 3568 3567 3812
f 3566 3565 3812
f 3564 3563 3812
f 3562 3809 3812
f 3808 3568 3812
f 3567 3566 3812
f 3565 3564 3812
f 3563 3562 3812
f 3855 3854 3589
f 3854 3586 3589
f 3857 3856 3588
f 3856 3585 3588
f 3851 3852 3587
f 3852 3815 3587
f 3854 3853 3586
f 3853 3583 3586
f 3856 3855 3585
f 3855 3589 3585
f 3858 3857 3584
f 3857 3588 3584
f 3853 3851 3583
f 3851 3587 3583
f 3903 3924 3902
f 3924 3926 3902
f 3590 3887 3879
f 3887 3888 3879
f 3879 3888 3880
f 3888 3889 3880
f 3880 3889 3881
f 3889 3890 3881
f 3881 3890 3882
f 3890 3891 3882
f 3882 3891 3883
f 3891 3892 3883
f 3883 3892 3884
f 3892 3893 3884
f 3604 3603 3895
f 3603 3896 3895
f 3603 3602 3896
f 3602 3897 3896
f 3602 3601 3897
f 3601 3898 3897
f 3601 3600 3898
f 3600 3899 3898
f 3600 3599 3943
f 3599 3639 3943
f 3598 3637 3599
f 3637 3638 3599
f 3924 3903 3925
f 3903 3939 3925
f 3636 3946 3936
f 3885 3886 3906
f 3886 3905 3906
f 3595 3596 3908
f 3596 3907 3908
f 3594 3595 3909
f 3595 3908 3909
f 3593 3594 3910
f 3594 3909 3910
f 3592 3593 3911
f 3593 3910 3911
f 3591 3592 3912
f 3592 3911 3912
f 3878 3591 3913
f 3591 3912 3913
f 3877 3878 3914
f 3878 3913 3914
f 3901 3938 3904
f 3938 3822 3904
f 3900 3945 3901
f 3945 3938 3901
f 3900 3899 3945
f 3899 3944 3945
f 3613 3818 3621
f 3818 3819 3621
f 3612 3613 3620
f 3613 3621 3620
f 3611 3612 3619
f 3612 3620 3619
f 3610 3611 3618
f 3611 3619 3618
f 3609 3610 3617
f 3610 3618 3617
f 3608 3609 3616
f 3609 3617 3616
f 3607 3608 3615
f 3608 3616 3615
f 3894 3607 3614
f 3607 3615 3614
f 3886 3916 3905
f 3916 3917 3905
f 3894 3614 3915
f 3614 3624 3915
f 3919 3952 3918
f 3952 3649 3918
f 3921 3922 3644
f 3922 3625 3644
f 3926 3927 3902
f 3927 3942 3902
f 3944 3899 3943
f 3597 3884 3920
f 3884 3893 3920
f 3936 3635 3937
f 3635 3931 3937
f 3928 3640 3927
f 3640 3942 3927
f 3557 3629 3556
f 3629 3628 3556
f 3628 3627 3556
f 3627 3555 3556
f 3558 3630 3557
f 3630 3629 3557
f 3560 3930 3559
f 3930 3929 3559
f 3558 3559 3630
f 3559 3929 3630
f 3807 3555 3820
f 3555 3627 3820
f 3932 3858 3816
f 3858 3584 3816
f 3817 3940 3590
f 3940 3887 3590
f 3935 3634 3632
f 3561 3933 3934
f 3637 3598 3941
f 3560 3561 3930
f 3561 3934 3930
f 3937 3636 3936
f 3899 3600 3943
f 3638 3639 3599
f 3641 3640 3631
f 3640 3928 3631
f 3631 3632 3634
f 3634 3633 3631
f 3633 3641 3631
f 3597 3920 3623
f 3920 3947 3623
f 3923 3948 3922
f 3948 3625 3922
f 3622 3643 3606
f 3643 3642 3606
f 3604 3895 3642
f 3895 3606 3642
f 3656 3956 3622
f 3956 3643 3622
f 3950 3951 3949
f 3951 3651 3949
f 3949 3651 3953
f 3651 3954 3953
f 3921 3644 3950
f 3644 3951 3950
f 3623 3947 3955
f 3947 3653 3955
f 3915 3624 3958
f 3624 3957 3958
f 3916 3652 3917
f 3652 3646 3917
f 3605 3645 3626
f 3645 3647 3626
f 3655 3650 3919
f 3650 3952 3919
f 3626 3647 3654
f 3647 3648 3654
f 3646 3652 3648
f 3652 3654 3648
f 3953 3954 3957
f 3954 3958 3957
f 3955 3653 3923
f 3653 3948 3923
f 3650 3655 3656
f 3655 3956 3656
f 3850 3849 3659
f 3849 3657 3659
f 3658 3659 3661
f 3659 3662 3661
f 3659 3657 3662
f 3657 3660 3662
f 3661 3662 3664
f 3662 3665 3664
f 3662 3660 3665
f 3660 3663 3665
f 3664 3665 3667
f 3665 3668 3667
f 3665 3663 3668
f 3663 3666 3668
f 3667 3668 3670
f 3668 3671 3670
f 3668 3666 3671
f 3666 3669 3671
f 3670 3671 3673
f 3671 3674 3673
f 3671 3669 3674
f 3669 3672 3674
f 3673 3674 3676
f 3674 3677 3676
f 3674 3672 3677
f 3672 3675 3677
f 3676 3677 3846
f 3677 3847 3846
f 3677 3675 3847
f 3675 3845 3847
f 3657 3849 3562
f 3849 3809 3562
f 3550 3547 3549
f 3547 3546 3549
f 3848 3850 3658
f 3850 3659 3658
f 3678 3696 3679
f 3696 3697 3679
f 3697 3973 3679
f 3973 3974 3679
f 3802 3801 3688
f 3801 3687 3688
f 3970 3972 3680
f 3972 3698 3680
f 3680 3698 3678
f 3698 3696 3678
f 3694 3979 3697
f 3979 3973 3697
f 3686 3683 3684
f 3683 3681 3684
f 3689 3686 3687
f 3686 3684 3687
f 3688 3687 3685
f 3687 3684 3685
f 3966 3692 3967
f 3692 3695 3967
f 3970 3680 3971
f 3680 3683 3971
f 3678 3681 3680
f 3681 3683 3680
f 3695 3692 3693
f 3692 3690 3693
f 3685 3684 3682
f 3684 3681 3682
f 3697 3696 3694
f 3696 3693 3694
f 3698 3695 3696
f 3695 3693 3696
f 3972 3967 3698
f 3967 3695 3698
f 3874 3978 3805
f 3978 3691 3805
f 3976 3977 3685
f 3977 3688 3685
f 3966 3866 3692
f 3866 3806 3692
f 3969 3689 3867
f 3689 3803 3867
f 3977 3873 3688
f 3873 3802 3688
f 3803 3689 3801
f 3689 3687 3801
f 3968 3686 3969
f 3686 3689 3969
f 3691 3978 3694
f 3978 3979 3694
f 3974 3975 3679
f 3975 3682 3679
f 3681 3678 3682
f 3678 3679 3682
f 3975 3976 3682
f 3976 3685 3682
f 3971 3683 3968
f 3683 3686 3968
f 3692 3806 3690
f 3806 3804 3690
f 3691 3690 3805
f 3690 3804 3805
f 3714 3825 3810
f 3825 3848 3810
f 3845 3808 3842
f 3808 3712 3842
f 3839 3711 3836
f 3711 3710 3836
f 3833 3709 3830
f 3709 3708 3830
f 3827 3707 3824
f 3707 3706 3824
f 3842 3712 3839
f 3712 3711 3839
f 3836 3710 3833
f 3710 3709 3833
f 3716 3840 3717
f 3840 3837 3717
f 3718 3834 3719
f 3834 3831 3719
f 3830 3708 3827
f 3708 3707 3827
f 3715 3843 3716
f 3843 3840 3716
f 3717 3837 3718
f 3837 3834 3718
f 3719 3831 3713
f 3831 3828 3713
f 3713 3828 3714
f 3828 3825 3714
f 3811 3846 3715
f 3846 3843 3715
f 3726 3718 3723
f 3718 3719 3723
f 3725 3716 3722
f 3716 3717 3722
f 3814 3811 3721
f 3811 3715 3721
f 3724 3714 3813
f 3714 3810 3813
f 3723 3719 3720
f 3719 3713 3720
f 3722 3717 3726
f 3717 3718 3726
f 3721 3715 3725
f 3715 3716 3725
f 3720 3713 3724
f 3713 3714 3724
f 3712 3812 3711
f 3710 3812 3709
f 3708 3812 3707
f 3706 3812 3809
f 3808 3812 3712
f 3711 3812 3710
f 3709 3812 3708
f 3707 3812 3706
f 3962 3733 3961
f 3733 3730 3961
f 3964 3732 3963
f 3732 3729 3963
f 3959 3731 3852
f 3731 3815 3852
f 3961 3730 3960
f 3730 3727 3960
f 3963 3729 3962
f 3729 3733 3962
f 3965 3728 3964
f 3728 3732 3964
f 3960 3727 3959
f 3727 3731 3959
f 4005 4004 4024
f 4004 4025 4024
f 3734 3981 3989
f 3981 3990 3989
f 3981 3982 3990
f 3982 3991 3990
f 3982 3983 3991
f 3983 3992 3991
f 3983 3984 3992
f 3984 3993 3992
f 3984 3985 3993
f 3985 3994 3993
f 3985 3986 3994
f 3986 3995 3994
f 3748 3997 3747
f 3997 3998 3747
f 3747 3998 3746
f 3998 3999 3746
f 3746 3999 3745
f 3999 4000 3745
f 3745 4000 3744
f 4000 4001 3744
f 3744 4035 3743
f 4035 3783 3743
f 3742 3743 3781
f 3743 3782 3781
f 4024 3925 4005
f 3925 3939 4005
f 3780 4032 4038
f 3987 4007 3988
f 4007 4006 3988
f 3739 4009 3740
f 4009 4008 3740
f 3738 4010 3739
f 4010 4009 3739
f 3737 4011 3738
f 4011 4010 3738
f 3736 4012 3737
f 4012 4011 3737
f 3735 4013 3736
f 4013 4012 3736
f 3980 4014 3735
f 4014 4013 3735
f 3877 3914 3980
f 3914 4014 3980
f 4003 3904 4033
f 3904 3822 4033
f 4002 4003 4037
f 4003 4033 4037
f 4002 4037 4001
f 4037 4036 4001
f 3757 3765 3818
f 3765 3819 3818
f 3756 3764 3757
f 3764 3765 3757
f 3755 3763 3756
f 3763 3764 3756
f 3754 3762 3755
f 3762 3763 3755
f 3753 3761 3754
f 3761 3762 3754
f 3752 3760 3753
f 3760 3761 3753
f 3751 3759 3752
f 3759 3760 3752
f 3996 3758 3751
f 3758 3759 3751
f 3988 4006 4016
f 4006 4017 4016
f 3996 4015 3758
f 4015 3768 3758
f 4019 4018 4044
f 4018 3793 4044
f 4021 3788 4022
f 3788 3769 4022
f 4025 4004 4026
f 4004 4034 4026
f 4036 4035 4001
f 3741 4020 3986
f 4020 3995 3986
f 4032 3937 3779
f 3937 3931 3779
f 4027 4026 3784
f 4026 4034 3784
f 3701 3700 3773
f 3700 3772 3773
f 3772 3700 3771
f 3700 3699 3771
f 3702 3701 3774
f 3701 3773 3774
f 3704 3703 4029
f 3703 4028 4029
f 3702 3774 3703
f 3774 4028 3703
f 3807 3820 3699
f 3820 3771 3699
f 3932 3816 3965
f 3816 3728 3965
f 3817 3734 3940
f 3734 3989 3940
f 4031 3776 3778
f 3705 4030 3821
f 3781 3823 3742
f 3704 4029 3705
f 4029 4030 3705
f 3937 4032 3780
f 4001 4035 3744
f 3782 3743 3783
f 3785 3775 3784
f 3775 4027 3784
f 3775 3778 3776
f 3778 3775 3777
f 3775 3785 3777
f 3741 3767 4020
f 3767 4039 4020
f 4023 4022 4040
f 4022 3769 4040
f 3766 3750 3787
f 3750 3786 3787
f 3748 3786 3997
f 3786 3750 3997
f 3800 3766 4048
f 3766 3787 4048
f 4042 4041 4043
f 4041 3795 4043
f 4041 4045 3795
f 4045 4046 3795
f 4021 4042 3788
f 4042 4043 3788
f 3767 4047 4039
f 4047 3797 4039
f 4015 4050 3768
f 4050 4049 3768
f 4016 4017 3796
f 4017 3790 3796
f 3749 3770 3789
f 3770 3791 3789
f 3799 4019 3794
f 4019 4044 3794
f 3770 3798 3791
f 3798 3792 3791
f 3790 3792 3796
f 3792 3798 3796
f 4045 4049 4046
f 4049 4050 4046
f 4047 4023 3797
f 4023 4040 3797
f 3794 3800 3799
f 3800 4048 3799
f 3850 3826 3849
f 3826 3824 3849
f 3825 3828 3826
f 3828 3829 3826
f 3826 3829 3824
f 3829 3827 3824
f 3828 3831 3829
f 3831 3832 3829
f 3829 3832 3827
f 3832 3830 3827
f 3831 3834 3832
f 3834 3835 3832
f 3832 3835 3830
f 3835 3833 3830
f 3834 3837 3835
f 3837 3838 3835
f 3835 3838 3833
f 3838 3836 3833
f 3837 3840 3838
f 3840 3841 3838
f 3838 3841 3836
f 3841 3839 3836
f 3840 3843 3841
f 3843 3844 3841
f 3841 3844 3839
f 3844 3842 3839
f 3843 3846 3844
f 3846 3847 3844
f 3844 3847 3842
f 3847 3845 3842
f 3824 3706 3849
f 3706 3809 3849
f 3694 3693 3691
f 3693 3690 3691
f 3848 3825 3850
f 3825 3826 3850
o Part.5
v 3.275 23.531 0.003
v 3.262 23.6 -0.347
v 3.228 23.795 -0.644
v 3.175 24.087 -0.842
v 3.114 24.432 -0.912
v 3.053 24.776 -0.842
v 3.001 25.069 -0.644
v 2.966 25.264 -0.347
v 2.954 25.333 0.003
v 2.966 25.264 0.353
v 3.001 25.069 0.65
v 3.053 24.776 0.848
v 3.114 24.432 0.918
v 7.075 25.24 2.605
v 7.743 23.083 2.652
v 8.341 23.342 2.555
v 7.724 25.564 2.317
v 8.785 23.602 2.242
v 9.234 23.824 1.74
v 8.241 25.821 1.74
v 8.499 25.949 1.015
v 9.492 23.954 1.015
v 8.152 26.695 0.544
v 8.424 26.134 0.987
v 8.204 26.588 0.696
v 8.114 26.775 0.374
v 7.802 26.889 1.163
v 7.625 27.292 0.003
v 7.642 27.272 0.317
v 8.09 26.823 0.192
v 8.083 26.834 0.003
v 7.675 27.193 0.621
v 7.729 27.065 0.907
v 7.894 26.671 1.385
v 8.343 26.302 0.922
v 8.268 26.456 0.823
v 6.697 26.616 2.139
v 6.814 26.193 2.389
v 6.942 25.73 2.551
v 7.587 25.985 2.246
v 8.001 26.415 1.56
v 8.121 26.131 1.683
v 6.403 27.669 0.003
v 7.038 27.588 0.003
v 6.416 27.64 0.498
v 6.452 27.504 0.976
v 6.514 27.282 1.418
v 6.596 26.984 1.812
v 7.053 27.559 0.424
v 7.089 27.451 0.833
v 7.15 27.272 1.215
v 7.232 27.029 1.559
v 7.335 26.728 1.853
v 7.454 26.377 2.085
v 7.724 25.564 -2.312
v 7.642 27.272 -0.311
v 8.424 26.134 -0.981
v 8.121 26.131 -1.677
v 8.241 25.821 -1.735
v 8.499 25.949 -1.009
v 7.894 26.671 -1.379
v 8.343 26.302 -0.916
v 8.001 26.415 -1.554
v 8.268 26.456 -0.817
v 7.802 26.889 -1.158
v 7.729 27.065 -0.901
v 7.674 27.194 -0.616
v 8.204 26.588 -0.69
v 8.152 26.695 -0.539
v 8.09 26.823 -0.187
v 8.114 26.774 -0.369
v 6.596 26.984 -1.806
v 6.514 27.282 -1.413
v 6.452 27.504 -0.97
v 6.416 27.64 -0.492
v 7.075 25.241 -2.599
v 6.942 25.729 -2.546
v 6.814 26.193 -2.384
v 6.697 26.616 -2.133
v 7.587 25.985 -2.24
v 7.454 26.377 -2.079
v 7.335 26.728 -1.847
v 7.053 27.559 -0.419
v 7.089 27.451 -0.827
v 7.15 27.272 -1.209
v 7.232 27.029 -1.554
v 7.446 25.203 0.003
v 7.559 24.566 0.65
v 7.507 24.859 0.848
v 7.446 25.203 0.918
v 7.385 25.548 0.848
v 7.332 25.84 0.65
v 7.298 26.035 0.353
v 7.285 26.104 0.003
v 7.298 26.035 -0.347
v 7.332 25.84 -0.644
v 7.385 25.548 -0.842
v 7.446 25.203 -0.912
v 7.507 24.859 -0.842
v 7.559 24.566 -0.644
v 7.594 24.371 -0.347
v 7.606 24.302 0.003
v 7.594 24.371 0.353
v 9.468 24.001 -1.009
v 9.244 23.889 -1.619
v 8.76 23.649 -2.186
v 8.232 23.386 -2.47
v 7.719 23.132 -2.647
v 10.316 22.317 1.011
v 10.451 22.06 -0.997
v 9.919 23.137 -1.004
v 10.658 21.571 1.051
v 9.167 21.932 2.531
v 9.646 22.096 2.222
v 9.9 21.466 2.268
v 10.089 22.256 1.667
v 10.389 21.57 1.717
v 8.769 21.815 2.652
v 9.678 23.063 1.686
v 9.229 22.859 2.247
v 8.797 22.661 2.484
v 9.91 23.154 1.008
v 8.32 22.45 2.653
v 6.174 25.502 2.6
v 6.297 24.852 2.653
v 6.678 24.294 2.653
v 7.224 23.613 2.652
v 6.31 24.905 -2.644
v 6.192 25.401 -2.605
v 6.099 25.919 -2.466
v 6.017 26.384 -2.231
v 5.886 27.119 -1.533
v 5.944 26.792 -1.907
v 5.81 27.544 -0.513
v 5.836 27.397 -1.009
v 5.801 27.593 0.002
v 5.81 27.542 0.518
v 5.837 27.395 1.013
v 5.936 26.836 1.875
v 5.876 27.173 1.441
v 6.013 26.404 2.231
v 6.087 25.99 2.449
v 6.668 24.3 -2.647
v 7.224 23.637 -2.647
v 10.177 22.106 -1.585
v 9.261 22.853 -2.158
v 8.377 22.43 -2.647
v 8.73 22.601 -2.508
v 8.929 21.435 -2.647
v 9.84 21.914 -2.102
v 9.285 21.619 -2.499
v 9.675 23.039 -1.639
v 8.966 21.231 2.669
v 10.48 21.074 1.959
v 11.045 20.099 2.068
v 10.871 20.841 1.372
v 9.014 20.959 2.736
v 9.5 21.051 2.603
v 9.851 21.104 2.476
v 9.367 21.362 2.574
v 10.537 20.475 2.527
v 7.349 22.992 2.573
v 8.049 21.688 2.473
v 7.742 22.334 2.514
v 6.532 23.492 1.946
v 6.643 22.866 1.52
v 6.722 22.881 1.936
v 6.771 22.151 1.114
v 7.443 21.582 2.091
v 7.229 22.243 2.185
v 6.879 22.18 1.644
v 7.022 21.507 1.44
v 7.158 20.806 1.388
v 6.99 20.917 0.999
v 6.878 21.548 0.969
v 6.97 22.925 2.321
v 6.581 23.497 2.21
v 6.417 24.244 2.479
v 6.478 24.255 2.572
v 6.734 23.524 2.447
v 6.398 24.241 2.377
v 6.57 24.271 2.633
v 6.968 23.567 2.604
v 7.54 21.14 -2.05
v 7.284 22.115 -2.148
v 6.965 22.956 -2.315
v 7.343 23.022 -2.568
v 8.249 21.235 -2.546
v 7.104 20.993 -1.354
v 6.568 24.282 -2.628
v 6.718 22.904 -2.052
v 6.577 23.52 -2.251
v 6.965 23.588 -2.598
v 6.731 23.545 -2.442
v 6.415 24.255 -2.473
v 6.644 22.889 -1.903
v 6.524 23.538 -2.135
v 6.395 24.258 -2.392
v 6.476 24.266 -2.566
v 6.911 22.05 -1.766
v 7.019 20.758 -1.081
v 6.796 22.006 -1.566
v 7.819 22.246 -2.561
v 8.99 21.088 -2.622
v 9.473 21.297 -2.461
v 9.131 20.304 -2.313
v 9.07 20.647 -2.495
v 9.186 19.996 -2.061
v 10.472 21.475 -1.316
v 10.425 21.621 -1.423
v 10.286 21.92 -1.549
v 9.974 21.679 -2.065
v 9.799 20.409 -1.962
v 10.308 20.992 -1.67
v 9.611 20.982 -2.353
v 10.225 21.195 -1.85
v 9.717 20.685 -2.191
v 10.358 21.766 -1.503
v 10.119 21.417 -1.974
v 10.743 21.385 -0.315
v 11.289 19.593 1.527
v 9.072 20.635 2.942
v 9.844 20.663 2.834
v 8.338 20.395 2.834
v 7.753 19.979 2.527
v 7.406 19.451 2.068
v 7.351 18.892 1.527
v 7.136 20.097 1.306
v 7.585 20.921 2.076
v 8.21 21.077 2.488
v 8.267 20.756 2.571
v 7.289 20.155 1.557
v 7.662 20.487 2.188
v 7.209 20.714 -1.346
v 7.613 20.703 -1.969
v 7.214 20.529 -1.191
v 7.666 20.409 -1.834
v 7.722 20.154 -1.65
v 8.38 20.19 -2.184
v 8.42 19.932 -1.99
v 8.36 20.463 -2.355
v 8.319 20.923 -2.51
v 9.948 19.881 -1.496
v 9.269 19.528 -1.587
v 10.157 18.876 -0.494
v 11.06 20.344 0.75
v 11.002 19.841 0.221
v 10.7 19.314 -0.211
v 10.701 20.948 -0.796
v 10.492 20.441 -1.185
v 9.44 18.57 -0.612
v 9.568 17.85 0.113
v 10.302 18.09 0.221
v 11.234 19.034 0.986
v 10.888 18.506 0.527
v 8.879 21.721 -0.99
v 9.18 22.537 -0.239
v 9.578 22.429 -0.415
v 9.87 22.213 -0.679
v 10.011 21.922 -0.99
v 9.979 21.601 -1.301
v 9.78 21.297 -1.565
v 9.444 21.059 -1.741
v 9.021 20.92 -1.803
v 8.577 20.904 -1.741
v 8.179 21.012 -1.565
v 7.888 21.228 -1.301
v 7.747 21.519 -0.99
v 7.779 21.841 -0.679
v 7.978 22.144 -0.415
v 8.314 22.383 -0.239
v 8.736 22.521 -0.177
v 9.455 18.484 3.924
v 9.033 18.345 3.862
v 8.697 18.106 3.686
v 8.498 17.803 3.422
v 8.466 17.481 3.111
v 8.607 17.19 2.8
v 8.898 16.974 2.536
v 9.296 16.866 2.36
v 9.74 16.882 2.298
v 10.163 17.021 2.36
v 10.499 17.26 2.536
v 10.698 17.563 2.8
v 10.73 17.885 3.111
v 10.589 18.175 3.422
v 10.297 18.391 3.686
v 9.899 18.499 3.862
v 9.35 19.075 4.525
v 8.616 18.835 4.418
v 8.03 18.419 4.111
v 7.684 17.891 3.652
v 7.629 17.332 3.111
v 7.873 16.826 2.57
v 8.381 16.451 2.111
v 9.074 16.262 1.804
v 9.846 16.291 1.697
v 10.58 16.531 1.804
v 11.165 16.947 2.111
v 11.512 17.474 2.57
v 11.567 18.034 3.111
v 11.322 18.54 3.652
v 10.815 18.915 4.111
v 10.122 19.104 4.418
v 7.596 18.386 0.986
v 8.103 18.01 0.527
v 8.796 17.822 0.221
v 7.115 20.219 -0.529
v 7.297 20.061 -0.716
v 7.805 19.686 -1.175
v 7.286 19.257 0.449
v 8.498 19.497 -1.481
v 7.976 18.724 -0.197
v 7.468 19.099 0.262
v 8.669 18.535 -0.504
v 6.031 26.306 -1.331
v 5.959 26.71 -0.72
v 5.933 26.852 0.003
v 5.959 26.709 0.726
v 6.031 26.306 1.337
v 6.138 25.704 1.747
v 6.265 24.993 1.891
v 6.391 24.281 1.747
v 6.498 23.679 1.337
v 6.57 23.276 0.725
v 6.596 23.134 0.003
v 6.57 23.276 -0.72
v 6.499 23.678 -1.332
v 6.391 24.281 -1.741
v 6.265 24.993 -1.885
v 6.138 25.704 -1.741
v 5.046 26.131 -1.331
v 4.974 26.534 -0.72
v 4.949 26.676 0.003
v 4.974 26.534 0.726
v 5.046 26.131 1.337
v 5.153 25.529 1.747
v 5.28 24.817 1.891
v 5.407 24.106 1.747
v 5.586 23.101 0.725
v 5.611 22.959 0.003
v 5.586 23.101 -0.72
v 5.514 23.503 -1.332
v 5.407 24.106 -1.741
v 5.28 24.817 -1.885
v 5.153 25.529 -1.741
v 8.498 25.949 0.003
v 5.027 26.238 1.446
v 4.46 26.127 1.435
v 3.384 25.77 1.274
v 2.929 25.473 1.061
v 4.949 26.674 0.784
v 4.383 26.559 0.779
v 3.315 26.154 0.69
v 2.872 25.793 0.575
v 4.922 26.827 0.002
v 4.356 26.711 0.003
v 3.291 26.289 0.003
v 2.852 25.905 0.003
v 4.949 26.674 -0.779
v 4.383 26.559 -0.773
v 3.315 26.154 -0.684
v 2.872 25.792 -0.57
v 5.027 26.239 -1.441
v 4.46 26.127 -1.43
v 3.384 25.77 -1.268
v 2.929 25.473 -1.055
v 5.143 25.587 -1.883
v 4.575 25.48 -1.869
v 3.486 25.196 -1.657
v 3.014 24.995 -1.38
v 5.28 24.817 -2.039
v 4.711 24.716 -2.024
v 3.606 24.519 -1.795
v 3.114 24.432 -1.493
v 5.417 24.048 -1.883
v 4.847 23.952 -1.869
v 3.727 23.843 -1.657
v 3.214 23.869 -1.38
v 5.533 23.396 -1.441
v 4.962 23.306 -1.43
v 3.829 23.268 -1.268
v 3.3 23.39 -1.055
v 5.611 22.961 -0.779
v 5.039 22.873 -0.773
v 3.897 22.885 -0.684
v 3.356 23.071 -0.569
v 5.638 22.807 0.003
v 5.066 22.721 0.003
v 3.921 22.75 0.003
v 3.376 22.959 0.003
v 5.611 22.961 0.784
v 5.039 22.873 0.779
v 3.897 22.885 0.69
v 3.356 23.071 0.575
v 5.417 24.048 1.889
v 4.847 23.952 1.875
v 3.727 23.843 1.663
v 3.215 23.868 1.385
v 5.28 24.817 2.044
v 4.711 24.716 2.029
v 3.606 24.519 1.8
v 3.114 24.432 1.499
v 5.143 25.587 1.889
v 4.575 25.48 1.875
v 3.486 25.196 1.663
v 3.014 24.995 1.385
v 3.903 25.99 1.399
v 3.828 26.41 0.758
v 3.802 26.559 0.002
v 3.828 26.411 -0.752
v 3.903 25.99 -1.393
v 4.015 25.359 -1.82
v 4.148 24.616 -1.971
v 4.28 23.872 -1.82
v 4.393 23.242 -1.393
v 4.467 22.821 -0.752
v 4.494 22.672 0.003
v 4.467 22.821 0.758
v 4.28 23.872 1.826
v 4.148 24.615 1.976
v 4.015 25.359 1.826
v 3.262 23.6 0.353
v 5.237 23.952 0.353
v 5.367 23.989 0.375
v 5.47 24.051 0.44
v 5.534 24.129 0.536
v 5.547 24.208 0.65
v 5.5 24.315 0.725
v 5.409 24.397 0.791
v 5.286 24.439 0.833
v 5.15 24.439 0.848
v 3.175 24.087 0.848
v 3.334 23.195 0.764
v 3.864 23.073 0.977
v 4.427 23.047 1.102
v 4.997 23.111 1.138
v 5.376 23.17 1.146
v 5.506 23.206 1.171
v 5.561 23.239 1.206
v 5.542 23.346 1.097
v 5.591 23.375 1.127
v 5.654 23.451 1.224
v 5.668 23.531 1.337
v 5.621 23.638 1.414
v 5.529 23.72 1.478
v 5.472 23.74 1.498
v 5.491 23.633 1.607
v 5.426 23.656 1.628
v 5.289 23.658 1.641
v 4.91 23.598 1.633
v 4.34 23.534 1.597
v 3.777 23.561 1.471
v 3.247 23.683 1.259
v 7.28 19.29 1.932
v 7.567 17.68 3.465
v 7.691 16.984 2.758
v 7.413 18.544 1.174
v 7.224 19.607 0.801
v 7.119 20.196 0.203
v 8.916 24.463 1.74
v 7.937 23.948 2.572
v 8.457 24.211 2.264
v 9.178 24.583 1.015
v 9.183 24.573 -1.01
v 8.949 24.459 -1.653
v 8.451 24.22 -2.225
v 7.881 23.949 -2.509
v 8.777 25.39 -0.007
v 8.088 24.891 -2.268
v 8.755 25.433 1.015
v 8.583 25.163 -1.696
v 8.798 25.346 -1.01
v 7.466 24.613 -2.555
v 8.535 25.23 1.74
v 7.485 24.627 2.589
v 8.753 25.435 1.015
v 8.071 24.924 2.292
v 5.81 27.544 -0.513
v 5.836 27.397 -1.009
v 6.524 23.538 -2.135
v 6.395 24.258 -2.392
v 7.606 24.302 0.003
v 7.594 24.371 -0.347
v 7.559 24.566 -0.644
v 7.507 24.859 -0.842
v 7.446 25.203 -0.912
v 7.385 25.548 -0.842
v 5.547 24.208 0.65
v 5.5 24.315 0.725
v 7.332 25.84 0.65
v 7.385 25.548 0.848
v 7.298 26.035 0.353
v 7.446 25.203 0.918
v 7.507 24.859 0.848
v 7.285 26.104 0.003
v 7.298 26.035 -0.347
v 7.332 25.84 -0.644
v 7.594 24.371 0.353
v 5.801 27.593 0.002
v 5.81 27.542 0.518
v 6.796 22.006 -1.566
v 6.644 22.889 -1.903
v 5.886 27.119 -1.533
v 5.944 26.792 -1.907
v 6.017 26.384 -2.231
v 6.099 25.919 -2.466
v 6.643 22.866 1.52
v 6.771 22.151 1.114
v 6.532 23.492 1.946
v 3.053 24.776 -0.842
v 3.001 25.069 -0.644
v 6.398 24.241 2.377
v 6.297 24.852 2.653
v 7.559 24.566 0.65
v 2.966 25.264 -0.347
v 2.954 25.333 0.003
v 2.966 25.264 0.353
v 5.876 27.173 1.441
v 5.837 27.395 1.013
v 3.053 24.776 0.848
v 3.114 24.432 0.918
v 3.001 25.069 0.65
v 6.192 25.401 -2.605
v 6.174 25.502 2.6
v 7.747 21.519 -0.99
v 7.779 21.841 -0.679
v 9.18 22.537 -0.239
v 9.578 22.429 -0.415
v 3.175 24.087 -0.842
v 3.114 24.432 -0.912
v 9.979 21.601 -1.301
v 9.78 21.297 -1.565
v 9.444 21.059 -1.741
v 5.936 26.836 1.875
v 3.262 23.6 -0.347
v 3.228 23.795 -0.644
v 8.577 20.904 -1.741
v 8.179 21.012 -1.565
v 9.87 22.213 -0.679
v 3.275 23.531 0.003
v 6.99 20.917 0.999
v 6.878 21.548 0.969
v 6.31 24.905 -2.644
v 6.087 25.99 2.449
v 6.013 26.404 2.231
v 7.978 22.144 -0.415
v 8.314 22.383 -0.239
v 9.021 20.92 -1.803
v 7.888 21.228 -1.301
v 10.011 21.922 -0.99
v 8.736 22.521 -0.177
v 9.033 18.345 3.862
v 9.455 18.484 3.924
v 8.697 18.106 3.686
v 8.498 17.803 3.422
v 8.466 17.481 3.111
v 8.607 17.19 2.8
v 8.898 16.974 2.536
v 9.296 16.866 2.36
v 9.74 16.882 2.298
v 10.163 17.021 2.36
v 10.499 17.26 2.536
v 10.698 17.563 2.8
v 10.73 17.885 3.111
v 10.589 18.175 3.422
v 10.297 18.391 3.686
v 9.899 18.499 3.862
v 8.616 18.835 4.418
v 9.35 19.075 4.525
v 8.03 18.419 4.111
v 7.684 17.891 3.652
v 7.567 17.68 3.465
v 7.567 17.68 3.465
v 7.691 16.984 2.758
v 7.691 16.984 2.758
v 7.629 17.332 3.111
v 8.381 16.451 2.111
v 7.873 16.826 2.57
v 9.074 16.262 1.804
v 9.846 16.291 1.697
v 10.58 16.531 1.804
v 11.165 16.947 2.111
v 11.512 17.474 2.57
v 11.567 18.034 3.111
v 11.322 18.54 3.652
v 10.815 18.915 4.111
v 10.122 19.104 4.418
v 7.136 20.097 1.306
v 7.019 20.758 -1.081
v 7.115 20.219 -0.529
v 7.286 19.257 0.449
v 5.959 26.71 -0.72
v 6.031 26.306 -1.331
v 5.933 26.852 0.003
v 5.959 26.709 0.726
v 6.031 26.306 1.337
v 6.138 25.704 1.747
v 6.265 24.993 1.891
v 6.391 24.281 1.747
v 6.498 23.679 1.337
v 6.57 23.276 0.725
v 6.596 23.134 0.003
v 6.57 23.276 -0.72
v 6.499 23.678 -1.332
v 6.391 24.281 -1.741
v 6.265 24.993 -1.885
v 6.138 25.704 -1.741
v 5.046 26.131 -1.331
v 5.153 25.529 -1.741
v 5.28 24.817 -1.885
v 5.407 24.106 -1.741
v 5.514 23.503 -1.332
v 5.586 23.101 -0.72
v 5.611 22.959 0.003
v 5.586 23.101 0.725
v 5.407 24.106 1.747
v 5.28 24.817 1.891
v 5.153 25.529 1.747
v 5.046 26.131 1.337
v 4.974 26.534 0.726
v 4.949 26.676 0.003
v 4.974 26.534 -0.72
v 2.929 25.473 1.061
v 2.872 25.793 0.575
v 5.027 26.238 1.446
v 4.949 26.674 0.784
v 2.852 25.905 0.003
v 4.922 26.827 0.002
v 2.872 25.792 -0.57
v 4.949 26.674 -0.779
v 2.929 25.473 -1.055
v 5.027 26.239 -1.441
v 3.014 24.995 -1.38
v 5.143 25.587 -1.883
v 3.114 24.432 -1.493
v 5.28 24.817 -2.039
v 3.214 23.869 -1.38
v 5.417 24.048 -1.883
v 3.3 23.39 -1.055
v 5.533 23.396 -1.441
v 3.356 23.071 -0.569
v 5.611 22.961 -0.779
v 3.376 22.959 0.003
v 5.638 22.807 0.003
v 3.356 23.071 0.575
v 5.611 22.961 0.784
v 3.175 24.087 0.848
v 3.175 24.087 0.848
v 3.262 23.6 0.353
v 3.262 23.6 0.353
v 3.215 23.868 1.385
v 3.114 24.432 1.499
v 5.417 24.048 1.889
v 5.28 24.817 2.044
v 3.014 24.995 1.385
v 5.143 25.587 1.889
v 5.561 23.239 1.206
v 5.561 23.239 1.206
v 5.542 23.346 1.097
v 5.542 23.346 1.097
v 5.491 23.633 1.607
v 5.491 23.633 1.607
v 5.472 23.74 1.498
v 5.472 23.74 1.498
v 5.668 23.531 1.337
v 5.621 23.638 1.414
v 5.286 24.439 0.833
v 5.15 24.439 0.848
v 3.334 23.195 0.764
v 3.334 23.195 0.764
v 5.237 23.952 0.353
v 5.367 23.989 0.375
v 5.47 24.051 0.44
v 5.534 24.129 0.536
v 5.409 24.397 0.791
v 3.864 23.073 0.977
v 4.427 23.047 1.102
v 4.997 23.111 1.138
v 5.376 23.17 1.146
v 5.506 23.206 1.171
v 5.591 23.375 1.127
v 5.654 23.451 1.224
v 5.529 23.72 1.478
v 5.426 23.656 1.628
v 5.289 23.658 1.641
v 4.91 23.598 1.633
v 4.34 23.534 1.597
v 3.777 23.561 1.471
v 3.247 23.683 1.259
v 3.247 23.683 1.259
v 7.28 19.29 1.932
v 7.413 18.544 1.174
usemtl MB_24
s off
f 4069 4068 4169
f 4068 4170 4169
f 4569 4585 4097
f 4585 4098 4097
f 4066 4171 4068
f 4171 4170 4068
f 4089 4575 4064
f 4575 4564 4064
f 4159 4172 4166
f 4172 4169 4166
f 4088 4595 4089
f 4595 4575 4089
f 4129 4128 4556
f 4128 4557 4556
f 4126 4594 4127
f 4594 4574 4127
f 4108 4113 4107
f 4113 4112 4107
f 4125 4124 4529
f 4124 4530 4529
f 4555 4122 4556
f 4122 4129 4556
f 4111 4114 4113
f 4114 4112 4113
f 4545 4137 4565
f 4541 4137 4542
f 4542 4137 4544
f 4549 4137 4152
f 4543 4137 4541
f 4152 4137 4151
f 4587 4535 4580
f 4535 4536 4580
f 4591 4533 4586
f 4533 4534 4586
f 4581 4537 4561
f 4537 4538 4561
f 4677 4671 4679
f 4671 4672 4679
f 4664 4665 4693
f 4665 4695 4693
f 4150 4137 4149
f 4149 4137 4148
f 4544 4137 4545
f 4547 4137 4546
f 4147 4137 4548
f 4546 4137 4543
f 4549 4565 4137
f 4148 4137 4147
f 4151 4137 4150
f 4548 4137 4547
f 4670 4676 4669
f 4676 4707 4669
f 4375 4732 4390
f 4568 4143 4573
f 4143 4142 4573
f 4580 4536 4581
f 4536 4537 4581
f 4669 4707 4668
f 4707 4705 4668
f 4668 4705 4667
f 4705 4704 4667
f 4573 4142 4571
f 4142 4141 4571
f 4374 4716 4733
f 4685 4660 4687
f 4660 4661 4687
f 4453 4063 4702
f 4063 4698 4702
f 4689 4662 4691
f 4662 4663 4691
f 4676 4670 4677
f 4670 4671 4677
f 4586 4534 4587
f 4534 4535 4587
f 4679 4672 4681
f 4672 4673 4681
f 4562 4146 4566
f 4146 4145 4566
f 4687 4661 4689
f 4661 4662 4689
f 4567 4144 4568
f 4144 4143 4568
f 4683 4659 4685
f 4659 4660 4685
f 4051 4441 4700
f 4441 4696 4700
f 4561 4538 4562
f 4538 4146 4562
f 4566 4145 4567
f 4145 4144 4567
f 4663 4664 4691
f 4664 4693 4691
f 4681 4673 4683
f 4673 4659 4683
f 4571 4141 4572
f 4141 4140 4572
f 4732 4375 4733
f 4665 4666 4695
f 4666 4697 4695
f 4206 4162 4204
f 4162 4167 4204
f 4550 4551 4093
f 4551 4095 4093
f 4160 4159 4270
f 4159 4162 4270
f 4167 4162 4166
f 4162 4159 4166
f 4120 4121 4106
f 4121 4117 4106
f 4202 4195 4196
f 4195 4200 4196
f 4163 4210 4164
f 4210 4165 4164
f 4210 4208 4165
f 4208 4209 4165
f 4163 4164 4171
f 4164 4170 4171
f 4232 4564 4229
f 4161 4154 4172
f 4154 4072 4172
f 4121 4119 4117
f 4119 4116 4117
f 4085 4091 4074
f 4091 4092 4074
f 4245 4249 4242
f 4249 4244 4242
f 4262 4255 4200
f 4255 4201 4200
f 4155 4516 4154
f 4516 4515 4154
f 4124 4123 4530
f 4123 4554 4530
f 4529 4550 4125
f 4550 4093 4125
f 4123 4122 4554
f 4122 4555 4554
f 4095 4551 4096
f 4551 4570 4096
f 4097 4098 4101
f 4098 4102 4101
f 4102 4098 4103
f 4098 4087 4103
f 4097 4096 4569
f 4096 4570 4569
f 4127 4130 4126
f 4130 4105 4126
f 4254 4199 4255
f 4199 4201 4255
f 4353 4211 4638
f 4211 4273 4638
f 4211 4205 4204
f 4205 4206 4204
f 4214 4220 4213
f 4220 4219 4213
f 4226 4212 4230
f 4212 4233 4230
f 4627 4277 4625
f 4277 4743 4625
f 4227 4217 4230
f 4217 4226 4230
f 4563 4228 4564
f 4230 4233 4229
f 4233 4232 4229
f 4222 4219 4221
f 4219 4220 4221
f 4559 4221 4558
f 4221 4217 4558
f 4223 4222 4592
f 4222 4593 4592
f 4282 4223 4639
f 4223 4592 4639
f 4249 4594 4240
f 4193 4194 4240
f 4194 4243 4240
f 4237 4253 4236
f 4253 4235 4236
f 4238 4234 4253
f 4234 4235 4253
f 4236 4235 4241
f 4235 4250 4241
f 4249 4245 4594
f 4158 4237 4194
f 4237 4243 4194
f 4234 4239 4235
f 4239 4250 4235
f 4243 4237 4244
f 4237 4236 4244
f 4241 4553 4242
f 4553 4531 4242
f 4267 4263 4256
f 4263 4258 4256
f 4195 4261 4200
f 4261 4262 4200
f 4161 4172 4160
f 4172 4159 4160
f 4294 4258 4293
f 4258 4263 4293
f 4213 4168 4214
f 4168 4173 4214
f 4283 4275 4281
f 4275 4274 4281
f 4619 4274 4621
f 4274 4275 4621
f 4158 4194 4157
f 4194 4518 4157
f 4213 4219 4280
f 4219 4279 4280
f 4564 4228 4229
f 4223 4279 4222
f 4279 4219 4222
f 4220 4214 4226
f 4214 4212 4226
f 4226 4217 4220
f 4217 4221 4220
f 4244 4249 4243
f 4249 4240 4243
f 4244 4236 4242
f 4236 4241 4242
f 4196 4198 4156
f 4198 4157 4156
f 4161 4202 4154
f 4202 4155 4154
f 4077 4084 4075
f 4084 4086 4075
f 4086 4084 4085
f 4084 4091 4085
f 4264 4263 4266
f 4263 4267 4266
f 4614 4582 4613
f 4582 4583 4613
f 4607 4576 4606
f 4576 4577 4606
f 4615 4601 4614
f 4601 4582 4614
f 4608 4600 4607
f 4600 4576 4607
f 4606 4577 4605
f 4577 4597 4605
f 4604 4602 4618
f 4602 4578 4618
f 4617 4579 4616
f 4579 4590 4616
f 4605 4597 4603
f 4597 4598 4603
f 4612 4584 4611
f 4584 4599 4611
f 4613 4583 4612
f 4583 4584 4612
f 4610 4588 4609
f 4588 4589 4609
f 4609 4589 4608
f 4589 4600 4608
f 4618 4578 4617
f 4578 4579 4617
f 4611 4599 4610
f 4599 4588 4610
f 4603 4598 4604
f 4598 4602 4604
f 4616 4590 4615
f 4590 4601 4615
f 4596 4595 4087
f 4595 4088 4087
f 4585 4596 4098
f 4596 4087 4098
f 4557 4128 4574
f 4128 4127 4574
f 4314 4306 4315
f 4311 4306 4312
f 4308 4306 4309
f 4319 4306 4320
f 4309 4306 4310
f 4312 4306 4313
f 4317 4306 4318
f 4321 4306 4322
f 4313 4306 4314
f 4307 4306 4308
f 4315 4306 4316
f 4320 4306 4321
f 4310 4306 4311
f 4318 4306 4319
f 4316 4306 4317
f 4322 4306 4307
f 4068 4069 4513
f 4069 4511 4513
f 4229 4228 4230
f 4228 4227 4230
f 4564 4232 4176
f 4233 4177 4232
f 4177 4176 4232
f 4331 4631 4332
f 4631 4348 4332
f 4329 4345 4330
f 4345 4630 4330
f 4323 4620 4324
f 4620 4340 4324
f 4334 4634 4335
f 4634 4635 4335
f 4634 4334 4633
f 4334 4333 4633
f 4354 4620 4338
f 4620 4323 4338
f 4327 4343 4507
f 4326 4622 4327
f 4622 4623 4327
f 4629 4355 4628
f 4355 4356 4628
f 4352 4336 4635
f 4336 4335 4635
f 4622 4326 4341
f 4326 4325 4341
f 4637 4337 4352
f 4337 4336 4352
f 4354 4338 4637
f 4338 4337 4637
f 4630 4631 4330
f 4631 4331 4330
f 4633 4333 4348
f 4333 4332 4348
f 4341 4325 4340
f 4325 4324 4340
f 4329 4328 4345
f 4328 4344 4345
f 4628 4356 4346
f 4356 4357 4346
f 4227 4560 4217
f 4560 4558 4217
f 4563 4560 4228
f 4560 4227 4228
f 4342 4276 4506
f 4276 4505 4506
f 4203 4168 4280
f 4168 4213 4280
f 4621 4275 4342
f 4275 4276 4342
f 4221 4559 4222
f 4559 4593 4222
f 4280 4281 4203
f 4281 4207 4203
f 4281 4274 4207
f 4274 4272 4207
f 4282 4276 4283
f 4276 4275 4283
f 4276 4282 4505
f 4282 4639 4505
f 4223 4282 4279
f 4282 4283 4279
f 4279 4283 4280
f 4283 4281 4280
f 4206 4205 4296
f 4205 4271 4296
f 4351 4271 4636
f 4271 4205 4636
f 4636 4205 4353
f 4205 4211 4353
f 4170 4164 4169
f 4164 4166 4169
f 4164 4165 4166
f 4165 4167 4166
f 4072 4069 4172
f 4069 4169 4172
f 4204 4167 4209
f 4167 4165 4209
f 4209 4273 4204
f 4273 4211 4204
f 4066 4065 4171
f 4065 4173 4171
f 4203 4210 4168
f 4210 4163 4168
f 4207 4208 4203
f 4208 4210 4203
f 4168 4163 4173
f 4163 4171 4173
f 4173 4065 4214
f 4065 4212 4214
f 4233 4212 4177
f 4212 4065 4177
f 4273 4209 4208
f 4207 4272 4208
f 4272 4273 4208
f 4155 4202 4156
f 4202 4196 4156
f 4081 4078 4080
f 4078 4079 4080
f 4071 4074 4070
f 4074 4092 4070
f 4082 4079 4100
f 4079 4099 4100
f 4132 4111 4131
f 4111 4113 4131
f 4069 4072 4511
f 4072 4514 4511
f 4339 4272 4619
f 4272 4274 4619
f 4638 4273 4339
f 4273 4272 4339
f 4234 4238 4292
f 4292 4238 4254
f 4238 4199 4254
f 4347 4302 4632
f 4302 4303 4632
f 4302 4301 4303
f 4301 4295 4303
f 4294 4293 4301
f 4293 4295 4301
f 4296 4270 4206
f 4270 4162 4206
f 4346 4357 4347
f 4357 4302 4347
f 4081 4120 4078
f 4120 4106 4078
f 4267 4256 4265
f 4256 4257 4265
f 4119 4118 4116
f 4118 4115 4116
f 4305 4303 4298
f 4303 4295 4298
f 4083 4073 4082
f 4073 4076 4082
f 4297 4299 4296
f 4299 4270 4296
f 4293 4300 4295
f 4300 4298 4295
f 4260 4259 4266
f 4259 4264 4266
f 4268 4269 4261
f 4269 4262 4261
f 4260 4266 4268
f 4266 4269 4268
f 4269 4265 4262
f 4265 4255 4262
f 4264 4259 4300
f 4259 4299 4300
f 4266 4267 4269
f 4267 4265 4269
f 4263 4264 4293
f 4264 4300 4293
f 4083 4077 4073
f 4077 4075 4073
f 4304 4305 4297
f 4305 4298 4297
f 4300 4299 4298
f 4299 4297 4298
f 4076 4080 4082
f 4080 4079 4082
f 4115 4118 4111
f 4118 4114 4111
f 4350 4304 4351
f 4304 4271 4351
f 4297 4296 4304
f 4296 4271 4304
f 4632 4303 4349
f 4303 4305 4349
f 4349 4305 4350
f 4305 4304 4350
f 4255 4265 4254
f 4265 4257 4254
f 4594 4193 4240
f 4532 4594 4245
f 4109 4108 4110
f 4108 4107 4110
f 4109 4522 4105
f 4522 4520 4105
f 4103 4104 4084
f 4104 4091 4084
f 4122 4136 4129
f 4136 4132 4129
f 4135 4136 4123
f 4136 4122 4123
f 4094 4093 4099
f 4093 4095 4099
f 4133 4134 4125
f 4134 4124 4125
f 4104 4088 4090
f 4088 4089 4090
f 4103 4084 4102
f 4084 4077 4102
f 4067 4070 4090
f 4070 4092 4090
f 4090 4092 4104
f 4092 4091 4104
f 4095 4096 4099
f 4096 4100 4099
f 4094 4133 4093
f 4133 4125 4093
f 4094 4078 4133
f 4078 4106 4133
f 4079 4078 4099
f 4078 4094 4099
f 4101 4102 4083
f 4102 4077 4083
f 4117 4116 4134
f 4116 4135 4134
f 4106 4117 4133
f 4117 4134 4133
f 4131 4130 4128
f 4130 4127 4128
f 4129 4132 4128
f 4132 4131 4128
f 4115 4111 4136
f 4111 4132 4136
f 4087 4088 4103
f 4088 4104 4103
f 4130 4108 4105
f 4108 4109 4105
f 4131 4113 4130
f 4113 4108 4130
f 4116 4115 4135
f 4115 4136 4135
f 4083 4082 4101
f 4082 4100 4101
f 4134 4135 4124
f 4135 4123 4124
f 4100 4096 4101
f 4096 4097 4101
f 4067 4090 4064
f 4090 4089 4064
f 4068 4513 4066
f 4513 4512 4066
f 4065 4066 4177
f 4066 4512 4177
f 4196 4200 4198
f 4200 4201 4198
f 4177 4512 4176
f 4512 4526 4176
f 4157 4198 4158
f 4198 4197 4158
f 4199 4197 4201
f 4197 4198 4201
f 4105 4520 4126
f 4520 4524 4126
f 4239 4640 4250
f 4640 4552 4250
f 4362 4360 4290
f 4360 4288 4290
f 4285 4287 4239
f 4287 4284 4239
f 4258 4290 4256
f 4290 4289 4256
f 4237 4158 4253
f 4158 4197 4253
f 4532 4245 4531
f 4245 4242 4531
f 4250 4552 4241
f 4552 4553 4241
f 4717 4716 4374
f 4285 4239 4234
f 4197 4199 4253
f 4199 4238 4253
f 4364 4642 4359
f 4642 4641 4359
f 4360 4359 4288
f 4359 4286 4288
f 4256 4289 4257
f 4289 4291 4257
f 4254 4257 4292
f 4257 4291 4292
f 4289 4287 4291
f 4287 4285 4291
f 4355 4508 4364
f 4508 4642 4364
f 4291 4285 4292
f 4285 4234 4292
f 4359 4641 4286
f 4641 4640 4286
f 4356 4355 4363
f 4355 4364 4363
f 4363 4364 4360
f 4364 4359 4360
f 4289 4290 4287
f 4290 4288 4287
f 4287 4288 4284
f 4288 4286 4284
f 4365 4363 4362
f 4363 4360 4362
f 4362 4290 4294
f 4290 4258 4294
f 4357 4356 4365
f 4356 4363 4365
f 4357 4365 4302
f 4365 4301 4302
f 4301 4365 4294
f 4365 4362 4294
f 4251 4358 4224
f 4358 4510 4224
f 4376 4252 4218
f 4252 4225 4218
f 4647 4648 4191
f 4648 4192 4191
f 4188 4646 4190
f 4646 4647 4190
f 4224 4225 4251
f 4225 4252 4251
f 4376 4654 4252
f 4654 4246 4252
f 4657 4656 4395
f 4656 4394 4395
f 4653 4375 4391
f 4375 4390 4391
f 4187 4368 4188
f 4368 4646 4188
f 4381 4180 4179
f 4645 4367 4384
f 4367 4383 4384
f 4655 4377 4393
f 4377 4392 4393
f 4218 4216 4376
f 4216 4652 4376
f 4369 4645 4385
f 4645 4384 4385
f 4381 4644 4180
f 4644 4181 4180
f 4175 4174 4649
f 4174 4648 4649
f 4366 4658 4382
f 4658 4396 4382
f 4216 4215 4652
f 4215 4651 4652
f 4644 4643 4183
f 4643 4182 4183
f 4371 4370 4387
f 4370 4386 4387
f 4183 4181 4644
f 4650 4372 4389
f 4372 4388 4389
f 4215 4231 4651
f 4231 4373 4651
f 4231 4175 4373
f 4175 4649 4373
f 4725 4153 4724
f 4377 4653 4392
f 4653 4391 4392
f 4185 4182 4643
f 4379 4380 4248
f 4380 4178 4248
f 4658 4657 4396
f 4657 4395 4396
f 4184 4643 4186
f 4643 4368 4186
f 4656 4655 4394
f 4655 4393 4394
f 4358 4361 4510
f 4361 4509 4510
f 4648 4174 4192
f 4378 4379 4247
f 4379 4248 4247
f 4647 4191 4189
f 4246 4654 4247
f 4654 4378 4247
f 4372 4371 4388
f 4371 4387 4388
f 4187 4186 4368
f 4184 4185 4643
f 4367 4366 4383
f 4366 4382 4383
f 4380 4381 4178
f 4381 4179 4178
f 4190 4647 4189
f 4370 4369 4386
f 4369 4385 4386
f 4160 4260 4268
f 4160 4270 4259
f 4270 4299 4259
f 4268 4261 4160
f 4261 4195 4160
f 4160 4259 4260
f 4195 4202 4160
f 4202 4161 4160
f 4397 4081 4080
f 4397 4121 4120
f 4119 4121 4397
f 4119 4397 4118
f 4118 4397 4114
f 4114 4397 4112
f 4112 4397 4107
f 4107 4397 4110
f 4397 4080 4076
f 4071 4397 4074
f 4397 4076 4073
f 4074 4397 4085
f 4397 4073 4075
f 4085 4397 4086
f 4086 4397 4075
f 4397 4120 4081
f 4674 4400 4675
f 4400 4404 4675
f 4458 4399 4459
f 4399 4403 4459
f 4399 4398 4403
f 4398 4402 4403
f 4675 4404 4678
f 4404 4408 4678
f 4459 4403 4460
f 4403 4407 4460
f 4403 4402 4407
f 4402 4406 4407
f 4678 4408 4680
f 4408 4412 4680
f 4460 4407 4461
f 4407 4411 4461
f 4407 4406 4411
f 4406 4410 4411
f 4680 4412 4682
f 4412 4416 4682
f 4461 4411 4462
f 4411 4415 4462
f 4411 4410 4415
f 4410 4414 4415
f 4682 4416 4684
f 4416 4420 4684
f 4462 4415 4463
f 4415 4419 4463
f 4415 4414 4419
f 4414 4418 4419
f 4684 4420 4686
f 4420 4424 4686
f 4463 4419 4464
f 4419 4423 4464
f 4419 4418 4423
f 4418 4422 4423
f 4686 4424 4688
f 4424 4428 4688
f 4464 4423 4465
f 4423 4427 4465
f 4423 4422 4427
f 4422 4426 4427
f 4688 4428 4690
f 4428 4432 4690
f 4465 4427 4466
f 4427 4431 4466
f 4427 4426 4431
f 4426 4430 4431
f 4690 4432 4692
f 4432 4436 4692
f 4466 4431 4467
f 4431 4435 4467
f 4431 4430 4435
f 4430 4434 4435
f 4692 4436 4694
f 4436 4440 4694
f 4467 4435 4468
f 4435 4439 4468
f 4435 4434 4439
f 4434 4438 4439
f 4694 4440 4445
f 4440 4444 4445
f 4468 4439 4469
f 4439 4443 4469
f 4439 4438 4443
f 4438 4442 4443
f 4533 4591 4722
f 4591 4701 4722
f 4533 4722 4153
f 4375 4374 4733
f 4572 4140 4699
f 4140 4719 4699
f 4650 4389 4734
f 4734 4717 4650
f 4449 4448 4703
f 4448 4452 4703
f 4470 4447 4471
f 4447 4451 4471
f 4447 4446 4451
f 4446 4450 4451
f 4703 4452 4706
f 4452 4456 4706
f 4471 4451 4472
f 4451 4455 4472
f 4451 4450 4455
f 4450 4454 4455
f 4706 4456 4674
f 4456 4400 4674
f 4472 4455 4458
f 4455 4399 4458
f 4455 4454 4399
f 4454 4398 4399
f 4429 4433 4054
f 4433 4053 4054
f 4061 4401 4060
f 4401 4405 4060
f 4055 4056 4425
f 4056 4421 4425
f 4053 4433 4052
f 4433 4437 4052
f 4441 4051 4437
f 4051 4052 4437
f 4457 4401 4062
f 4401 4061 4062
f 4389 4714 4734
f 4417 4057 4413
f 4057 4058 4413
f 4732 4710 4390
f 4413 4058 4409
f 4058 4059 4409
f 4457 4062 4453
f 4062 4063 4453
f 4409 4059 4405
f 4059 4060 4405
f 4650 4717 4374
f 4425 4429 4055
f 4429 4054 4055
f 4417 4421 4057
f 4421 4056 4057
f 4456 4472 4400
f 4472 4458 4400
f 4452 4471 4456
f 4471 4472 4456
f 4448 4470 4452
f 4470 4471 4452
f 4666 4711 4697
f 4711 4708 4697
f 4704 4712 4667
f 4712 4715 4667
f 4440 4468 4444
f 4468 4469 4444
f 4436 4467 4440
f 4467 4468 4440
f 4432 4466 4436
f 4466 4467 4436
f 4428 4465 4432
f 4465 4466 4432
f 4424 4464 4428
f 4464 4465 4428
f 4420 4463 4424
f 4463 4464 4424
f 4416 4462 4420
f 4462 4463 4420
f 4412 4461 4416
f 4461 4462 4416
f 4408 4460 4412
f 4460 4461 4412
f 4404 4459 4408
f 4459 4460 4408
f 4400 4458 4404
f 4458 4459 4404
f 4696 4720 4700
f 4702 4698 4741
f 4718 4719 4139
f 4724 4153 4723
f 4726 4139 4540
f 4139 4719 4140
f 4540 4139 4539
f 4139 4138 4539
f 4139 4726 4718
f 4723 4153 4722
f 4153 4725 4138
f 4725 4539 4138
f 4444 4727 4445
f 4727 4721 4445
f 4469 4728 4444
f 4728 4727 4444
f 4443 4729 4469
f 4729 4728 4469
f 4442 4730 4443
f 4730 4729 4443
f 4730 4442 4731
f 4442 4709 4731
f 4713 4446 4735
f 4735 4446 4736
f 4447 4737 4446
f 4737 4736 4446
f 4470 4738 4447
f 4738 4737 4447
f 4448 4739 4470
f 4739 4738 4470
f 4449 4740 4448
f 4740 4739 4448
f 4478 4477 4494
f 4477 4493 4494
f 4479 4478 4495
f 4478 4494 4495
f 4477 4476 4493
f 4476 4492 4493
f 4480 4479 4496
f 4479 4495 4496
f 4482 4481 4500
f 4481 4499 4500
f 4475 4474 4489
f 4474 4488 4489
f 4490 4491 4489
f 4489 4491 4475
f 4476 4475 4492
f 4475 4491 4492
f 4481 4480 4497
f 4480 4496 4497
f 4498 4499 4497
f 4499 4481 4497
f 4482 4500 4501
f 4482 4502 4483
f 4502 4503 4483
f 4484 4485 4473
f 4485 4474 4473
f 4502 4482 4501
f 4503 4504 4483
f 4474 4485 4486
f 4488 4474 4487
f 4474 4486 4487
f 4176 4526 4564
f 4526 4064 4564
f 4524 4193 4126
f 4193 4594 4126
f 4509 4361 4277
f 4361 4743 4277
f 4624 4742 4627
f 4742 4277 4627
f 4626 4508 4629
f 4508 4355 4629
f 4278 4509 4742
f 4509 4277 4742
f 4510 4509 4224
f 4509 4278 4224
f 4640 4239 4286
f 4239 4284 4286
f 4512 4513 4526
f 4513 4528 4526
f 4513 4511 4528
f 4511 4525 4528
f 4517 4516 4156
f 4516 4155 4156
f 4515 4514 4154
f 4514 4072 4154
f 4514 4519 4521
f 4525 4511 4514
f 4521 4527 4525
f 4514 4521 4525
f 4518 4517 4157
f 4517 4156 4157
f 4515 4516 4523
f 4516 4522 4523
f 4515 4523 4519
f 4520 4522 4517
f 4522 4516 4517
f 4519 4514 4515
f 4524 4520 4518
f 4520 4517 4518
f 4518 4194 4524
f 4194 4193 4524
f 4523 4522 4110
f 4522 4109 4110
f 4527 4521 4519
f 4519 4397 4071
f 4519 4071 4527
f 4519 4523 4397
f 4523 4110 4397
f 4526 4528 4064
f 4528 4067 4064
f 4525 4527 4070
f 4527 4071 4070
f 4528 4525 4067
f 4525 4070 4067
f 4507 4344 4327
f 4344 4328 4327
f 4327 4623 4343
o Part.6
v 10.552 19.172 1.831
v 10.532 19.117 1.881
v 10.514 19.216 1.781
v 10.405 19.475 2.156
v 10.389 19.413 2.198
v 10.371 19.512 2.098
v 10.101 19.7 2.431
v 10.092 19.633 2.467
v 10.074 19.731 2.367
v 9.685 19.813 2.615
v 9.686 19.743 2.646
v 9.669 19.841 2.546
v 9.959 18.271 1.046
v 9.954 18.238 1.115
v 9.936 18.337 1.015
v 10.311 18.52 1.23
v 10.297 18.482 1.295
v 10.279 18.58 1.195
v 10.519 18.836 1.505
v 10.5 18.79 1.563
v 10.482 18.889 1.464
v 10.138 17.051 2.406
v 10.46 17.28 2.576
v 10.65 17.57 2.829
v 10.681 17.877 3.126
v 10.546 18.155 3.424
v 10.267 18.361 3.677
v 9.886 18.465 3.846
v 9.214 21.232 -1.261
v 9.4 21.365 -1.164
v 9.511 21.532 -1.017
v 9.527 21.711 -0.845
v 9.45 21.872 -0.672
v 9.289 21.991 -0.526
v 9.068 22.051 -0.428
v 9.799 20.993 -1.191
v 9.477 20.764 -1.36
v 9.225 22.178 0.079
v 9.606 22.074 -0.089
v 9.885 21.868 -0.342
v 10.019 21.59 -0.641
v 9.989 21.283 -0.938
v 10.22 18.627 1.207
v 9.646 19.812 2.477
v 10.306 19.503 2.056
v 10.41 18.917 1.46
v 9.898 18.398 1.038
v 10.027 19.708 2.308
v 10.441 19.224 1.757
v 10.245 18.487 1.349
v 9.671 19.671 2.62
v 10.331 19.362 2.198
v 10.435 18.776 1.602
v 9.923 18.258 1.181
v 10.052 19.568 2.451
v 10.466 19.084 1.9
v 10.431 15.367 3.217
v 10.835 15.298 3.297
v 11.2 15.139 3.424
v 11.501 14.902 3.589
v 11.716 14.6 3.781
v 11.833 14.257 3.988
v 11.836 13.928 4.254
v 11.881 13.673 4.578
v 10.528 16.15 2.783
v 11.16 16.042 2.907
v 11.73 15.794 3.106
v 12.2 15.422 3.364
v 12.537 14.952 3.665
v 12.719 14.414 3.988
v 12.721 13.918 4.435
v 11.911 13.506 6.373
v 12.279 15.692 8.297
v 12.349 16.01 8.124
v 12.334 16.576 7.801
v 12.152 17.114 7.478
v 11.815 17.584 7.177
v 11.345 17.956 6.918
v 10.775 18.204 6.72
v 10.143 18.312 6.595
v 11.516 15.727 8.2
v 11.457 16.056 8.007
v 11.448 16.419 7.801
v 11.331 16.762 7.594
v 11.116 17.064 7.401
v 10.815 17.301 7.236
v 10.45 17.46 7.11
v 10.046 17.529 7.03
v 12.124 15.351 8.475
v 11.929 13.406 5.209
v 11.599 15.257 8.475
v 12.086 13.416 6.087
v 11.932 13.389 6.087
v 10.275 16.89 2.224
v 10.679 17.178 2.436
v 10.918 17.54 2.753
v 10.956 17.926 3.126
v 10.788 18.275 3.5
v 10.438 18.535 3.817
v 10.968 17.118 4.804
v 10.499 18.231 4.126
v 10.24 18.585 3.899
v 10.337 17.225 4.68
v 10.407 16.205 2.886
v 10.852 16.323 3.271
v 11.136 16.501 3.787
v 11.209 16.734 4.337
v 11.045 17.051 4.765
v 12.634 13.703 4.792
v 12.455 13.499 5.209
v 11.981 13.518 6.373
v 11.713 14.619 8.337
v 11.636 15.054 8.554
v 11.693 14.731 8.466
v 11.666 14.884 8.543
v 11.784 14.632 8.337
v 11.857 14.918 8.543
v 11.795 14.749 8.466
v 11.94 13.345 5.604
v 12.28 13.405 5.604
v 11.939 13.35 5.816
v 12.186 13.394 5.816
v 11.959 15.111 8.554
v 9.341 21.083 -1.431
v 9.453 20.862 -1.439
v 9.412 20.967 -1.475
v 9.603 21.27 -1.293
v 9.77 21.088 -1.273
v 9.712 21.18 -1.318
v 9.758 21.506 -1.088
v 9.957 21.373 -1.024
v 9.891 21.451 -1.082
v 9.782 21.757 -0.845
v 9.988 21.676 -0.731
v 9.919 21.738 -0.803
v 9.673 21.982 -0.602
v 9.855 21.95 -0.437
v 9.793 21.998 -0.526
v 9.446 22.151 -0.396
v 9.58 22.153 -0.187
v 9.533 22.19 -0.29
v 9.136 22.235 -0.259
v 9.205 22.255 -0.021
v 9.177 22.287 -0.132
v 8.189 18.751 1.831
v 8.226 18.706 1.881
v 8.209 18.806 1.781
v 8.222 19.086 2.156
v 8.258 19.034 2.198
v 8.241 19.132 2.098
v 8.429 19.402 2.431
v 8.461 19.343 2.467
v 8.444 19.441 2.367
v 8.781 19.652 2.615
v 8.804 19.586 2.646
v 8.786 19.684 2.546
v 9.056 18.11 1.046
v 9.072 18.081 1.115
v 9.054 18.18 1.015
v 8.639 18.222 1.23
v 8.666 18.191 1.295
v 8.649 18.29 1.195
v 8.335 18.448 1.505
v 8.369 18.41 1.563
v 8.352 18.509 1.464
v 9.309 16.904 2.406
v 8.928 17.007 2.576
v 8.65 17.214 2.829
v 8.515 17.491 3.126
v 8.545 17.799 3.424
v 8.735 18.088 3.677
v 9.057 18.317 3.846
v 8.733 21.147 -1.261
v 8.512 21.206 -1.164
v 8.351 21.326 -1.017
v 8.273 21.488 -0.845
v 8.29 21.665 -0.672
v 8.401 21.833 -0.526
v 8.587 21.966 -0.428
v 8.267 20.72 -1.191
v 8.648 20.617 -1.36
v 8.396 22.03 0.079
v 8.074 21.802 -0.089
v 7.884 21.512 -0.342
v 7.853 21.204 -0.641
v 7.988 20.926 -0.938
v 8.688 18.354 1.208
v 8.817 19.665 2.477
v 8.305 19.146 2.056
v 8.41 18.561 1.46
v 9.069 18.251 1.038
v 8.496 19.436 2.308
v 8.275 18.839 1.757
v 8.713 18.214 1.349
v 8.842 19.524 2.62
v 8.33 19.006 2.198
v 8.435 18.42 1.602
v 9.094 18.111 1.181
v 8.521 19.295 2.451
v 8.3 18.698 1.9
v 9.616 15.222 3.217
v 9.26 15.017 3.297
v 8.973 14.743 3.424
v 8.772 14.416 3.589
v 8.674 14.058 3.781
v 8.683 13.696 3.988
v 8.794 13.386 4.254
v 8.839 13.131 4.578
v 9.254 15.923 2.783
v 8.699 15.604 2.907
v 8.249 15.174 3.106
v 7.937 14.663 3.364
v 7.782 14.105 3.665
v 7.797 13.538 3.988
v 7.966 13.071 4.435
v 8.869 12.964 6.373
v 7.77 14.889 8.297
v 7.594 15.163 8.124
v 7.412 15.7 7.801
v 7.397 16.267 7.478
v 7.552 16.825 7.177
v 7.864 17.336 6.918
v 8.314 17.766 6.72
v 8.869 18.085 6.595
v 8.474 15.185 8.2
v 8.415 15.514 8.007
v 8.298 15.858 7.801
v 8.289 16.22 7.594
v 8.387 16.578 7.402
v 8.588 16.905 7.236
v 8.875 17.179 7.11
v 9.231 17.384 7.03
v 8.032 14.622 8.475
v 8.887 12.864 5.209
v 8.557 14.716 8.475
v 8.736 12.82 6.087
v 8.89 12.847 6.087
v 9.236 16.705 2.224
v 8.758 16.835 2.436
v 8.408 17.093 2.753
v 8.239 17.442 3.126
v 8.277 17.828 3.5
v 8.516 18.192 3.817
v 8.507 16.68 4.804
v 8.563 17.887 4.126
v 8.684 18.308 3.899
v 9.063 16.999 4.68
v 9.349 16.017 2.886
v 8.891 15.974 3.271
v 8.562 16.043 3.787
v 8.413 16.236 4.337
v 8.458 16.59 4.765
v 8.123 12.9 4.792
v 8.361 12.77 5.209
v 8.799 12.951 6.373
v 8.671 14.077 8.337
v 8.593 14.512 8.554
v 8.651 14.189 8.466
v 8.624 14.342 8.543
v 8.6 14.065 8.337
v 8.433 14.308 8.543
v 8.548 14.171 8.466
v 8.898 12.803 5.604
v 8.558 12.742 5.604
v 8.897 12.808 5.816
v 8.65 12.764 5.816
v 8.27 14.454 8.554
v 9.222 19.796 2.68
v 9.234 19.726 2.71
v 9.217 19.825 2.609
v 9.519 18.127 0.982
v 9.524 18.097 1.052
v 9.506 18.197 0.952
v 9.734 16.919 2.348
v 8.822 22.042 -0.394
v 8.979 21.156 -1.296
v 9.073 20.632 -1.419
v 8.8 22.162 0.138
v 8.9 21.6 -0.845
v 9.494 18.267 0.979
v 9.222 19.796 2.537
v 9.519 18.126 1.122
v 9.246 19.656 2.679
v 10.015 15.341 3.189
v 9.493 18.271 6.553
v 9.63 17.503 7.002
v 9.769 16.725 2.149
v 9.462 18.446 3.899
v 9.687 17.185 4.637
v 9.878 16.109 2.74
v 8.665 20.963 -1.431
v 8.636 20.717 -1.439
v 8.638 20.829 -1.475
v 8.355 21.048 -1.293
v 8.261 20.819 -1.273
v 8.283 20.926 -1.318
v 8.128 21.215 -1.088
v 7.986 21.022 -1.024
v 8.022 21.118 -1.082
v 8.018 21.442 -0.845
v 7.853 21.296 -0.731
v 7.897 21.378 -0.803
v 8.043 21.692 -0.602
v 7.884 21.599 -0.437
v 7.925 21.665 -0.526
v 8.198 21.929 -0.396
v 8.072 21.884 -0.187
v 8.103 21.936 -0.29
v 8.46 22.115 -0.259
v 8.388 22.11 -0.021
v 8.403 22.149 -0.132
v 8.79 22.222 -0.21
v 8.786 22.24 0.036
v 8.78 22.273 -0.076
v 9.055 20.732 -1.498
v 9.011 20.976 -1.479
v 9.035 20.844 -1.53
v 10.138 17.051 2.406
v 9.734 16.919 2.348
v 10.46 17.28 2.576
v 10.65 17.57 2.829
v 10.681 17.877 3.126
v 10.546 18.155 3.424
v 10.267 18.361 3.677
v 9.886 18.465 3.846
v 9.898 18.398 1.038
v 10.22 18.627 1.207
v 10.027 19.708 2.308
v 9.646 19.812 2.477
v 10.441 19.224 1.757
v 10.306 19.503 2.056
v 10.41 18.917 1.46
v 9.494 18.267 0.979
v 9.222 19.796 2.537
v 10.435 18.776 1.602
v 10.466 19.084 1.9
v 10.331 19.362 2.198
v 10.052 19.568 2.451
v 9.671 19.671 2.62
v 9.246 19.656 2.679
v 9.519 18.126 1.122
v 9.923 18.258 1.181
v 10.245 18.487 1.349
v 10.015 15.341 3.189
v 10.431 15.367 3.217
v 10.835 15.298 3.297
v 11.2 15.139 3.424
v 11.501 14.902 3.589
v 11.716 14.6 3.781
v 11.833 14.257 3.988
v 11.836 13.928 4.254
v 11.836 13.928 4.254
v 11.881 13.673 4.578
v 10.528 16.15 2.783
v 11.16 16.042 2.907
v 11.73 15.794 3.106
v 12.2 15.422 3.364
v 12.537 14.952 3.665
v 12.719 14.414 3.988
v 12.721 13.918 4.435
v 12.279 15.692 8.297
v 12.349 16.01 8.124
v 12.334 16.576 7.801
v 12.152 17.114 7.478
v 11.815 17.584 7.177
v 11.345 17.956 6.918
v 10.775 18.204 6.72
v 10.143 18.312 6.595
v 10.852 16.323 3.271
v 10.407 16.205 2.886
v 9.493 18.271 6.553
v 11.516 15.727 8.2
v 11.457 16.056 8.007
v 11.457 16.056 8.007
v 11.448 16.419 7.801
v 11.331 16.762 7.594
v 11.116 17.064 7.401
v 10.815 17.301 7.236
v 10.45 17.46 7.11
v 10.046 17.529 7.03
v 9.63 17.503 7.002
v 12.124 15.351 8.475
v 11.929 13.406 5.209
v 11.599 15.257 8.475
v 11.981 13.518 6.373
v 12.086 13.416 6.087
v 12.634 13.703 4.792
v 11.911 13.506 6.373
v 11.932 13.389 6.087
v 11.939 13.35 5.816
v 10.275 16.89 2.224
v 9.769 16.725 2.149
v 10.679 17.178 2.436
v 10.918 17.54 2.753
v 10.956 17.926 3.126
v 10.788 18.275 3.5
v 10.438 18.535 3.817
v 9.462 18.446 3.899
v 9.462 18.446 3.899
v 9.462 18.446 3.899
v 10.24 18.585 3.899
v 10.24 18.585 3.899
v 10.499 18.231 4.126
v 9.687 17.185 4.637
v 10.337 17.225 4.68
v 9.878 16.109 2.74
v 9.878 16.109 2.74
v 9.878 16.109 2.74
v 11.136 16.501 3.787
v 11.209 16.734 4.337
v 11.045 17.051 4.765
v 10.968 17.118 4.804
v 10.968 17.118 4.804
v 12.455 13.499 5.209
v 12.186 13.394 5.816
v 11.693 14.731 8.466
v 11.713 14.619 8.337
v 11.784 14.632 8.337
v 11.795 14.749 8.466
v 11.666 14.884 8.543
v 11.857 14.918 8.543
v 11.94 13.345 5.604
v 12.28 13.405 5.604
v 11.636 15.054 8.554
v 11.959 15.111 8.554
v 9.309 16.904 2.406
v 8.928 17.007 2.576
v 8.65 17.214 2.829
v 8.515 17.491 3.126
v 8.545 17.799 3.424
v 8.735 18.088 3.677
v 9.057 18.317 3.846
v 9.069 18.251 1.038
v 8.688 18.354 1.208
v 8.496 19.436 2.308
v 8.817 19.665 2.477
v 8.275 18.839 1.757
v 8.305 19.146 2.056
v 8.41 18.561 1.46
v 8.435 18.42 1.602
v 8.3 18.698 1.9
v 8.33 19.006 2.198
v 8.521 19.295 2.451
v 8.842 19.524 2.62
v 9.094 18.111 1.181
v 8.713 18.214 1.349
v 9.616 15.222 3.217
v 9.26 15.017 3.297
v 8.973 14.743 3.424
v 8.772 14.416 3.589
v 8.674 14.058 3.781
v 8.683 13.696 3.988
v 8.794 13.386 4.254
v 8.794 13.386 4.254
v 8.839 13.131 4.578
v 9.254 15.923 2.783
v 8.699 15.604 2.907
v 8.249 15.174 3.106
v 7.937 14.663 3.364
v 7.782 14.105 3.665
v 7.797 13.538 3.988
v 7.966 13.071 4.435
v 7.77 14.889 8.297
v 7.594 15.163 8.124
v 7.412 15.7 7.801
v 7.397 16.267 7.478
v 7.552 16.825 7.177
v 7.864 17.336 6.918
v 8.314 17.766 6.72
v 8.869 18.085 6.595
v 8.891 15.974 3.271
v 9.349 16.017 2.886
v 8.474 15.185 8.2
v 8.415 15.514 8.007
v 8.415 15.514 8.007
v 8.298 15.858 7.801
v 8.289 16.22 7.594
v 8.387 16.578 7.402
v 8.588 16.905 7.236
v 8.875 17.179 7.11
v 9.231 17.384 7.03
v 8.032 14.622 8.475
v 8.887 12.864 5.209
v 8.557 14.716 8.475
v 8.799 12.951 6.373
v 8.736 12.82 6.087
v 8.123 12.9 4.792
v 8.869 12.964 6.373
v 8.89 12.847 6.087
v 8.897 12.808 5.816
v 9.236 16.705 2.224
v 8.758 16.835 2.436
v 8.408 17.093 2.753
v 8.239 17.442 3.126
v 8.277 17.828 3.5
v 8.516 18.192 3.817
v 8.684 18.308 3.899
v 8.684 18.308 3.899
v 8.563 17.887 4.126
v 9.063 16.999 4.68
v 8.562 16.043 3.787
v 8.413 16.236 4.337
v 8.458 16.59 4.765
v 8.507 16.68 4.804
v 8.507 16.68 4.804
v 8.361 12.77 5.209
v 8.65 12.764 5.816
v 8.651 14.189 8.466
v 8.671 14.077 8.337
v 8.6 14.065 8.337
v 8.548 14.171 8.466
v 8.624 14.342 8.543
v 8.433 14.308 8.543
v 8.898 12.803 5.604
v 8.558 12.742 5.604
v 8.593 14.512 8.554
v 8.27 14.454 8.554
usemtl MB_24
s off
f 4744 4745 4762
f 4745 4763 4762
f 4763 4745 5078
f 4745 5079 5078
f 5012 4754 5011
f 4754 4753 5011
f 5073 4746 5075
f 4746 4764 5075
f 4746 4744 4764
f 4744 4762 4764
f 4760 4763 5086
f 4763 5078 5086
f 4752 4750 4749
f 4750 4747 4749
f 4755 4753 4752
f 4753 4750 4752
f 4754 4751 4753
f 4751 4750 4753
f 5069 5070 4758
f 5070 4761 4758
f 5073 5074 4746
f 5074 4749 4746
f 4744 4746 4747
f 4746 4749 4747
f 4761 4759 4758
f 4759 4756 4758
f 4751 4748 4750
f 4748 4747 4750
f 4763 4760 4762
f 4760 4759 4762
f 4764 4762 4761
f 4762 4759 4761
f 5075 4764 5070
f 4764 4761 5070
f 5084 5015 5085
f 5015 4757 5085
f 5081 4751 5082
f 4751 4754 5082
f 5069 4758 5076
f 4758 5016 5076
f 5072 5077 4755
f 5077 5013 4755
f 5082 4754 5083
f 4754 5012 5083
f 5013 5011 4755
f 5011 4753 4755
f 5071 5072 4752
f 5072 4755 4752
f 4757 4760 5085
f 4760 5086 5085
f 5079 4745 5080
f 4745 4748 5080
f 4745 4744 4748
f 4744 4747 4748
f 5080 4748 5081
f 4748 4751 5081
f 5074 5071 4749
f 5071 4752 4749
f 4758 4756 5016
f 4756 5014 5016
f 4757 5015 4756
f 5015 5014 4756
f 4780 5020 4868
f 5020 5058 4868
f 5055 4885 5018
f 4885 4778 5018
f 4882 4879 4777
f 4879 4776 4777
f 4876 4873 4775
f 4873 4774 4775
f 4870 4867 4773
f 4867 4772 4773
f 4885 4882 4778
f 4882 4777 4778
f 4879 4876 4776
f 4876 4775 4776
f 4782 4783 4883
f 4783 4880 4883
f 4784 4785 4877
f 4785 4874 4877
f 4873 4870 4774
f 4870 4773 4774
f 4781 4782 4886
f 4782 4883 4886
f 4783 4784 4880
f 4784 4877 4880
f 4785 4779 4874
f 4779 4871 4874
f 4779 4780 4871
f 4780 4868 4871
f 5021 4781 5056
f 4781 4886 5056
f 4792 4789 4784
f 4789 4785 4784
f 4791 4788 4782
f 4788 4783 4782
f 5024 4787 5021
f 4787 4781 5021
f 4790 5023 4780
f 5023 5020 4780
f 4789 4786 4785
f 4786 4779 4785
f 4788 4792 4783
f 4792 4784 4783
f 4787 4791 4781
f 4791 4782 4781
f 4786 4790 4779
f 4790 4780 4779
f 4778 4777 5022
f 4776 4775 5022
f 4774 4773 5022
f 4772 5019 5022
f 5018 4778 5022
f 4777 4776 5022
f 4775 4774 5022
f 4773 4772 5022
f 5065 5064 4799
f 5064 4796 4799
f 5067 5066 4798
f 5066 4795 4798
f 5061 5062 4797
f 5062 5025 4797
f 5064 5063 4796
f 5063 4793 4796
f 5066 5065 4795
f 5065 4799 4795
f 5068 5067 4794
f 5067 4798 4794
f 5063 5061 4793
f 5061 4797 4793
f 5113 5134 5112
f 5134 5136 5112
f 4800 5097 5089
f 5097 5098 5089
f 5089 5098 5090
f 5098 5099 5090
f 5090 5099 5091
f 5099 5100 5091
f 5091 5100 5092
f 5100 5101 5092
f 5092 5101 5093
f 5101 5102 5093
f 5093 5102 5094
f 5102 5103 5094
f 4814 4813 5105
f 4813 5106 5105
f 4813 4812 5106
f 4812 5107 5106
f 4812 4811 5107
f 4811 5108 5107
f 4811 4810 5108
f 4810 5109 5108
f 4810 4809 5153
f 4809 4849 5153
f 4808 4847 4809
f 4847 4848 4809
f 5134 5113 5135
f 5113 5149 5135
f 4846 5156 5146
f 5095 5096 5116
f 5096 5115 5116
f 4805 4806 5118
f 4806 5117 5118
f 4804 4805 5119
f 4805 5118 5119
f 4803 4804 5120
f 4804 5119 5120
f 4802 4803 5121
f 4803 5120 5121
f 4801 4802 5122
f 4802 5121 5122
f 5088 4801 5123
f 4801 5122 5123
f 5087 5088 5124
f 5088 5123 5124
f 5111 5148 5114
f 5148 5032 5114
f 5110 5155 5111
f 5155 5148 5111
f 5110 5109 5155
f 5109 5154 5155
f 4823 5028 4831
f 5028 5029 4831
f 4822 4823 4830
f 4823 4831 4830
f 4821 4822 4829
f 4822 4830 4829
f 4820 4821 4828
f 4821 4829 4828
f 4819 4820 4827
f 4820 4828 4827
f 4818 4819 4826
f 4819 4827 4826
f 4817 4818 4825
f 4818 4826 4825
f 5104 4817 4824
f 4817 4825 4824
f 5096 5126 5115
f 5126 5127 5115
f 5104 4824 5125
f 4824 4834 5125
f 5129 5162 5128
f 5162 4859 5128
f 5131 5132 4854
f 5132 4835 4854
f 5136 5137 5112
f 5137 5152 5112
f 5154 5109 5153
f 4807 5094 5130
f 5094 5103 5130
f 5146 4845 5147
f 4845 5141 5147
f 5138 4850 5137
f 4850 5152 5137
f 4767 4839 4766
f 4839 4838 4766
f 4838 4837 4766
f 4837 4765 4766
f 4768 4840 4767
f 4840 4839 4767
f 4770 5140 4769
f 5140 5139 4769
f 4768 4769 4840
f 4769 5139 4840
f 5017 4765 5030
f 4765 4837 5030
f 5142 5068 5026
f 5068 4794 5026
f 5027 5150 4800
f 5150 5097 4800
f 5145 4844 4842
f 4771 5143 5144
f 4847 4808 5151
f 4770 4771 5140
f 4771 5144 5140
f 5147 4846 5146
f 5109 4810 5153
f 4848 4849 4809
f 4851 4850 4841
f 4850 5138 4841
f 4841 4842 4844
f 4844 4843 4841
f 4843 4851 4841
f 4807 5130 4833
f 5130 5157 4833
f 5133 5158 5132
f 5158 4835 5132
f 4832 4853 4816
f 4853 4852 4816
f 4814 5105 4852
f 5105 4816 4852
f 4866 5166 4832
f 5166 4853 4832
f 5160 5161 5159
f 5161 4861 5159
f 5159 4861 5163
f 4861 5164 5163
f 5131 4854 5160
f 4854 5161 5160
f 4833 5157 5165
f 5157 4863 5165
f 5125 4834 5168
f 4834 5167 5168
f 5126 4862 5127
f 4862 4856 5127
f 4815 4855 4836
f 4855 4857 4836
f 4865 4860 5129
f 4860 5162 5129
f 4836 4857 4864
f 4857 4858 4864
f 4856 4862 4858
f 4862 4864 4858
f 5163 5164 5167
f 5164 5168 5167
f 5165 4863 5133
f 4863 5158 5133
f 4860 4865 4866
f 4865 5166 4866
f 5060 5059 4869
f 5059 4867 4869
f 4868 4869 4871
f 4869 4872 4871
f 4869 4867 4872
f 4867 4870 4872
f 4871 4872 4874
f 4872 4875 4874
f 4872 4870 4875
f 4870 4873 4875
f 4874 4875 4877
f 4875 4878 4877
f 4875 4873 4878
f 4873 4876 4878
f 4877 4878 4880
f 4878 4881 4880
f 4878 4876 4881
f 4876 4879 4881
f 4880 4881 4883
f 4881 4884 4883
f 4881 4879 4884
f 4879 4882 4884
f 4883 4884 4886
f 4884 4887 4886
f 4884 4882 4887
f 4882 4885 4887
f 4886 4887 5056
f 4887 5057 5056
f 4887 4885 5057
f 4885 5055 5057
f 4867 5059 4772
f 5059 5019 4772
f 4760 4757 4759
f 4757 4756 4759
f 5058 5060 4868
f 5060 4869 4868
f 4888 4906 4889
f 4906 4907 4889
f 4907 5183 4889
f 5183 5184 4889
f 5012 5011 4898
f 5011 4897 4898
f 5180 5182 4890
f 5182 4908 4890
f 4890 4908 4888
f 4908 4906 4888
f 4904 5189 4907
f 5189 5183 4907
f 4896 4893 4894
f 4893 4891 4894
f 4899 4896 4897
f 4896 4894 4897
f 4898 4897 4895
f 4897 4894 4895
f 5176 4902 5177
f 4902 4905 5177
f 5180 4890 5181
f 4890 4893 5181
f 4888 4891 4890
f 4891 4893 4890
f 4905 4902 4903
f 4902 4900 4903
f 4895 4894 4892
f 4894 4891 4892
f 4907 4906 4904
f 4906 4903 4904
f 4908 4905 4906
f 4905 4903 4906
f 5182 5177 4908
f 5177 4905 4908
f 5084 5188 5015
f 5188 4901 5015
f 5186 5187 4895
f 5187 4898 4895
f 5176 5076 4902
f 5076 5016 4902
f 5179 4899 5077
f 4899 5013 5077
f 5187 5083 4898
f 5083 5012 4898
f 5013 4899 5011
f 4899 4897 5011
f 5178 4896 5179
f 4896 4899 5179
f 4901 5188 4904
f 5188 5189 4904
f 5184 5185 4889
f 5185 4892 4889
f 4891 4888 4892
f 4888 4889 4892
f 5185 5186 4892
f 5186 4895 4892
f 5181 4893 5178
f 4893 4896 5178
f 4902 5016 4900
f 5016 5014 4900
f 4901 4900 5015
f 4900 5014 5015
f 4924 5035 5020
f 5035 5058 5020
f 5055 5018 5052
f 5018 4922 5052
f 5049 4921 5046
f 4921 4920 5046
f 5043 4919 5040
f 4919 4918 5040
f 5037 4917 5034
f 4917 4916 5034
f 5052 4922 5049
f 4922 4921 5049
f 5046 4920 5043
f 4920 4919 5043
f 4926 5050 4927
f 5050 5047 4927
f 4928 5044 4929
f 5044 5041 4929
f 5040 4918 5037
f 4918 4917 5037
f 4925 5053 4926
f 5053 5050 4926
f 4927 5047 4928
f 5047 5044 4928
f 4929 5041 4923
f 5041 5038 4923
f 4923 5038 4924
f 5038 5035 4924
f 5021 5056 4925
f 5056 5053 4925
f 4936 4928 4933
f 4928 4929 4933
f 4935 4926 4932
f 4926 4927 4932
f 5024 5021 4931
f 5021 4925 4931
f 4934 4924 5023
f 4924 5020 5023
f 4933 4929 4930
f 4929 4923 4930
f 4932 4927 4936
f 4927 4928 4936
f 4931 4925 4935
f 4925 4926 4935
f 4930 4923 4934
f 4923 4924 4934
f 4922 5022 4921
f 4920 5022 4919
f 4918 5022 4917
f 4916 5022 5019
f 5018 5022 4922
f 4921 5022 4920
f 4919 5022 4918
f 4917 5022 4916
f 5172 4943 5171
f 4943 4940 5171
f 5174 4942 5173
f 4942 4939 5173
f 5169 4941 5062
f 4941 5025 5062
f 5171 4940 5170
f 4940 4937 5170
f 5173 4939 5172
f 4939 4943 5172
f 5175 4938 5174
f 4938 4942 5174
f 5170 4937 5169
f 4937 4941 5169
f 5215 5214 5234
f 5214 5235 5234
f 4944 5191 5199
f 5191 5200 5199
f 5191 5192 5200
f 5192 5201 5200
f 5192 5193 5201
f 5193 5202 5201
f 5193 5194 5202
f 5194 5203 5202
f 5194 5195 5203
f 5195 5204 5203
f 5195 5196 5204
f 5196 5205 5204
f 4958 5207 4957
f 5207 5208 4957
f 4957 5208 4956
f 5208 5209 4956
f 4956 5209 4955
f 5209 5210 4955
f 4955 5210 4954
f 5210 5211 4954
f 4954 5245 4953
f 5245 4993 4953
f 4952 4953 4991
f 4953 4992 4991
f 5234 5135 5215
f 5135 5149 5215
f 4990 5242 5248
f 5197 5217 5198
f 5217 5216 5198
f 4949 5219 4950
f 5219 5218 4950
f 4948 5220 4949
f 5220 5219 4949
f 4947 5221 4948
f 5221 5220 4948
f 4946 5222 4947
f 5222 5221 4947
f 4945 5223 4946
f 5223 5222 4946
f 5190 5224 4945
f 5224 5223 4945
f 5087 5124 5190
f 5124 5224 5190
f 5213 5114 5243
f 5114 5032 5243
f 5212 5213 5247
f 5213 5243 5247
f 5212 5247 5211
f 5247 5246 5211
f 4967 4975 5028
f 4975 5029 5028
f 4966 4974 4967
f 4974 4975 4967
f 4965 4973 4966
f 4973 4974 4966
f 4964 4972 4965
f 4972 4973 4965
f 4963 4971 4964
f 4971 4972 4964
f 4962 4970 4963
f 4970 4971 4963
f 4961 4969 4962
f 4969 4970 4962
f 5206 4968 4961
f 4968 4969 4961
f 5198 5216 5226
f 5216 5227 5226
f 5206 5225 4968
f 5225 4978 4968
f 5229 5228 5254
f 5228 5003 5254
f 5231 4998 5232
f 4998 4979 5232
f 5235 5214 5236
f 5214 5244 5236
f 5246 5245 5211
f 4951 5230 5196
f 5230 5205 5196
f 5242 5147 4989
f 5147 5141 4989
f 5237 5236 4994
f 5236 5244 4994
f 4911 4910 4983
f 4910 4982 4983
f 4982 4910 4981
f 4910 4909 4981
f 4912 4911 4984
f 4911 4983 4984
f 4914 4913 5239
f 4913 5238 5239
f 4912 4984 4913
f 4984 5238 4913
f 5017 5030 4909
f 5030 4981 4909
f 5142 5026 5175
f 5026 4938 5175
f 5027 4944 5150
f 4944 5199 5150
f 5241 4986 4988
f 4915 5240 5031
f 4991 5033 4952
f 4914 5239 4915
f 5239 5240 4915
f 5147 5242 4990
f 5211 5245 4954
f 4992 4953 4993
f 4995 4985 4994
f 4985 5237 4994
f 4985 4988 4986
f 4988 4985 4987
f 4985 4995 4987
f 4951 4977 5230
f 4977 5249 5230
f 5233 5232 5250
f 5232 4979 5250
f 4976 4960 4997
f 4960 4996 4997
f 4958 4996 5207
f 4996 4960 5207
f 5010 4976 5258
f 4976 4997 5258
f 5252 5251 5253
f 5251 5005 5253
f 5251 5255 5005
f 5255 5256 5005
f 5231 5252 4998
f 5252 5253 4998
f 4977 5257 5249
f 5257 5007 5249
f 5225 5260 4978
f 5260 5259 4978
f 5226 5227 5006
f 5227 5000 5006
f 4959 4980 4999
f 4980 5001 4999
f 5009 5229 5004
f 5229 5254 5004
f 4980 5008 5001
f 5008 5002 5001
f 5000 5002 5006
f 5002 5008 5006
f 5255 5259 5256
f 5259 5260 5256
f 5257 5233 5007
f 5233 5250 5007
f 5004 5010 5009
f 5010 5258 5009
f 5060 5036 5059
f 5036 5034 5059
f 5035 5038 5036
f 5038 5039 5036
f 5036 5039 5034
f 5039 5037 5034
f 5038 5041 5039
f 5041 5042 5039
f 5039 5042 5037
f 5042 5040 5037
f 5041 5044 5042
f 5044 5045 5042
f 5042 5045 5040
f 5045 5043 5040
f 5044 5047 5045
f 5047 5048 5045
f 5045 5048 5043
f 5048 5046 5043
f 5047 5050 5048
f 5050 5051 5048
f 5048 5051 5046
f 5051 5049 5046
f 5050 5053 5051
f 5053 5054 5051
f 5051 5054 5049
f 5054 5052 5049
f 5053 5056 5054
f 5056 5057 5054
f 5054 5057 5052
f 5057 5055 5052
f 5034 4916 5059
f 4916 5019 5059
f 4904 4903 4901
f 4903 4900 4901
f 5058 5035 5060
f 5035 5036 5060
o Part.7
v 6.404 15.98 0.996
v 4.996 15.98 2.404
v 3.004 15.98 2.404
v 1.596 15.98 0.996
v 1.596 20.8 0.996
v 3.004 20.8 2.404
v 4.996 20.8 2.404
v 5.6 20.8 1.794
v 4.801 20.8 1.2
v 4.575 20.8 1.387
v 3.425 20.8 1.387
v 2.613 20.8 0.575
v 1.596 17.8 0.996
v 3.004 17.8 2.404
v 4.996 17.8 2.404
v 6.404 17.8 0.996
v 2.613 15.98 0.575
v 3.425 15.98 1.387
v 4.575 15.98 1.387
v 4.801 15.98 1.2
v 7 15.98 3.96
v 7 14 3.96
v 0.76 10.091 0.459
v 0.76 10.351 0.849
v 0.76 10.741 1.109
v 0.76 11.2 1.2
v 0.76 11.659 1.109
v 0.76 12.049 0.849
v 0.76 12.309 0.459
v 0.76 11.2 3.599
v 4.3 12.309 0.459
v 4.3 12.049 0.849
v 4.3 11.659 1.109
v 4.3 11.2 1.2
v 4.3 10.741 1.109
v 4.3 10.351 0.849
v 4.3 10.091 0.459
v 0.76 7.724 0.931
v 0.76 8.084 1.799
v 0.76 8.655 2.545
v 0.76 9.401 3.116
v 0.76 10.269 3.476
v 0.76 12.131 3.476
v 0.76 12.999 3.116
v 0.76 13.745 2.545
v 0.76 14.316 1.799
v 0.76 14.676 0.931
v 7 14 2.213
v 7 14.316 1.799
v 0.76 14 2.213
v 7 14.676 0.931
v -6.404 15.98 0.996
v -4.996 15.98 2.404
v -3.004 15.98 2.404
v -1.596 15.98 0.996
v -1.596 20.8 0.996
v -3.004 20.8 2.404
v -4.996 20.8 2.404
v -5.6 20.8 1.794
v -4.801 20.8 1.2
v -4.575 20.8 1.387
v -3.425 20.8 1.387
v -2.613 20.8 0.575
v -1.596 17.8 0.996
v -3.004 17.8 2.404
v -4.996 17.8 2.404
v -6.404 17.8 0.996
v -2.613 15.98 0.575
v -3.425 15.98 1.387
v -4.575 15.98 1.387
v -4.801 15.98 1.2
v -7 15.98 3.96
v -7 14 3.96
v -0.76 10.091 0.459
v -0.76 10.351 0.849
v -0.76 10.741 1.109
v -0.76 11.2 1.2
v -0.76 11.659 1.109
v -0.76 12.049 0.849
v -0.76 12.309 0.459
v -0.76 11.2 3.599
v 0 14 3.96
v 0 15.98 3.96
v -4.3 12.309 0.459
v -4.3 12.049 0.849
v -4.3 11.659 1.109
v -4.3 11.2 1.2
v -4.3 10.741 1.109
v -4.3 10.351 0.849
v -4.3 10.091 0.459
v -0.76 7.724 0.931
v -0.76 8.084 1.799
v -0.76 8.655 2.545
v -0.76 9.401 3.116
v -0.76 10.269 3.476
v -0.76 12.131 3.476
v -0.76 12.999 3.116
v -0.76 13.745 2.545
v -0.76 14.316 1.799
v -0.76 14.676 0.931
v -7 14 2.213
v -7 14.316 1.799
v -0.76 14 2.213
v 0 11.2 3.599
v 0 7.724 0.931
v 0 8.084 1.799
v 0 8.655 2.545
v 0 9.401 3.116
v 0 10.269 3.476
v 0 12.131 3.476
v 0 12.999 3.116
v 0 13.745 2.545
v 0 14 2.213
v -7 14.676 0.931
v 6.404 15.98 -0.996
v 4.996 15.98 -2.404
v 3.004 15.98 -2.404
v 1.596 15.98 -0.996
v 1.596 20.8 -0.996
v 3.004 20.8 -2.404
v 4.996 20.8 -2.404
v 5.6 20.8 -1.794
v 4.801 20.8 -1.2
v 4.575 20.8 -1.387
v 3.425 20.8 -1.387
v 2.613 20.8 -0.575
v 1.596 17.8 -0.996
v 3.004 17.8 -2.404
v 4.996 17.8 -2.404
v 6.404 17.8 -0.996
v 2.613 15.98 -0.575
v 3.425 15.98 -1.387
v 4.575 15.98 -1.387
v 4.801 15.98 -1.2
v 7 15.98 -3.96
v 7 14 -3.96
v 4.3 11.2 0
v 0.76 10 0
v 0.76 10.091 -0.459
v 0.76 10.351 -0.849
v 0.76 10.741 -1.109
v 0.76 11.2 -1.2
v 0.76 11.659 -1.109
v 0.76 12.049 -0.849
v 0.76 12.309 -0.459
v 0.76 12.4 0
v 2.613 15.98 0
v 1.596 17.8 0
v 2.613 20.8 0
v 1.596 20.8 0
v 1.596 15.98 0
v 4.801 15.98 0
v 6.404 17.8 0
v 4.801 20.8 0
v 5.6 20.8 0
v 6.404 15.98 0
v 0.76 11.2 -3.599
v 4.3 12.4 0
v 4.3 12.309 -0.459
v 4.3 12.049 -0.849
v 4.3 11.659 -1.109
v 4.3 11.2 -1.2
v 4.3 10.741 -1.109
v 4.3 10.351 -0.849
v 4.3 10.091 -0.459
v 4.3 10 0
v 7 15.98 0
v 0.76 7.601 0
v 0.76 7.724 -0.931
v 0.76 8.084 -1.799
v 0.76 8.655 -2.545
v 0.76 9.401 -3.116
v 0.76 10.269 -3.476
v 0.76 12.131 -3.476
v 0.76 12.999 -3.116
v 0.76 13.745 -2.545
v 0.76 14.316 -1.799
v 0.76 14.676 -0.931
v 0.76 14.799 0
v 7 14 -2.213
v 7 14.316 -1.799
v 0.76 14 -2.213
v 7 14.676 -0.931
v 7 14.799 0
v -6.404 15.98 -0.996
v -4.996 15.98 -2.404
v -3.004 15.98 -2.404
v -1.596 15.98 -0.996
v -1.596 20.8 -0.996
v -3.004 20.8 -2.404
v -4.996 20.8 -2.404
v -5.6 20.8 -1.794
v -4.801 20.8 -1.2
v -4.575 20.8 -1.387
v -3.425 20.8 -1.387
v -2.613 20.8 -0.575
v -1.596 17.8 -0.996
v -3.004 17.8 -2.404
v -4.996 17.8 -2.404
v -6.404 17.8 -0.996
v -2.613 15.98 -0.575
v -3.425 15.98 -1.387
v -4.575 15.98 -1.387
v -4.801 15.98 -1.2
v -7 15.98 -3.96
v -7 14 -3.96
v 0 15.98 0
v -4.3 11.2 0
v -0.76 10 0
v -0.76 10.091 -0.459
v -0.76 10.351 -0.849
v -0.76 10.741 -1.109
v -0.76 11.2 -1.2
v -0.76 11.659 -1.109
v -0.76 12.049 -0.849
v -0.76 12.309 -0.459
v -0.76 12.4 0
v -2.613 15.98 0
v -1.596 17.8 0
v -2.613 20.8 0
v -1.596 20.8 0
v -1.596 15.98 0
v -4.801 15.98 0
v -6.404 17.8 0
v -4.801 20.8 0
v -5.6 20.8 0
v -6.404 15.98 0
v -0.76 11.2 -3.599
v 0 14 -3.96
v 0 15.98 -3.96
v -4.3 12.4 0
v -4.3 12.309 -0.459
v -4.3 12.049 -0.849
v -4.3 11.659 -1.109
v -4.3 11.2 -1.2
v -4.3 10.741 -1.109
v -4.3 10.351 -0.849
v -4.3 10.091 -0.459
v -4.3 10 0
v -7 15.98 0
v -0.76 7.601 0
v -0.76 7.724 -0.931
v -0.76 8.084 -1.799
v -0.76 8.655 -2.545
v -0.76 9.401 -3.116
v -0.76 10.269 -3.476
v -0.76 12.131 -3.476
v -0.76 12.999 -3.116
v -0.76 13.745 -2.545
v -0.76 14.316 -1.799
v -0.76 14.676 -0.931
v -0.76 14.799 0
v -7 14 -2.213
v -7 14.316 -1.799
v -0.76 14 -2.213
v 0 11.2 -3.599
v 0 7.601 0
v 0 7.724 -0.931
v 0 8.084 -1.799
v 0 8.655 -2.545
v 0 9.401 -3.116
v 0 10.269 -3.476
v 0 12.131 -3.476
v 0 12.999 -3.116
v 0 13.745 -2.545
v 0 14 -2.213
v -7 14.676 -0.931
v -7 14.799 0
v 6.404 15.98 0
v 6.404 15.98 0.996
v 6.404 15.98 0.996
v 4.996 15.98 2.404
v 4.996 15.98 2.404
v 3.004 15.98 2.404
v 3.004 15.98 2.404
v 1.596 15.98 0.996
v 1.596 15.98 0.996
v 1.596 20.8 0
v 1.596 20.8 0.996
v 1.596 20.8 0.996
v 3.004 20.8 2.404
v 3.004 20.8 2.404
v 4.996 20.8 2.404
v 4.996 20.8 2.404
v 5.6 20.8 1.794
v 5.6 20.8 1.794
v 4.801 20.8 0
v 4.801 20.8 1.2
v 4.801 20.8 1.2
v 4.575 20.8 1.387
v 4.575 20.8 1.387
v 3.425 20.8 1.387
v 3.425 20.8 1.387
v 2.613 20.8 0.575
v 2.613 20.8 0.575
v 1.596 17.8 0.996
v 3.004 17.8 2.404
v 4.996 17.8 2.404
v 6.404 17.8 0.996
v 6.404 17.8 0.996
v 2.613 15.98 0.575
v 2.613 15.98 0.575
v 2.613 15.98 0
v 3.425 15.98 1.387
v 3.425 15.98 1.387
v 4.575 15.98 1.387
v 4.575 15.98 1.387
v 4.801 15.98 1.2
v 4.801 15.98 1.2
v 7 15.98 3.96
v 7 15.98 3.96
v 7 14 3.96
v 7 14 3.96
v 0.76 10.091 0.459
v 0.76 10.351 0.849
v 0.76 10.741 1.109
v 0.76 11.2 1.2
v 0.76 11.659 1.109
v 0.76 12.049 0.849
v 0.76 12.309 0.459
v 0.76 12.4 0
v 0.76 8.655 2.545
v 0.76 8.084 1.799
v 7 15.98 0
v 4.801 15.98 0
v 2.613 20.8 0
v 1.596 15.98 0
v 6.404 17.8 0
v 5.6 20.8 0
v 0.76 10 0
v 0.76 9.401 3.116
v 0 14 3.96
v 0.76 7.724 0.931
v 0.76 7.601 0
v 4.3 12.309 0.459
v 4.3 12.4 0
v 4.3 12.049 0.849
v 4.3 11.659 1.109
v 4.3 11.2 1.2
v 4.3 10.741 1.109
v 4.3 10.351 0.849
v 4.3 10.091 0.459
v 4.3 10 0
v 0 15.98 3.96
v 0.76 10.269 3.476
v 0.76 11.2 3.599
v 0.76 12.131 3.476
v 0.76 12.999 3.116
v 0.76 13.745 2.545
v 0.76 14 2.213
v 0.76 14 2.213
v 0.76 14 2.213
v 0.76 14.316 1.799
v 0.76 14.676 0.931
v 0.76 14.799 0
v 7 14.676 0.931
v 7 14.799 0
v 7 14 2.213
v 7 14 2.213
v 7 14.316 1.799
v 0 14 2.213
v -6.404 15.98 0
v -6.404 15.98 0.996
v -6.404 15.98 0.996
v -4.996 15.98 2.404
v -4.996 15.98 2.404
v -3.004 15.98 2.404
v -3.004 15.98 2.404
v -1.596 15.98 0.996
v -1.596 15.98 0.996
v -1.596 20.8 0
v -1.596 20.8 0.996
v -1.596 20.8 0.996
v -3.004 20.8 2.404
v -3.004 20.8 2.404
v -4.996 20.8 2.404
v -4.996 20.8 2.404
v -5.6 20.8 1.794
v -5.6 20.8 1.794
v -4.801 20.8 0
v -4.801 20.8 1.2
v -4.801 20.8 1.2
v -4.575 20.8 1.387
v -4.575 20.8 1.387
v -3.425 20.8 1.387
v -3.425 20.8 1.387
v -2.613 20.8 0.575
v -2.613 20.8 0.575
v -1.596 17.8 0.996
v -3.004 17.8 2.404
v -4.996 17.8 2.404
v -6.404 17.8 0.996
v -6.404 17.8 0.996
v -2.613 15.98 0.575
v -2.613 15.98 0.575
v -2.613 15.98 0
v -3.425 15.98 1.387
v -3.425 15.98 1.387
v -4.575 15.98 1.387
v -4.575 15.98 1.387
v -4.801 15.98 1.2
v -4.801 15.98 1.2
v -7 15.98 3.96
v -7 15.98 3.96
v -7 14 3.96
v -7 14 3.96
v -0.76 10.091 0.459
v -0.76 10.351 0.849
v -0.76 10.741 1.109
v -0.76 11.2 1.2
v -0.76 11.659 1.109
v -0.76 12.049 0.849
v -0.76 12.309 0.459
v -0.76 12.4 0
v -0.76 8.655 2.545
v -0.76 8.084 1.799
v -7 15.98 0
v -4.801 15.98 0
v -2.613 20.8 0
v -1.596 15.98 0
v -6.404 17.8 0
v -5.6 20.8 0
v -0.76 10 0
v -0.76 9.401 3.116
v -0.76 7.724 0.931
v -0.76 7.601 0
v -4.3 12.309 0.459
v -4.3 12.4 0
v -4.3 12.049 0.849
v -4.3 11.659 1.109
v -4.3 11.2 1.2
v -4.3 10.741 1.109
v -4.3 10.351 0.849
v -4.3 10.091 0.459
v -4.3 10 0
v -0.76 10.269 3.476
v -0.76 11.2 3.599
v -0.76 12.131 3.476
v -0.76 12.999 3.116
v -0.76 13.745 2.545
v -0.76 14 2.213
v -0.76 14 2.213
v -0.76 14 2.213
v -0.76 14.316 1.799
v -0.76 14.676 0.931
v -0.76 14.799 0
v -7 14.676 0.931
v -7 14.799 0
v -7 14 2.213
v -7 14 2.213
v -7 14.316 1.799
v 6.404 15.98 -0.996
v 6.404 15.98 -0.996
v 4.996 15.98 -2.404
v 4.996 15.98 -2.404
v 3.004 15.98 -2.404
v 3.004 15.98 -2.404
v 1.596 15.98 -0.996
v 1.596 15.98 -0.996
v 1.596 20.8 -0.996
v 1.596 20.8 -0.996
v 3.004 20.8 -2.404
v 3.004 20.8 -2.404
v 4.996 20.8 -2.404
v 4.996 20.8 -2.404
v 5.6 20.8 -1.794
v 5.6 20.8 -1.794
v 4.801 20.8 -1.2
v 4.801 20.8 -1.2
v 4.575 20.8 -1.387
v 4.575 20.8 -1.387
v 3.425 20.8 -1.387
v 3.425 20.8 -1.387
v 2.613 20.8 -0.575
v 2.613 20.8 -0.575
v 1.596 17.8 -0.996
v 3.004 17.8 -2.404
v 4.996 17.8 -2.404
v 6.404 17.8 -0.996
v 6.404 17.8 -0.996
v 2.613 15.98 -0.575
v 2.613 15.98 -0.575
v 3.425 15.98 -1.387
v 3.425 15.98 -1.387
v 4.575 15.98 -1.387
v 4.575 15.98 -1.387
v 4.801 15.98 -1.2
v 4.801 15.98 -1.2
v 7 15.98 -3.96
v 7 15.98 -3.96
v 7 14 -3.96
v 7 14 -3.96
v 0.76 10.091 -0.459
v 0.76 10.351 -0.849
v 0.76 10.741 -1.109
v 0.76 11.2 -1.2
v 0.76 11.659 -1.109
v 0.76 12.049 -0.849
v 0.76 12.309 -0.459
v 0.76 8.655 -2.545
v 0.76 8.084 -1.799
v 0.76 9.401 -3.116
v 0 14 -3.96
v 0.76 7.724 -0.931
v 4.3 12.309 -0.459
v 4.3 12.049 -0.849
v 4.3 11.659 -1.109
v 4.3 11.2 -1.2
v 4.3 10.741 -1.109
v 4.3 10.351 -0.849
v 4.3 10.091 -0.459
v 0 15.98 -3.96
v 0.76 10.269 -3.476
v 0.76 11.2 -3.599
v 0.76 12.131 -3.476
v 0.76 12.999 -3.116
v 0.76 13.745 -2.545
v 0.76 14 -2.213
v 0.76 14 -2.213
v 0.76 14 -2.213
v 0.76 14.316 -1.799
v 0.76 14.676 -0.931
v 7 14.676 -0.931
v 7 14 -2.213
v 7 14 -2.213
v 7 14.316 -1.799
v 0 14 -2.213
v -6.404 15.98 -0.996
v -6.404 15.98 -0.996
v -4.996 15.98 -2.404
v -4.996 15.98 -2.404
v -3.004 15.98 -2.404
v -3.004 15.98 -2.404
v -1.596 15.98 -0.996
v -1.596 15.98 -0.996
v -1.596 20.8 -0.996
v -1.596 20.8 -0.996
v -3.004 20.8 -2.404
v -3.004 20.8 -2.404
v -4.996 20.8 -2.404
v -4.996 20.8 -2.404
v -5.6 20.8 -1.794
v -5.6 20.8 -1.794
v -4.801 20.8 -1.2
v -4.801 20.8 -1.2
v -4.575 20.8 -1.387
v -4.575 20.8 -1.387
v -3.425 20.8 -1.387
v -3.425 20.8 -1.387
v -2.613 20.8 -0.575
v -2.613 20.8 -0.575
v -1.596 17.8 -0.996
v -3.004 17.8 -2.404
v -4.996 17.8 -2.404
v -6.404 17.8 -0.996
v -6.404 17.8 -0.996
v -2.613 15.98 -0.575
v -2.613 15.98 -0.575
v -3.425 15.98 -1.387
v -3.425 15.98 -1.387
v -4.575 15.98 -1.387
v -4.575 15.98 -1.387
v -4.801 15.98 -1.2
v -4.801 15.98 -1.2
v -7 15.98 -3.96
v -7 15.98 -3.96
v -7 14 -3.96
v -7 14 -3.96
v -0.76 10.091 -0.459
v -0.76 10.351 -0.849
v -0.76 10.741 -1.109
v -0.76 11.2 -1.2
v -0.76 11.659 -1.109
v -0.76 12.049 -0.849
v -0.76 12.309 -0.459
v -0.76 8.655 -2.545
v -0.76 8.084 -1.799
v -0.76 9.401 -3.116
v -0.76 7.724 -0.931
v -4.3 12.309 -0.459
v -4.3 12.049 -0.849
v -4.3 11.659 -1.109
v -4.3 11.2 -1.2
v -4.3 10.741 -1.109
v -4.3 10.351 -0.849
v -4.3 10.091 -0.459
v -0.76 10.269 -3.476
v -0.76 11.2 -3.599
v -0.76 12.131 -3.476
v -0.76 12.999 -3.116
v -0.76 13.745 -2.545
v -0.76 14 -2.213
v -0.76 14 -2.213
v -0.76 14 -2.213
v -0.76 14.316 -1.799
v -0.76 14.676 -0.931
v -7 14.676 -0.931
v -7 14 -2.213
v -7 14 -2.213
v -7 14.316 -1.799
vt 0.875 0.262
vt 0.885 0.262
vt 0.868 0.262
vt 0.885 0.262
vt 0.872 0.262
vt 0.868 0.262
vt 0.875 0.262
vt 0.868 0.262
vt 0.842 0.262
vt 0.868 0.262
vt 0.849 0.262
vt 0.842 0.262
vt 0.818 0.262
vt 0.842 0.262
vt 0.835 0.262
vt 0.842 0.262
vt 0.849 0.262
vt 0.835 0.262
vt 0.818 0.262
vt 0.818 0.262
vt 0.835 0.262
vt 0.818 0.262
vt 0.835 0.262
vt 0.835 0.262
vt 0.842 0.181
vt 0.842 0.212
vt 0.818 0.181
vt 0.842 0.212
vt 0.818 0.212
vt 0.818 0.181
vt 0.842 0.212
vt 0.842 0.262
vt 0.818 0.212
vt 0.842 0.262
vt 0.818 0.262
vt 0.818 0.212
vt 0.842 0.181
vt 0.875 0.181
vt 0.842 0.212
vt 0.875 0.181
vt 0.875 0.212
vt 0.842 0.212
vt 0.842 0.212
vt 0.875 0.212
vt 0.842 0.262
vt 0.875 0.212
vt 0.875 0.262
vt 0.842 0.262
vt 0.898 0.181
vt 0.898 0.212
vt 0.875 0.181
vt 0.898 0.212
vt 0.875 0.212
vt 0.875 0.181
vt 0.898 0.212
vt 0.885 0.262
vt 0.875 0.212
vt 0.885 0.262
vt 0.875 0.262
vt 0.875 0.212
vt 0.898 0.181
vt 0.898 0.212
vt 0.898 0.181
vt 0.898 0.212
vt 0.898 0.212
vt 0.898 0.181
vt 0.898 0.212
vt 0.885 0.262
vt 0.898 0.212
vt 0.885 0.262
vt 0.885 0.262
vt 0.898 0.212
vt 0.835 0.262
vt 0.835 0.262
vt 0.835 0.181
vt 0.835 0.262
vt 0.835 0.181
vt 0.835 0.181
vt 0.835 0.262
vt 0.849 0.262
vt 0.835 0.181
vt 0.849 0.262
vt 0.849 0.181
vt 0.835 0.181
vt 0.868 0.262
vt 0.868 0.181
vt 0.849 0.262
vt 0.868 0.181
vt 0.849 0.181
vt 0.849 0.262
vt 0.868 0.262
vt 0.872 0.262
vt 0.868 0.181
vt 0.872 0.262
vt 0.872 0.181
vt 0.868 0.181
vt 0.863 0.087
vt 0.863 0.093
vt 0.804 0.087
vt 0.863 0.093
vt 0.804 0.093
vt 0.804 0.087
vt 0.863 0.081
vt 0.863 0.082
vt 0.804 0.081
vt 0.863 0.082
vt 0.804 0.082
vt 0.804 0.081
vt 0.863 0.12
vt 0.863 0.121
vt 0.804 0.12
vt 0.863 0.121
vt 0.804 0.121
vt 0.804 0.12
vt 0.863 0.109
vt 0.863 0.115
vt 0.804 0.109
vt 0.863 0.115
vt 0.804 0.115
vt 0.804 0.109
vt 0.863 0.093
vt 0.863 0.101
vt 0.804 0.093
vt 0.863 0.101
vt 0.804 0.101
vt 0.804 0.093
vt 0.863 0.082
vt 0.863 0.087
vt 0.804 0.082
vt 0.863 0.087
vt 0.804 0.087
vt 0.804 0.082
vt 0.863 0.115
vt 0.863 0.12
vt 0.804 0.115
vt 0.863 0.12
vt 0.804 0.12
vt 0.804 0.115
vt 0.863 0.101
vt 0.863 0.109
vt 0.804 0.101
vt 0.863 0.109
vt 0.804 0.109
vt 0.804 0.101
vt 0.863 0.082
vt 0.863 0.081
vt 0.863 0.101
vt 0.863 0.121
vt 0.863 0.12
vt 0.863 0.101
vt 0.863 0.109
vt 0.863 0.101
vt 0.863 0.101
vt 0.835 0.181
vt 0.849 0.181
vt 0.872 0.181
vt 0.863 0.087
vt 0.863 0.082
vt 0.863 0.101
vt 0.872 0.262
vt 0.872 0.262
vt 0.872 0.181
vt 0.872 0.262
vt 0.872 0.181
vt 0.872 0.181
vt 0.885 0.262
vt 0.885 0.262
vt 0.872 0.262
vt 0.885 0.262
vt 0.872 0.262
vt 0.872 0.262
vt 0.818 0.212
vt 0.818 0.262
vt 0.818 0.212
vt 0.818 0.262
vt 0.818 0.262
vt 0.818 0.212
vt 0.818 0.181
vt 0.818 0.212
vt 0.818 0.181
vt 0.818 0.212
vt 0.818 0.212
vt 0.818 0.181
vt 0.863 0.101
vt 0.863 0.093
vt 0.863 0.101
vt 0.863 0.12
vt 0.863 0.115
vt 0.863 0.101
vt 0.863 0.093
vt 0.863 0.087
vt 0.863 0.101
vt 0.863 0.115
vt 0.863 0.109
vt 0.863 0.101
vt 0.872 0.181
vt 0.872 0.181
vt 0.868 0.181
vt 0.888 0.868
vt 0.888 0.992
vt 0.449 0.868
vt 0.888 0.992
vt 0.449 0.992
vt 0.449 0.868
vt 0.872 0.181
vt 0.849 0.181
vt 0.868 0.181
vt 0.835 0.181
vt 0.872 0.181
vt 0.835 0.181
vt 0.875 0.181
vt 0.842 0.181
vt 0.908 0.181
vt 0.875 0.181
vt 0.908 0.181
vt 0.898 0.181
vt 0.898 0.181
vt 0.908 0.181
vt 0.908 0.181
vt 0.842 0.181
vt 0.818 0.181
vt 0.791 0.181
vt 0.898 0.181
vt 0.898 0.181
vt 0.908 0.181
vt 0.842 0.181
vt 0.791 0.181
vt 0.908 0.181
vt 0.791 0.181
vt 0.818 0.181
vt 0.818 0.181
vt 0.818 0.181
vt 0.791 0.181
vt 0.791 0.181
vt 0.804 0.087
vt 0.804 0.093
vt 0.804 0.071
vt 0.804 0.093
vt 0.804 0.085
vt 0.804 0.071
vt 0.804 0.115
vt 0.804 0.12
vt 0.804 0.153
vt 0.804 0.12
vt 0.804 0.159
vt 0.804 0.153
vt 0.804 0.082
vt 0.804 0.049
vt 0.804 0.043
vt 0.804 0.081
vt 0.804 0.082
vt 0.804 0.041
vt 0.804 0.082
vt 0.804 0.043
vt 0.804 0.041
vt 0.804 0.12
vt 0.804 0.121
vt 0.804 0.159
vt 0.804 0.121
vt 0.804 0.161
vt 0.804 0.159
vt 0.804 0.087
vt 0.804 0.071
vt 0.804 0.058
vt 0.804 0.131
vt 0.804 0.117
vt 0.804 0.109
vt 0.804 0.109
vt 0.804 0.117
vt 0.804 0.101
vt 0.804 0.117
vt 0.804 0.101
vt 0.804 0.101
vt 0.804 0.101
vt 0.804 0.085
vt 0.804 0.101
vt 0.804 0.085
vt 0.804 0.093
vt 0.804 0.101
vt 0.804 0.082
vt 0.804 0.087
vt 0.804 0.049
vt 0.804 0.087
vt 0.804 0.058
vt 0.804 0.049
vt 0.804 0.148
vt 0.804 0.144
vt 0.804 0.115
vt 0.804 0.131
vt 0.804 0.109
vt 0.804 0.144
vt 0.804 0.109
vt 0.804 0.115
vt 0.804 0.144
vt 0.497 0.852
vt 0.497 0.868
vt 0.449 0.852
vt 0.497 0.868
vt 0.449 0.868
vt 0.449 0.852
vt 0.804 0.115
vt 0.804 0.153
vt 0.804 0.148
vt 0.908 0.148
vt 0.791 0.148
vt 0.908 0.148
vt 0.791 0.148
vt 0.804 0.148
vt 0.908 0.148
vt 0.497 0.805
vt 0.497 0.852
vt 0.449 0.805
vt 0.497 0.852
vt 0.449 0.852
vt 0.449 0.805
vt 0.497 0.75
vt 0.497 0.805
vt 0.449 0.75
vt 0.497 0.805
vt 0.449 0.805
vt 0.449 0.75
vt 0.497 0.692
vt 0.497 0.75
vt 0.449 0.692
vt 0.497 0.75
vt 0.449 0.75
vt 0.449 0.692
vt 0.497 0.633
vt 0.497 0.692
vt 0.449 0.633
vt 0.497 0.692
vt 0.449 0.692
vt 0.449 0.633
vt 0.497 0.579
vt 0.497 0.633
vt 0.449 0.579
vt 0.497 0.633
vt 0.449 0.633
vt 0.449 0.579
vt 0.497 0.474
vt 0.497 0.496
vt 0.449 0.474
vt 0.497 0.496
vt 0.449 0.496
vt 0.449 0.474
vt 0.497 0.466
vt 0.497 0.474
vt 0.449 0.466
vt 0.497 0.474
vt 0.449 0.474
vt 0.449 0.466
vt 0.497 0.532
vt 0.497 0.579
vt 0.449 0.532
vt 0.497 0.579
vt 0.449 0.579
vt 0.449 0.532
vt 0.497 0.496
vt 0.497 0.532
vt 0.449 0.496
vt 0.497 0.532
vt 0.449 0.532
vt 0.449 0.496
vt 0.791 0.148
vt 0.791 0.148
vt 0.804 0.148
vt 0.804 0.159
vt 0.804 0.161
vt 0.908 0.159
vt 0.804 0.161
vt 0.908 0.161
vt 0.908 0.159
vt 0.804 0.153
vt 0.804 0.159
vt 0.908 0.153
vt 0.804 0.159
vt 0.908 0.159
vt 0.908 0.153
vt 0.804 0.148
vt 0.804 0.153
vt 0.908 0.148
vt 0.804 0.153
vt 0.908 0.153
vt 0.908 0.148
vt 0.16 0.048
vt 0.024 0.153
vt 0.134 0.028
vt 0.214 0.071
vt 0.024 0.153
vt 0.16 0.048
vt 0.273 0.079
vt 0.273 0.153
vt 0.214 0.071
vt 0.024 0.153
vt 0.024 0.028
vt 0.134 0.028
vt 0.273 0.153
vt 0.024 0.153
vt 0.214 0.071
vt 0.708 0.262
vt 0.715 0.262
vt 0.698 0.262
vt 0.715 0.262
vt 0.711 0.262
vt 0.698 0.262
vt 0.708 0.262
vt 0.741 0.262
vt 0.715 0.262
vt 0.741 0.262
vt 0.734 0.262
vt 0.715 0.262
vt 0.765 0.262
vt 0.748 0.262
vt 0.741 0.262
vt 0.748 0.262
vt 0.734 0.262
vt 0.741 0.262
vt 0.765 0.262
vt 0.748 0.262
vt 0.765 0.262
vt 0.748 0.262
vt 0.748 0.262
vt 0.765 0.262
vt 0.741 0.181
vt 0.765 0.181
vt 0.741 0.212
vt 0.765 0.181
vt 0.765 0.212
vt 0.741 0.212
vt 0.741 0.212
vt 0.765 0.212
vt 0.741 0.262
vt 0.765 0.212
vt 0.765 0.262
vt 0.741 0.262
vt 0.741 0.181
vt 0.741 0.212
vt 0.708 0.181
vt 0.741 0.212
vt 0.708 0.212
vt 0.708 0.181
vt 0.741 0.212
vt 0.741 0.262
vt 0.708 0.212
vt 0.741 0.262
vt 0.708 0.262
vt 0.708 0.212
vt 0.684 0.181
vt 0.708 0.181
vt 0.684 0.212
vt 0.708 0.181
vt 0.708 0.212
vt 0.684 0.212
vt 0.684 0.212
vt 0.708 0.212
vt 0.698 0.262
vt 0.708 0.212
vt 0.708 0.262
vt 0.698 0.262
vt 0.684 0.181
vt 0.684 0.181
vt 0.684 0.212
vt 0.684 0.181
vt 0.684 0.212
vt 0.684 0.212
vt 0.684 0.212
vt 0.684 0.212
vt 0.698 0.262
vt 0.684 0.212
vt 0.698 0.262
vt 0.698 0.262
vt 0.748 0.262
vt 0.748 0.181
vt 0.748 0.262
vt 0.748 0.181
vt 0.748 0.181
vt 0.748 0.262
vt 0.748 0.262
vt 0.748 0.181
vt 0.734 0.262
vt 0.748 0.181
vt 0.734 0.181
vt 0.734 0.262
vt 0.715 0.262
vt 0.734 0.262
vt 0.715 0.181
vt 0.734 0.262
vt 0.734 0.181
vt 0.715 0.181
vt 0.715 0.262
vt 0.715 0.181
vt 0.711 0.262
vt 0.715 0.181
vt 0.711 0.181
vt 0.711 0.262
vt 0.719 0.087
vt 0.779 0.087
vt 0.719 0.093
vt 0.779 0.087
vt 0.779 0.093
vt 0.719 0.093
vt 0.719 0.081
vt 0.779 0.081
vt 0.719 0.082
vt 0.779 0.081
vt 0.779 0.082
vt 0.719 0.082
vt 0.719 0.12
vt 0.779 0.12
vt 0.719 0.121
vt 0.779 0.12
vt 0.779 0.121
vt 0.719 0.121
vt 0.719 0.109
vt 0.779 0.109
vt 0.719 0.115
vt 0.779 0.109
vt 0.779 0.115
vt 0.719 0.115
vt 0.719 0.093
vt 0.779 0.093
vt 0.719 0.101
vt 0.779 0.093
vt 0.779 0.101
vt 0.719 0.101
vt 0.719 0.082
vt 0.779 0.082
vt 0.719 0.087
vt 0.779 0.082
vt 0.779 0.087
vt 0.719 0.087
vt 0.719 0.115
vt 0.779 0.115
vt 0.719 0.12
vt 0.779 0.115
vt 0.779 0.12
vt 0.719 0.12
vt 0.719 0.101
vt 0.779 0.101
vt 0.719 0.109
vt 0.779 0.101
vt 0.779 0.109
vt 0.719 0.109
vt 0.719 0.082
vt 0.719 0.101
vt 0.719 0.081
vt 0.719 0.121
vt 0.719 0.101
vt 0.719 0.12
vt 0.719 0.109
vt 0.719 0.101
vt 0.719 0.101
vt 0.748 0.181
vt 0.711 0.181
vt 0.734 0.181
vt 0.719 0.087
vt 0.719 0.101
vt 0.719 0.082
vt 0.711 0.262
vt 0.711 0.181
vt 0.711 0.262
vt 0.711 0.181
vt 0.711 0.181
vt 0.711 0.262
vt 0.698 0.262
vt 0.711 0.262
vt 0.698 0.262
vt 0.711 0.262
vt 0.711 0.262
vt 0.698 0.262
vt 0.765 0.212
vt 0.765 0.212
vt 0.765 0.262
vt 0.765 0.212
vt 0.765 0.262
vt 0.765 0.262
vt 0.765 0.181
vt 0.765 0.181
vt 0.765 0.212
vt 0.765 0.181
vt 0.765 0.212
vt 0.765 0.212
vt 0.719 0.101
vt 0.719 0.101
vt 0.719 0.093
vt 0.719 0.12
vt 0.719 0.101
vt 0.719 0.115
vt 0.719 0.093
vt 0.719 0.101
vt 0.719 0.087
vt 0.719 0.115
vt 0.719 0.101
vt 0.719 0.109
vt 0.711 0.181
vt 0.715 0.181
vt 0.711 0.181
vt 0.009 0.868
vt 0.449 0.868
vt 0.009 0.992
vt 0.449 0.868
vt 0.449 0.992
vt 0.009 0.992
vt 0.711 0.181
vt 0.715 0.181
vt 0.734 0.181
vt 0.748 0.181
vt 0.748 0.181
vt 0.711 0.181
vt 0.708 0.181
vt 0.674 0.181
vt 0.741 0.181
vt 0.708 0.181
vt 0.684 0.181
vt 0.674 0.181
vt 0.684 0.181
vt 0.674 0.181
vt 0.674 0.181
vt 0.741 0.181
vt 0.791 0.181
vt 0.765 0.181
vt 0.684 0.181
vt 0.674 0.181
vt 0.684 0.181
vt 0.741 0.181
vt 0.674 0.181
vt 0.791 0.181
vt 0.791 0.181
vt 0.765 0.181
vt 0.765 0.181
vt 0.765 0.181
vt 0.791 0.181
vt 0.791 0.181
vt 0.779 0.087
vt 0.779 0.071
vt 0.779 0.093
vt 0.779 0.071
vt 0.779 0.085
vt 0.779 0.093
vt 0.779 0.115
vt 0.779 0.153
vt 0.779 0.12
vt 0.779 0.153
vt 0.779 0.159
vt 0.779 0.12
vt 0.779 0.082
vt 0.779 0.043
vt 0.779 0.049
vt 0.779 0.081
vt 0.779 0.041
vt 0.779 0.082
vt 0.779 0.041
vt 0.779 0.043
vt 0.779 0.082
vt 0.779 0.12
vt 0.779 0.159
vt 0.779 0.121
vt 0.779 0.159
vt 0.779 0.161
vt 0.779 0.121
vt 0.779 0.087
vt 0.779 0.058
vt 0.779 0.071
vt 0.779 0.131
vt 0.779 0.109
vt 0.779 0.117
vt 0.779 0.109
vt 0.779 0.101
vt 0.779 0.117
vt 0.779 0.101
vt 0.779 0.101
vt 0.779 0.117
vt 0.779 0.101
vt 0.779 0.101
vt 0.779 0.085
vt 0.779 0.101
vt 0.779 0.093
vt 0.779 0.085
vt 0.779 0.082
vt 0.779 0.049
vt 0.779 0.087
vt 0.779 0.049
vt 0.779 0.058
vt 0.779 0.087
vt 0.779 0.148
vt 0.779 0.115
vt 0.779 0.144
vt 0.779 0.131
vt 0.779 0.144
vt 0.779 0.109
vt 0.779 0.144
vt 0.779 0.115
vt 0.779 0.109
vt 0.401 0.852
vt 0.449 0.852
vt 0.401 0.868
vt 0.449 0.852
vt 0.449 0.868
vt 0.401 0.868
vt 0.779 0.115
vt 0.779 0.148
vt 0.779 0.153
vt 0.674 0.148
vt 0.674 0.148
vt 0.791 0.148
vt 0.674 0.148
vt 0.779 0.148
vt 0.791 0.148
vt 0.401 0.805
vt 0.449 0.805
vt 0.401 0.852
vt 0.449 0.805
vt 0.449 0.852
vt 0.401 0.852
vt 0.401 0.75
vt 0.449 0.75
vt 0.401 0.805
vt 0.449 0.75
vt 0.449 0.805
vt 0.401 0.805
vt 0.401 0.692
vt 0.449 0.692
vt 0.401 0.75
vt 0.449 0.692
vt 0.449 0.75
vt 0.401 0.75
vt 0.401 0.633
vt 0.449 0.633
vt 0.401 0.692
vt 0.449 0.633
vt 0.449 0.692
vt 0.401 0.692
vt 0.401 0.579
vt 0.449 0.579
vt 0.401 0.633
vt 0.449 0.579
vt 0.449 0.633
vt 0.401 0.633
vt 0.401 0.474
vt 0.449 0.474
vt 0.401 0.496
vt 0.449 0.474
vt 0.449 0.496
vt 0.401 0.496
vt 0.401 0.466
vt 0.449 0.466
vt 0.401 0.474
vt 0.449 0.466
vt 0.449 0.474
vt 0.401 0.474
vt 0.401 0.532
vt 0.449 0.532
vt 0.401 0.579
vt 0.449 0.532
vt 0.449 0.579
vt 0.401 0.579
vt 0.401 0.496
vt 0.449 0.496
vt 0.401 0.532
vt 0.449 0.496
vt 0.449 0.532
vt 0.401 0.532
vt 0.791 0.148
vt 0.779 0.148
vt 0.791 0.148
vt 0.779 0.159
vt 0.674 0.159
vt 0.779 0.161
vt 0.674 0.159
vt 0.674 0.161
vt 0.779 0.161
vt 0.779 0.153
vt 0.674 0.153
vt 0.779 0.159
vt 0.674 0.153
vt 0.674 0.159
vt 0.779 0.159
vt 0.779 0.148
vt 0.674 0.148
vt 0.779 0.153
vt 0.674 0.148
vt 0.674 0.153
vt 0.779 0.153
vt 0.385 0.187
vt 0.411 0.167
vt 0.521 0.292
vt 0.331 0.21
vt 0.385 0.187
vt 0.521 0.292
vt 0.272 0.218
vt 0.331 0.21
vt 0.272 0.292
vt 0.521 0.292
vt 0.411 0.167
vt 0.521 0.167
vt 0.272 0.292
vt 0.331 0.21
vt 0.521 0.292
vt 0.875 0.262
vt 0.868 0.262
vt 0.885 0.262
vt 0.868 0.262
vt 0.872 0.262
vt 0.885 0.262
vt 0.875 0.262
vt 0.842 0.262
vt 0.868 0.262
vt 0.842 0.262
vt 0.849 0.262
vt 0.868 0.262
vt 0.818 0.262
vt 0.835 0.262
vt 0.842 0.262
vt 0.835 0.262
vt 0.849 0.262
vt 0.842 0.262
vt 0.818 0.262
vt 0.835 0.262
vt 0.818 0.262
vt 0.835 0.262
vt 0.835 0.262
vt 0.818 0.262
vt 0.842 0.181
vt 0.818 0.181
vt 0.842 0.212
vt 0.818 0.181
vt 0.818 0.212
vt 0.842 0.212
vt 0.842 0.212
vt 0.818 0.212
vt 0.842 0.262
vt 0.818 0.212
vt 0.818 0.262
vt 0.842 0.262
vt 0.842 0.181
vt 0.842 0.212
vt 0.875 0.181
vt 0.842 0.212
vt 0.875 0.212
vt 0.875 0.181
vt 0.842 0.212
vt 0.842 0.262
vt 0.875 0.212
vt 0.842 0.262
vt 0.875 0.262
vt 0.875 0.212
vt 0.898 0.181
vt 0.875 0.181
vt 0.898 0.212
vt 0.875 0.181
vt 0.875 0.212
vt 0.898 0.212
vt 0.898 0.212
vt 0.875 0.212
vt 0.885 0.262
vt 0.875 0.212
vt 0.875 0.262
vt 0.885 0.262
vt 0.898 0.181
vt 0.898 0.181
vt 0.898 0.212
vt 0.898 0.181
vt 0.898 0.212
vt 0.898 0.212
vt 0.898 0.212
vt 0.898 0.212
vt 0.885 0.262
vt 0.898 0.212
vt 0.885 0.262
vt 0.885 0.262
vt 0.835 0.262
vt 0.835 0.181
vt 0.835 0.262
vt 0.835 0.181
vt 0.835 0.181
vt 0.835 0.262
vt 0.835 0.262
vt 0.835 0.181
vt 0.849 0.262
vt 0.835 0.181
vt 0.849 0.181
vt 0.849 0.262
vt 0.868 0.262
vt 0.849 0.262
vt 0.868 0.181
vt 0.849 0.262
vt 0.849 0.181
vt 0.868 0.181
vt 0.868 0.262
vt 0.868 0.181
vt 0.872 0.262
vt 0.868 0.181
vt 0.872 0.181
vt 0.872 0.262
vt 0.863 0.087
vt 0.804 0.087
vt 0.863 0.093
vt 0.804 0.087
vt 0.804 0.093
vt 0.863 0.093
vt 0.863 0.081
vt 0.804 0.081
vt 0.863 0.082
vt 0.804 0.081
vt 0.804 0.082
vt 0.863 0.082
vt 0.863 0.12
vt 0.804 0.12
vt 0.863 0.121
vt 0.804 0.12
vt 0.804 0.121
vt 0.863 0.121
vt 0.863 0.109
vt 0.804 0.109
vt 0.863 0.115
vt 0.804 0.109
vt 0.804 0.115
vt 0.863 0.115
vt 0.863 0.093
vt 0.804 0.093
vt 0.863 0.101
vt 0.804 0.093
vt 0.804 0.101
vt 0.863 0.101
vt 0.863 0.082
vt 0.804 0.082
vt 0.863 0.087
vt 0.804 0.082
vt 0.804 0.087
vt 0.863 0.087
vt 0.863 0.115
vt 0.804 0.115
vt 0.863 0.12
vt 0.804 0.115
vt 0.804 0.12
vt 0.863 0.12
vt 0.863 0.101
vt 0.804 0.101
vt 0.863 0.109
vt 0.804 0.101
vt 0.804 0.109
vt 0.863 0.109
vt 0.863 0.082
vt 0.863 0.101
vt 0.863 0.081
vt 0.863 0.121
vt 0.863 0.101
vt 0.863 0.12
vt 0.863 0.109
vt 0.863 0.101
vt 0.863 0.101
vt 0.835 0.181
vt 0.872 0.181
vt 0.849 0.181
vt 0.863 0.087
vt 0.863 0.101
vt 0.863 0.082
vt 0.872 0.262
vt 0.872 0.181
vt 0.872 0.262
vt 0.872 0.181
vt 0.872 0.181
vt 0.872 0.262
vt 0.885 0.262
vt 0.872 0.262
vt 0.885 0.262
vt 0.872 0.262
vt 0.872 0.262
vt 0.885 0.262
vt 0.818 0.212
vt 0.818 0.212
vt 0.818 0.262
vt 0.818 0.212
vt 0.818 0.262
vt 0.818 0.262
vt 0.818 0.181
vt 0.818 0.181
vt 0.818 0.212
vt 0.818 0.181
vt 0.818 0.212
vt 0.818 0.212
vt 0.863 0.101
vt 0.863 0.101
vt 0.863 0.093
vt 0.863 0.12
vt 0.863 0.101
vt 0.863 0.115
vt 0.863 0.093
vt 0.863 0.101
vt 0.863 0.087
vt 0.863 0.115
vt 0.863 0.101
vt 0.863 0.109
vt 0.872 0.181
vt 0.868 0.181
vt 0.872 0.181
vt 0.992 0.455
vt 0.553 0.455
vt 0.992 0.33
vt 0.553 0.455
vt 0.553 0.33
vt 0.992 0.33
vt 0.872 0.181
vt 0.868 0.181
vt 0.849 0.181
vt 0.835 0.181
vt 0.835 0.181
vt 0.872 0.181
vt 0.875 0.181
vt 0.908 0.181
vt 0.842 0.181
vt 0.875 0.181
vt 0.898 0.181
vt 0.908 0.181
vt 0.898 0.181
vt 0.908 0.181
vt 0.908 0.181
vt 0.842 0.181
vt 0.791 0.181
vt 0.818 0.181
vt 0.898 0.181
vt 0.908 0.181
vt 0.898 0.181
vt 0.842 0.181
vt 0.908 0.181
vt 0.791 0.181
vt 0.791 0.181
vt 0.818 0.181
vt 0.818 0.181
vt 0.818 0.181
vt 0.791 0.181
vt 0.791 0.181
vt 0.804 0.087
vt 0.804 0.071
vt 0.804 0.093
vt 0.804 0.071
vt 0.804 0.085
vt 0.804 0.093
vt 0.804 0.115
vt 0.804 0.153
vt 0.804 0.12
vt 0.804 0.153
vt 0.804 0.159
vt 0.804 0.12
vt 0.804 0.082
vt 0.804 0.043
vt 0.804 0.049
vt 0.804 0.081
vt 0.804 0.041
vt 0.804 0.082
vt 0.804 0.041
vt 0.804 0.043
vt 0.804 0.082
vt 0.804 0.12
vt 0.804 0.159
vt 0.804 0.121
vt 0.804 0.159
vt 0.804 0.161
vt 0.804 0.121
vt 0.804 0.087
vt 0.804 0.058
vt 0.804 0.071
vt 0.804 0.131
vt 0.804 0.109
vt 0.804 0.117
vt 0.804 0.109
vt 0.804 0.101
vt 0.804 0.117
vt 0.804 0.101
vt 0.804 0.101
vt 0.804 0.117
vt 0.804 0.101
vt 0.804 0.101
vt 0.804 0.085
vt 0.804 0.101
vt 0.804 0.093
vt 0.804 0.085
vt 0.804 0.082
vt 0.804 0.049
vt 0.804 0.087
vt 0.804 0.049
vt 0.804 0.058
vt 0.804 0.087
vt 0.804 0.148
vt 0.804 0.115
vt 0.804 0.144
vt 0.804 0.131
vt 0.804 0.144
vt 0.804 0.109
vt 0.804 0.144
vt 0.804 0.115
vt 0.804 0.109
vt 0.601 0.471
vt 0.553 0.471
vt 0.601 0.455
vt 0.553 0.471
vt 0.553 0.455
vt 0.601 0.455
vt 0.804 0.115
vt 0.804 0.148
vt 0.804 0.153
vt 0.908 0.148
vt 0.908 0.148
vt 0.791 0.148
vt 0.908 0.148
vt 0.804 0.148
vt 0.791 0.148
vt 0.601 0.517
vt 0.553 0.517
vt 0.601 0.471
vt 0.553 0.517
vt 0.553 0.471
vt 0.601 0.471
vt 0.601 0.572
vt 0.553 0.572
vt 0.601 0.517
vt 0.553 0.572
vt 0.553 0.517
vt 0.601 0.517
vt 0.601 0.63
vt 0.553 0.63
vt 0.601 0.572
vt 0.553 0.63
vt 0.553 0.572
vt 0.601 0.572
vt 0.601 0.689
vt 0.553 0.689
vt 0.601 0.63
vt 0.553 0.689
vt 0.553 0.63
vt 0.601 0.63
vt 0.601 0.743
vt 0.553 0.743
vt 0.601 0.689
vt 0.553 0.743
vt 0.553 0.689
vt 0.601 0.689
vt 0.601 0.849
vt 0.553 0.849
vt 0.601 0.826
vt 0.553 0.849
vt 0.553 0.826
vt 0.601 0.826
vt 0.601 0.856
vt 0.553 0.856
vt 0.601 0.849
vt 0.553 0.856
vt 0.553 0.849
vt 0.601 0.849
vt 0.601 0.79
vt 0.553 0.79
vt 0.601 0.743
vt 0.553 0.79
vt 0.553 0.743
vt 0.601 0.743
vt 0.601 0.826
vt 0.553 0.826
vt 0.601 0.79
vt 0.553 0.826
vt 0.553 0.79
vt 0.601 0.79
vt 0.791 0.148
vt 0.804 0.148
vt 0.791 0.148
vt 0.804 0.159
vt 0.908 0.159
vt 0.804 0.161
vt 0.908 0.159
vt 0.908 0.161
vt 0.804 0.161
vt 0.804 0.153
vt 0.908 0.153
vt 0.804 0.159
vt 0.908 0.153
vt 0.908 0.159
vt 0.804 0.159
vt 0.804 0.148
vt 0.908 0.148
vt 0.804 0.153
vt 0.908 0.148
vt 0.908 0.153
vt 0.804 0.153
vt 0.386 0.048
vt 0.412 0.028
vt 0.521 0.153
vt 0.331 0.071
vt 0.386 0.048
vt 0.521 0.153
vt 0.273 0.079
vt 0.331 0.071
vt 0.273 0.153
vt 0.521 0.153
vt 0.412 0.028
vt 0.521 0.028
vt 0.273 0.153
vt 0.331 0.071
vt 0.521 0.153
vt 0.708 0.262
vt 0.698 0.262
vt 0.715 0.262
vt 0.698 0.262
vt 0.711 0.262
vt 0.715 0.262
vt 0.708 0.262
vt 0.715 0.262
vt 0.741 0.262
vt 0.715 0.262
vt 0.734 0.262
vt 0.741 0.262
vt 0.765 0.262
vt 0.741 0.262
vt 0.748 0.262
vt 0.741 0.262
vt 0.734 0.262
vt 0.748 0.262
vt 0.765 0.262
vt 0.765 0.262
vt 0.748 0.262
vt 0.765 0.262
vt 0.748 0.262
vt 0.748 0.262
vt 0.741 0.181
vt 0.741 0.212
vt 0.765 0.181
vt 0.741 0.212
vt 0.765 0.212
vt 0.765 0.181
vt 0.741 0.212
vt 0.741 0.262
vt 0.765 0.212
vt 0.741 0.262
vt 0.765 0.262
vt 0.765 0.212
vt 0.741 0.181
vt 0.708 0.181
vt 0.741 0.212
vt 0.708 0.181
vt 0.708 0.212
vt 0.741 0.212
vt 0.741 0.212
vt 0.708 0.212
vt 0.741 0.262
vt 0.708 0.212
vt 0.708 0.262
vt 0.741 0.262
vt 0.684 0.181
vt 0.684 0.212
vt 0.708 0.181
vt 0.684 0.212
vt 0.708 0.212
vt 0.708 0.181
vt 0.684 0.212
vt 0.698 0.262
vt 0.708 0.212
vt 0.698 0.262
vt 0.708 0.262
vt 0.708 0.212
vt 0.684 0.181
vt 0.684 0.212
vt 0.684 0.181
vt 0.684 0.212
vt 0.684 0.212
vt 0.684 0.181
vt 0.684 0.212
vt 0.698 0.262
vt 0.684 0.212
vt 0.698 0.262
vt 0.698 0.262
vt 0.684 0.212
vt 0.748 0.262
vt 0.748 0.262
vt 0.748 0.181
vt 0.748 0.262
vt 0.748 0.181
vt 0.748 0.181
vt 0.748 0.262
vt 0.734 0.262
vt 0.748 0.181
vt 0.734 0.262
vt 0.734 0.181
vt 0.748 0.181
vt 0.715 0.262
vt 0.715 0.181
vt 0.734 0.262
vt 0.715 0.181
vt 0.734 0.181
vt 0.734 0.262
vt 0.715 0.262
vt 0.711 0.262
vt 0.715 0.181
vt 0.711 0.262
vt 0.711 0.181
vt 0.715 0.181
vt 0.719 0.087
vt 0.719 0.093
vt 0.779 0.087
vt 0.719 0.093
vt 0.779 0.093
vt 0.779 0.087
vt 0.719 0.081
vt 0.719 0.082
vt 0.779 0.081
vt 0.719 0.082
vt 0.779 0.082
vt 0.779 0.081
vt 0.719 0.12
vt 0.719 0.121
vt 0.779 0.12
vt 0.719 0.121
vt 0.779 0.121
vt 0.779 0.12
vt 0.719 0.109
vt 0.719 0.115
vt 0.779 0.109
vt 0.719 0.115
vt 0.779 0.115
vt 0.779 0.109
vt 0.719 0.093
vt 0.719 0.101
vt 0.779 0.093
vt 0.719 0.101
vt 0.779 0.101
vt 0.779 0.093
vt 0.719 0.082
vt 0.719 0.087
vt 0.779 0.082
vt 0.719 0.087
vt 0.779 0.087
vt 0.779 0.082
vt 0.719 0.115
vt 0.719 0.12
vt 0.779 0.115
vt 0.719 0.12
vt 0.779 0.12
vt 0.779 0.115
vt 0.719 0.101
vt 0.719 0.109
vt 0.779 0.101
vt 0.719 0.109
vt 0.779 0.109
vt 0.779 0.101
vt 0.719 0.082
vt 0.719 0.081
vt 0.719 0.101
vt 0.719 0.121
vt 0.719 0.12
vt 0.719 0.101
vt 0.719 0.109
vt 0.719 0.101
vt 0.719 0.101
vt 0.748 0.181
vt 0.734 0.181
vt 0.711 0.181
vt 0.719 0.087
vt 0.719 0.082
vt 0.719 0.101
vt 0.711 0.262
vt 0.711 0.262
vt 0.711 0.181
vt 0.711 0.262
vt 0.711 0.181
vt 0.711 0.181
vt 0.698 0.262
vt 0.698 0.262
vt 0.711 0.262
vt 0.698 0.262
vt 0.711 0.262
vt 0.711 0.262
vt 0.765 0.212
vt 0.765 0.262
vt 0.765 0.212
vt 0.765 0.262
vt 0.765 0.262
vt 0.765 0.212
vt 0.765 0.181
vt 0.765 0.212
vt 0.765 0.181
vt 0.765 0.212
vt 0.765 0.212
vt 0.765 0.181
vt 0.719 0.101
vt 0.719 0.093
vt 0.719 0.101
vt 0.719 0.12
vt 0.719 0.115
vt 0.719 0.101
vt 0.719 0.093
vt 0.719 0.087
vt 0.719 0.101
vt 0.719 0.115
vt 0.719 0.109
vt 0.719 0.101
vt 0.711 0.181
vt 0.711 0.181
vt 0.715 0.181
vt 0.113 0.455
vt 0.113 0.33
vt 0.553 0.455
vt 0.113 0.33
vt 0.553 0.33
vt 0.553 0.455
vt 0.711 0.181
vt 0.734 0.181
vt 0.715 0.181
vt 0.748 0.181
vt 0.711 0.181
vt 0.748 0.181
vt 0.708 0.181
vt 0.741 0.181
vt 0.674 0.181
vt 0.708 0.181
vt 0.674 0.181
vt 0.684 0.181
vt 0.684 0.181
vt 0.674 0.181
vt 0.674 0.181
vt 0.741 0.181
vt 0.765 0.181
vt 0.791 0.181
vt 0.684 0.181
vt 0.684 0.181
vt 0.674 0.181
vt 0.741 0.181
vt 0.791 0.181
vt 0.674 0.181
vt 0.791 0.181
vt 0.765 0.181
vt 0.765 0.181
vt 0.765 0.181
vt 0.791 0.181
vt 0.791 0.181
vt 0.779 0.087
vt 0.779 0.093
vt 0.779 0.071
vt 0.779 0.093
vt 0.779 0.085
vt 0.779 0.071
vt 0.779 0.115
vt 0.779 0.12
vt 0.779 0.153
vt 0.779 0.12
vt 0.779 0.159
vt 0.779 0.153
vt 0.779 0.082
vt 0.779 0.049
vt 0.779 0.043
vt 0.779 0.081
vt 0.779 0.082
vt 0.779 0.041
vt 0.779 0.082
vt 0.779 0.043
vt 0.779 0.041
vt 0.779 0.12
vt 0.779 0.121
vt 0.779 0.159
vt 0.779 0.121
vt 0.779 0.161
vt 0.779 0.159
vt 0.779 0.087
vt 0.779 0.071
vt 0.779 0.058
vt 0.779 0.131
vt 0.779 0.117
vt 0.779 0.109
vt 0.779 0.109
vt 0.779 0.117
vt 0.779 0.101
vt 0.779 0.117
vt 0.779 0.101
vt 0.779 0.101
vt 0.779 0.101
vt 0.779 0.085
vt 0.779 0.101
vt 0.779 0.085
vt 0.779 0.093
vt 0.779 0.101
vt 0.779 0.082
vt 0.779 0.087
vt 0.779 0.049
vt 0.779 0.087
vt 0.779 0.058
vt 0.779 0.049
vt 0.779 0.148
vt 0.779 0.144
vt 0.779 0.115
vt 0.779 0.131
vt 0.779 0.109
vt 0.779 0.144
vt 0.779 0.109
vt 0.779 0.115
vt 0.779 0.144
vt 0.505 0.471
vt 0.505 0.455
vt 0.553 0.471
vt 0.505 0.455
vt 0.553 0.455
vt 0.553 0.471
vt 0.779 0.115
vt 0.779 0.153
vt 0.779 0.148
vt 0.674 0.148
vt 0.791 0.148
vt 0.674 0.148
vt 0.791 0.148
vt 0.779 0.148
vt 0.674 0.148
vt 0.505 0.517
vt 0.505 0.471
vt 0.553 0.517
vt 0.505 0.471
vt 0.553 0.471
vt 0.553 0.517
vt 0.505 0.572
vt 0.505 0.517
vt 0.553 0.572
vt 0.505 0.517
vt 0.553 0.517
vt 0.553 0.572
vt 0.505 0.63
vt 0.505 0.572
vt 0.553 0.63
vt 0.505 0.572
vt 0.553 0.572
vt 0.553 0.63
vt 0.505 0.689
vt 0.505 0.63
vt 0.553 0.689
vt 0.505 0.63
vt 0.553 0.63
vt 0.553 0.689
vt 0.505 0.743
vt 0.505 0.689
vt 0.553 0.743
vt 0.505 0.689
vt 0.553 0.689
vt 0.553 0.743
vt 0.505 0.849
vt 0.505 0.826
vt 0.553 0.849
vt 0.505 0.826
vt 0.553 0.826
vt 0.553 0.849
vt 0.505 0.856
vt 0.505 0.849
vt 0.553 0.856
vt 0.505 0.849
vt 0.553 0.849
vt 0.553 0.856
vt 0.505 0.79
vt 0.505 0.743
vt 0.553 0.79
vt 0.505 0.743
vt 0.553 0.743
vt 0.553 0.79
vt 0.505 0.826
vt 0.505 0.79
vt 0.553 0.826
vt 0.505 0.79
vt 0.553 0.79
vt 0.553 0.826
vt 0.791 0.148
vt 0.791 0.148
vt 0.779 0.148
vt 0.779 0.159
vt 0.779 0.161
vt 0.674 0.159
vt 0.779 0.161
vt 0.674 0.161
vt 0.674 0.159
vt 0.779 0.153
vt 0.779 0.159
vt 0.674 0.153
vt 0.779 0.159
vt 0.674 0.159
vt 0.674 0.153
vt 0.779 0.148
vt 0.779 0.153
vt 0.674 0.148
vt 0.779 0.153
vt 0.674 0.153
vt 0.674 0.148
vt 0.159 0.187
vt 0.024 0.292
vt 0.133 0.167
vt 0.214 0.21
vt 0.024 0.292
vt 0.159 0.187
vt 0.272 0.218
vt 0.272 0.292
vt 0.214 0.21
vt 0.024 0.292
vt 0.024 0.167
vt 0.133 0.167
vt 0.272 0.292
vt 0.024 0.292
vt 0.214 0.21
usemtl MB_183_official_14308
s off
f 5543/4573 5545/4574 5550/4575
f 5545/4576 5549/4577 5550/4578
f 5543/4579 5550/4580 5541/4581
f 5550/4582 5552/4583 5541/4584
f 5539/4585 5541/4586 5554/4587
f 5541/4588 5552/4589 5554/4590
f 5538/4591 5539/4592 5409/4593
f 5539/4594 5554/4595 5409/4596
f 5535/4597 5557/4598 5536/4599
f 5557/4600 5556/4601 5536/4602
f 5557/4603 5542/4604 5556/4605
f 5542/4606 5540/4607 5556/4608
f 5534/4609 5533/4610 5274/4611
f 5533/4612 5558/4613 5274/4614
f 5274/4615 5558/4616 5266/4617
f 5558/4618 5544/4619 5266/4620
f 5531/4621 5559/4622 5532/4623
f 5559/4624 5275/4625 5532/4626
f 5559/4627 5546/4628 5275/4629
f 5546/4630 5267/4631 5275/4632
f 5529/4633 5413/4634 5530/4635
f 5413/4636 5560/4637 5530/4638
f 5588/4639 5415/4640 5276/4641
f 5415/4642 5268/4643 5276/4644
f 5586/4645 5555/4646 5563/4647
f 5555/4648 5561/4649 5563/4650
f 5272/4651 5553/4652 5562/4653
f 5553/4654 5564/4655 5562/4656
f 5551/4657 5566/4658 5271/4659
f 5566/4660 5565/4661 5271/4662
f 5270/4663 5269/4664 5567/4665
f 5269/4666 5568/4667 5567/4668
f 5296/4669 5600/4670 5575/4671
f 5600/4672 5576/4673 5575/4674
f 5426/4675 5602/4676 5590/4677
f 5602/4678 5574/4679 5590/4680
f 5291/4681 5596/4682 5580/4683
f 5596/4684 5581/4685 5580/4686
f 5598/4687 5597/4688 5578/4689
f 5597/4690 5579/4691 5578/4692
f 5600/4693 5599/4694 5576/4695
f 5599/4696 5577/4697 5576/4698
f 5602/4699 5296/4700 5574/4701
f 5296/4702 5575/4703 5574/4704
f 5597/4705 5291/4706 5579/4707
f 5291/4708 5580/4709 5579/4710
f 5599/4711 5598/4712 5577/4713
f 5598/4714 5578/4715 5577/4716
f 5297/4717 5603/4718 5397/4719
f 5418/4720 5595/4721 5397/4722
f 5293/4723 5294/4724 5397/4725
f 5277/4726 5278/4727 5585/4728
f 5601/4729 5297/4730 5397/4731
f 5548/4732 5547/4733 5569/4734
f 5547/4735 5412/4736 5569/4737
f 5545/4738 5589/4739 5549/4740
f 5589/4741 5414/4742 5549/4743
f 5273/4744 5265/4745 5408/4746
f 5265/4747 5410/4748 5408/4749
f 5537/4750 5273/4751 5587/4752
f 5273/4753 5408/4754 5587/4755
f 5294/4756 5295/4757 5397/4758
f 5595/4759 5292/4760 5397/4761
f 5295/4762 5601/4763 5397/4764
f 5292/4765 5293/4766 5397/4767
f 5280/4768 5585/4769 5279/4770
f 5572/4771 5570/4772 5592/4773
f 5570/4774 5343/4775 5592/4776
f 5585/4777 5278/4778 5279/4779
f 5277/4780 5585/4781 5407/4782
f 5262/4783 5263/4784 5571/4785
f 5262/4786 5571/4787 5261/4788
f 5261/4789 5571/4790 5584/4791
f 5263/4792 5264/4793 5604/4794
f 5416/4795 5261/4796 5584/4797
f 5263/4798 5604/4799 5571/4800
f 5467/4801 5264/4802 5411/4803
f 5264/4804 5467/4805 5604/4806
f 5284/4807 5285/4808 5591/4809
f 5285/4810 5605/4811 5591/4812
f 5288/4813 5289/4814 5613/4815
f 5289/4816 5614/4817 5613/4818
f 5283/4819 5583/4820 5593/4821
f 5398/4822 5283/4823 5594/4824
f 5283/4825 5593/4826 5594/4827
f 5289/4828 5406/4829 5614/4830
f 5406/4831 5615/4832 5614/4833
f 5284/4834 5591/4835 5582/4836
f 5608/4837 5607/4838 5287/4839
f 5287/4840 5607/4841 5286/4842
f 5607/4843 5606/4844 5286/4845
f 5606/4846 5605/4847 5286/4848
f 5605/4849 5285/4850 5286/4851
f 5283/4852 5284/4853 5583/4854
f 5284/4855 5582/4856 5583/4857
f 5610/4858 5609/4859 5288/4860
f 5608/4861 5287/4862 5609/4863
f 5287/4864 5288/4865 5609/4866
f 5305/4867 5612/4868 5372/4869
f 5612/4870 5621/4871 5372/4872
f 5288/4873 5613/4874 5610/4875
f 5573/4876 5342/4877 5618/4878
f 5342/4879 5611/4880 5618/4881
f 5304/4882 5305/4883 5371/4884
f 5305/4885 5372/4886 5371/4887
f 5303/4888 5304/4889 5370/4890
f 5304/4891 5371/4892 5370/4893
f 5290/4894 5303/4895 5364/4896
f 5303/4897 5370/4898 5364/4899
f 5302/4900 5290/4901 5369/4902
f 5290/4903 5364/4904 5369/4905
f 5301/4906 5302/4907 5368/4908
f 5302/4909 5369/4910 5368/4911
f 5298/4912 5299/4913 5365/4914
f 5299/4915 5366/4916 5365/4917
f 5428/4918 5298/4919 5517/4920
f 5298/4921 5365/4922 5517/4923
f 5300/4924 5301/4925 5367/4926
f 5301/4927 5368/4928 5367/4929
f 5299/4930 5300/4931 5366/4932
f 5300/4933 5367/4934 5366/4935
f 5342/4936 5373/4937 5611/4938
f 5307/4939 5439/4940 5616/4941
f 5439/4942 5617/4943 5616/4944
f 5306/4945 5307/4946 5620/4947
f 5307/4948 5616/4949 5620/4950
f 5310/4951 5306/4952 5619/4953
f 5306/4954 5620/4955 5619/4956
f 5309/4957 5281/4958 5308/4959
f 5311/4960 5281/4961 5309/4962
f 5444/4963 5427/4964 5311/4965
f 5281/4966 5282/4967 5308/4968
f 5427/4969 5281/4970 5311/4971
f 5636/4972 5643/4973 5638/4974
f 5643/4975 5642/4976 5638/4977
f 5636/4978 5634/4979 5643/4980
f 5634/4981 5645/4982 5643/4983
f 5632/4984 5647/4985 5634/4986
f 5647/4987 5645/4988 5634/4989
f 5631/4990 5480/4991 5632/4992
f 5480/4993 5647/4994 5632/4995
f 5628/4996 5629/4997 5650/4998
f 5629/4999 5649/5000 5650/5001
f 5650/5002 5649/5003 5635/5004
f 5649/5005 5633/5006 5635/5007
f 5627/5008 5325/5009 5626/5010
f 5325/5011 5651/5012 5626/5013
f 5325/5014 5317/5015 5651/5016
f 5317/5017 5637/5018 5651/5019
f 5624/5020 5625/5021 5652/5022
f 5625/5023 5326/5024 5652/5025
f 5652/5026 5326/5027 5639/5028
f 5326/5029 5318/5030 5639/5031
f 5622/5032 5623/5033 5484/5034
f 5623/5035 5653/5036 5484/5037
f 5681/5038 5327/5039 5486/5040
f 5327/5041 5319/5042 5486/5043
f 5679/5044 5656/5045 5648/5046
f 5656/5047 5654/5048 5648/5049
f 5323/5050 5655/5051 5646/5052
f 5655/5053 5657/5054 5646/5055
f 5644/5056 5322/5057 5659/5058
f 5322/5059 5658/5060 5659/5061
f 5321/5062 5660/5063 5320/5064
f 5660/5065 5661/5066 5320/5067
f 5349/5068 5668/5069 5692/5070
f 5668/5071 5669/5072 5692/5073
f 5499/5074 5683/5075 5694/5076
f 5683/5077 5667/5078 5694/5079
f 5344/5080 5673/5081 5688/5082
f 5673/5083 5674/5084 5688/5085
f 5690/5086 5671/5087 5689/5088
f 5671/5089 5672/5090 5689/5091
f 5692/5092 5669/5093 5691/5094
f 5669/5095 5670/5096 5691/5097
f 5694/5098 5667/5099 5349/5100
f 5667/5101 5668/5102 5349/5103
f 5689/5104 5672/5105 5344/5106
f 5672/5107 5673/5108 5344/5109
f 5691/5110 5670/5111 5690/5112
f 5670/5113 5671/5114 5690/5115
f 5350/5116 5468/5117 5695/5118
f 5491/5119 5468/5120 5687/5121
f 5346/5122 5468/5123 5347/5124
f 5328/5125 5678/5126 5329/5127
f 5693/5128 5468/5129 5350/5130
f 5641/5131 5662/5132 5640/5133
f 5662/5134 5483/5135 5640/5136
f 5638/5137 5642/5138 5682/5139
f 5642/5140 5485/5141 5682/5142
f 5324/5143 5479/5144 5316/5145
f 5479/5146 5481/5147 5316/5148
f 5630/5149 5680/5150 5324/5151
f 5680/5152 5479/5153 5324/5154
f 5347/5155 5468/5156 5348/5157
f 5687/5158 5468/5159 5345/5160
f 5348/5161 5468/5162 5693/5163
f 5345/5164 5468/5165 5346/5166
f 5331/5167 5330/5168 5678/5169
f 5665/5170 5592/5171 5663/5172
f 5592/5173 5343/5174 5663/5175
f 5678/5176 5330/5177 5329/5178
f 5328/5179 5478/5180 5678/5181
f 5313/5182 5664/5183 5314/5184
f 5313/5185 5312/5186 5664/5187
f 5312/5188 5677/5189 5664/5190
f 5314/5191 5604/5192 5315/5193
f 5487/5194 5677/5195 5312/5196
f 5314/5197 5664/5198 5604/5199
f 5467/5200 5482/5201 5315/5202
f 5315/5203 5604/5204 5467/5205
f 5335/5206 5684/5207 5336/5208
f 5684/5209 5696/5210 5336/5211
f 5339/5212 5704/5213 5340/5214
f 5704/5215 5705/5216 5340/5217
f 5334/5218 5685/5219 5676/5220
f 5469/5221 5686/5222 5334/5223
f 5686/5224 5685/5225 5334/5226
f 5340/5227 5705/5228 5477/5229
f 5705/5230 5706/5231 5477/5232
f 5335/5233 5675/5234 5684/5235
f 5699/5236 5338/5237 5698/5238
f 5338/5239 5337/5240 5698/5241
f 5337/5242 5697/5243 5698/5244
f 5697/5245 5337/5246 5696/5247
f 5337/5248 5336/5249 5696/5250
f 5334/5251 5676/5252 5335/5253
f 5676/5254 5675/5255 5335/5256
f 5701/5257 5339/5258 5700/5259
f 5699/5260 5700/5261 5338/5262
f 5700/5263 5339/5264 5338/5265
f 5358/5266 5372/5267 5703/5268
f 5372/5269 5621/5270 5703/5271
f 5339/5272 5701/5273 5704/5274
f 5666/5275 5709/5276 5342/5277
f 5709/5278 5702/5279 5342/5280
f 5357/5281 5371/5282 5358/5283
f 5371/5284 5372/5285 5358/5286
f 5356/5287 5370/5288 5357/5289
f 5370/5290 5371/5291 5357/5292
f 5341/5293 5364/5294 5356/5295
f 5364/5296 5370/5297 5356/5298
f 5355/5299 5369/5300 5341/5301
f 5369/5302 5364/5303 5341/5304
f 5354/5305 5368/5306 5355/5307
f 5368/5308 5369/5309 5355/5310
f 5351/5311 5365/5312 5352/5313
f 5365/5314 5366/5315 5352/5316
f 5501/5317 5517/5318 5351/5319
f 5517/5320 5365/5321 5351/5322
f 5353/5323 5367/5324 5354/5325
f 5367/5326 5368/5327 5354/5328
f 5352/5329 5366/5330 5353/5331
f 5366/5332 5367/5333 5353/5334
f 5342/5335 5702/5336 5373/5337
f 5360/5338 5707/5339 5512/5340
f 5707/5341 5708/5342 5512/5343
f 5359/5344 5711/5345 5360/5346
f 5711/5347 5707/5348 5360/5349
f 5363/5350 5710/5351 5359/5352
f 5710/5353 5711/5354 5359/5355
f 5362/5356 5361/5357 5332/5358
f 5374/5359 5362/5360 5332/5361
f 5528/5362 5374/5363 5500/5364
f 5332/5365 5361/5366 5333/5367
f 5500/5368 5374/5369 5332/5370
f 5724/5371 5730/5372 5726/5373
f 5730/5374 5729/5375 5726/5376
f 5724/5377 5722/5378 5730/5379
f 5722/5380 5732/5381 5730/5382
f 5720/5383 5734/5384 5722/5385
f 5734/5386 5732/5387 5722/5388
f 5538/5389 5409/5390 5720/5391
f 5409/5392 5734/5393 5720/5394
f 5717/5395 5718/5396 5737/5397
f 5718/5398 5736/5399 5737/5400
f 5737/5401 5736/5402 5723/5403
f 5736/5404 5721/5405 5723/5406
f 5716/5407 5388/5408 5715/5409
f 5388/5410 5738/5411 5715/5412
f 5388/5413 5380/5414 5738/5415
f 5380/5416 5725/5417 5738/5418
f 5713/5419 5714/5420 5739/5421
f 5714/5422 5389/5423 5739/5424
f 5739/5425 5389/5426 5727/5427
f 5389/5428 5381/5429 5727/5430
f 5529/5431 5712/5432 5413/5433
f 5712/5434 5740/5435 5413/5436
f 5588/5437 5390/5438 5415/5439
f 5390/5440 5382/5441 5415/5442
f 5586/5443 5563/5444 5735/5445
f 5563/5446 5741/5447 5735/5448
f 5386/5449 5742/5450 5733/5451
f 5742/5452 5743/5453 5733/5454
f 5731/5455 5385/5456 5745/5457
f 5385/5458 5744/5459 5745/5460
f 5384/5461 5746/5462 5383/5463
f 5746/5464 5747/5465 5383/5466
f 5424/5467 5754/5468 5769/5469
f 5754/5470 5755/5471 5769/5472
f 5426/5473 5590/5474 5771/5475
f 5590/5476 5753/5477 5771/5478
f 5419/5479 5759/5480 5596/5481
f 5759/5482 5581/5483 5596/5484
f 5767/5485 5757/5486 5766/5487
f 5757/5488 5758/5489 5766/5490
f 5769/5491 5755/5492 5768/5493
f 5755/5494 5756/5495 5768/5496
f 5771/5497 5753/5498 5424/5499
f 5753/5500 5754/5501 5424/5502
f 5766/5503 5758/5504 5419/5505
f 5758/5506 5759/5507 5419/5508
f 5768/5509 5756/5510 5767/5511
f 5756/5512 5757/5513 5767/5514
f 5425/5515 5397/5516 5603/5517
f 5418/5518 5397/5519 5765/5520
f 5421/5521 5397/5522 5422/5523
f 5391/5524 5585/5525 5392/5526
f 5770/5527 5397/5528 5425/5529
f 5728/5530 5748/5531 5547/5532
f 5748/5533 5412/5534 5547/5535
f 5726/5536 5729/5537 5589/5538
f 5729/5539 5414/5540 5589/5541
f 5387/5542 5408/5543 5379/5544
f 5408/5545 5410/5546 5379/5547
f 5719/5548 5587/5549 5387/5550
f 5587/5551 5408/5552 5387/5553
f 5422/5554 5397/5555 5423/5556
f 5765/5557 5397/5558 5420/5559
f 5423/5560 5397/5561 5770/5562
f 5420/5563 5397/5564 5421/5565
f 5394/5566 5393/5567 5585/5568
f 5751/5569 5763/5570 5749/5571
f 5763/5572 5490/5573 5749/5574
f 5585/5575 5393/5576 5392/5577
f 5391/5578 5407/5579 5585/5580
f 5376/5581 5750/5582 5377/5583
f 5376/5584 5375/5585 5750/5586
f 5375/5587 5584/5588 5750/5589
f 5377/5590 5772/5591 5378/5592
f 5416/5593 5584/5594 5375/5595
f 5377/5596 5750/5597 5772/5598
f 5467/5599 5411/5600 5378/5601
f 5378/5602 5772/5603 5467/5604
f 5400/5605 5762/5606 5401/5607
f 5762/5608 5773/5609 5401/5610
f 5404/5611 5781/5612 5405/5613
f 5781/5614 5782/5615 5405/5616
f 5399/5617 5764/5618 5761/5619
f 5398/5620 5594/5621 5399/5622
f 5594/5623 5764/5624 5399/5625
f 5405/5626 5782/5627 5406/5628
f 5782/5629 5615/5630 5406/5631
f 5400/5632 5760/5633 5762/5634
f 5776/5635 5403/5636 5775/5637
f 5403/5638 5402/5639 5775/5640
f 5402/5641 5774/5642 5775/5643
f 5774/5644 5402/5645 5773/5646
f 5402/5647 5401/5648 5773/5649
f 5399/5650 5761/5651 5400/5652
f 5761/5653 5760/5654 5400/5655
f 5778/5656 5404/5657 5777/5658
f 5776/5659 5777/5660 5403/5661
f 5777/5662 5404/5663 5403/5664
f 5436/5665 5525/5666 5780/5667
f 5525/5668 5787/5669 5780/5670
f 5404/5671 5778/5672 5781/5673
f 5752/5674 5784/5675 5489/5676
f 5784/5677 5779/5678 5489/5679
f 5435/5680 5524/5681 5436/5682
f 5524/5683 5525/5684 5436/5685
f 5434/5686 5523/5687 5435/5688
f 5523/5689 5524/5690 5435/5691
f 5417/5692 5516/5693 5434/5694
f 5516/5695 5523/5696 5434/5697
f 5433/5698 5522/5699 5417/5700
f 5522/5701 5516/5702 5417/5703
f 5432/5704 5521/5705 5433/5706
f 5521/5707 5522/5708 5433/5709
f 5429/5710 5518/5711 5430/5712
f 5518/5713 5519/5714 5430/5715
f 5428/5716 5517/5717 5429/5718
f 5517/5719 5518/5720 5429/5721
f 5431/5722 5520/5723 5432/5724
f 5520/5725 5521/5726 5432/5727
f 5430/5728 5519/5729 5431/5730
f 5519/5731 5520/5732 5431/5733
f 5489/5734 5779/5735 5526/5736
f 5438/5737 5783/5738 5439/5739
f 5783/5740 5617/5741 5439/5742
f 5437/5743 5786/5744 5438/5745
f 5786/5746 5783/5747 5438/5748
f 5442/5749 5785/5750 5437/5751
f 5785/5752 5786/5753 5437/5754
f 5441/5755 5440/5756 5395/5757
f 5443/5758 5441/5759 5395/5760
f 5444/5761 5443/5762 5427/5763
f 5395/5764 5440/5765 5396/5766
f 5427/5767 5443/5768 5395/5769
f 5800/5770 5802/5771 5806/5772
f 5802/5773 5805/5774 5806/5775
f 5800/5776 5806/5777 5798/5778
f 5806/5779 5808/5780 5798/5781
f 5796/5782 5798/5783 5810/5784
f 5798/5785 5808/5786 5810/5787
f 5631/5788 5796/5789 5480/5790
f 5796/5791 5810/5792 5480/5793
f 5793/5794 5813/5795 5794/5796
f 5813/5797 5812/5798 5794/5799
f 5813/5800 5799/5801 5812/5802
f 5799/5803 5797/5804 5812/5805
f 5792/5806 5791/5807 5458/5808
f 5791/5809 5814/5810 5458/5811
f 5458/5812 5814/5813 5450/5814
f 5814/5815 5801/5816 5450/5817
f 5789/5818 5815/5819 5790/5820
f 5815/5821 5459/5822 5790/5823
f 5815/5824 5803/5825 5459/5826
f 5803/5827 5451/5828 5459/5829
f 5622/5830 5484/5831 5788/5832
f 5484/5833 5816/5834 5788/5835
f 5681/5836 5486/5837 5460/5838
f 5486/5839 5452/5840 5460/5841
f 5679/5842 5811/5843 5656/5844
f 5811/5845 5817/5846 5656/5847
f 5456/5848 5809/5849 5818/5850
f 5809/5851 5819/5852 5818/5853
f 5807/5854 5821/5855 5455/5856
f 5821/5857 5820/5858 5455/5859
f 5454/5860 5453/5861 5822/5862
f 5453/5863 5823/5864 5822/5865
f 5497/5866 5844/5867 5830/5868
f 5844/5869 5831/5870 5830/5871
f 5499/5872 5846/5873 5683/5874
f 5846/5875 5829/5876 5683/5877
f 5492/5878 5688/5879 5835/5880
f 5688/5881 5674/5882 5835/5883
f 5842/5884 5841/5885 5833/5886
f 5841/5887 5834/5888 5833/5889
f 5844/5890 5843/5891 5831/5892
f 5843/5893 5832/5894 5831/5895
f 5846/5896 5497/5897 5829/5898
f 5497/5899 5830/5900 5829/5901
f 5841/5902 5492/5903 5834/5904
f 5492/5905 5835/5906 5834/5907
f 5843/5908 5842/5909 5832/5910
f 5842/5911 5833/5912 5832/5913
f 5498/5914 5695/5915 5468/5916
f 5491/5917 5840/5918 5468/5919
f 5494/5920 5495/5921 5468/5922
f 5461/5923 5462/5924 5678/5925
f 5845/5926 5498/5927 5468/5928
f 5804/5929 5640/5930 5824/5931
f 5640/5932 5483/5933 5824/5934
f 5802/5935 5682/5936 5805/5937
f 5682/5938 5485/5939 5805/5940
f 5457/5941 5449/5942 5479/5943
f 5449/5944 5481/5945 5479/5946
f 5795/5947 5457/5948 5680/5949
f 5457/5950 5479/5951 5680/5952
f 5495/5953 5496/5954 5468/5955
f 5840/5956 5493/5957 5468/5958
f 5496/5959 5845/5960 5468/5961
f 5493/5962 5494/5963 5468/5964
f 5464/5965 5678/5966 5463/5967
f 5827/5968 5825/5969 5763/5970
f 5825/5971 5490/5972 5763/5973
f 5678/5974 5462/5975 5463/5976
f 5461/5977 5678/5978 5478/5979
f 5446/5980 5447/5981 5826/5982
f 5446/5983 5826/5984 5445/5985
f 5445/5986 5826/5987 5677/5988
f 5447/5989 5448/5990 5772/5991
f 5487/5992 5445/5993 5677/5994
f 5447/5995 5772/5996 5826/5997
f 5467/5998 5448/5999 5482/6000
f 5448/6001 5467/6002 5772/6003
f 5471/6004 5472/6005 5838/6006
f 5472/6007 5847/6008 5838/6009
f 5475/6010 5476/6011 5855/6012
f 5476/6013 5856/6014 5855/6015
f 5470/6016 5837/6017 5839/6018
f 5469/6019 5470/6020 5686/6021
f 5470/6022 5839/6023 5686/6024
f 5476/6025 5477/6026 5856/6027
f 5477/6028 5706/6029 5856/6030
f 5471/6031 5838/6032 5836/6033
f 5850/6034 5849/6035 5474/6036
f 5474/6037 5849/6038 5473/6039
f 5849/6040 5848/6041 5473/6042
f 5848/6043 5847/6044 5473/6045
f 5847/6046 5472/6047 5473/6048
f 5470/6049 5471/6050 5837/6051
f 5471/6052 5836/6053 5837/6054
f 5852/6055 5851/6056 5475/6057
f 5850/6058 5474/6059 5851/6060
f 5474/6061 5475/6062 5851/6063
f 5509/6064 5854/6065 5525/6066
f 5854/6067 5787/6068 5525/6069
f 5475/6070 5855/6071 5852/6072
f 5828/6073 5489/6074 5858/6075
f 5489/6076 5853/6077 5858/6078
f 5508/6079 5509/6080 5524/6081
f 5509/6082 5525/6083 5524/6084
f 5507/6085 5508/6086 5523/6087
f 5508/6088 5524/6089 5523/6090
f 5488/6091 5507/6092 5516/6093
f 5507/6094 5523/6095 5516/6096
f 5506/6097 5488/6098 5522/6099
f 5488/6100 5516/6101 5522/6102
f 5505/6103 5506/6104 5521/6105
f 5506/6106 5522/6107 5521/6108
f 5502/6109 5503/6110 5518/6111
f 5503/6112 5519/6113 5518/6114
f 5501/6115 5502/6116 5517/6117
f 5502/6118 5518/6119 5517/6120
f 5504/6121 5505/6122 5520/6123
f 5505/6124 5521/6125 5520/6126
f 5503/6127 5504/6128 5519/6129
f 5504/6130 5520/6131 5519/6132
f 5489/6133 5526/6134 5853/6135
f 5511/6136 5512/6137 5857/6138
f 5512/6139 5708/6140 5857/6141
f 5510/6142 5511/6143 5860/6144
f 5511/6145 5857/6146 5860/6147
f 5515/6148 5510/6149 5859/6150
f 5510/6151 5860/6152 5859/6153
f 5514/6154 5465/6155 5513/6156
f 5527/6157 5465/6158 5514/6159
f 5528/6160 5500/6161 5527/6162
f 5465/6163 5466/6164 5513/6165
f 5500/6166 5465/6167 5527/6168
o Part.8
v -5.8 10.452 -1.7
v -5.8 13.3 -1.7
v -3 13.3 -1.7
v -4 9.6 -1.7
v -4.918 9.783 -1.7
v -5.703 10.301 -1.7
v -6.212 11.074 -1.7
v -3.519 14.357 -1.7
v -6.4 12.131 -1.7
v -4.481 14.357 -1.7
v -4 6.4 -2
v -4.918 6.217 -2
v -5.697 5.697 -2
v -6.217 4.918 -2
v -6.4 4 -2
v -6.217 3.082 -2
v -5.697 2.303 -2
v -4.918 1.783 -2
v -4 1.6 -2
v -3.082 1.783 -2
v -2.303 2.303 -2
v -1.783 3.082 -2
v -1.6 4 -2
v -1.783 4.918 -2
v -2.303 5.697 -2
v -3.082 6.217 -2
v -4 6.4 -3.6
v -4.918 6.217 -3.6
v -5.697 5.697 -3.6
v -6.217 4.918 -3.6
v -6.4 4 -3.6
v -6.217 3.082 -3.6
v -5.697 2.303 -3.6
v -4.918 1.783 -3.6
v -4 1.6 -3.6
v -3.082 1.783 -3.6
v -2.303 2.303 -3.6
v -1.783 3.082 -3.6
v -1.6 4 -3.6
v -1.783 4.918 -3.6
v -2.303 5.697 -3.6
v -3.082 6.217 -3.6
v -5.697 10.303 1.881
v -4.918 9.783 1.541
v -4 9.6 1.311
v -3.082 9.783 1.541
v -4.634 14.316 -1.797
v -5.702 13.743 -2.545
v -6.2 12.998 -3.117
v -6.4 12.131 -3.476
v -6.212 11.074 -3.6
v -5.703 10.301 -3.6
v -4.918 9.783 -3.6
v -4 9.6 -3.6
v -3.082 9.783 -3.6
v -2.3 10.301 -3.6
v -1.781 11.08 -3.6
v -1.6 12.131 -3.476
v -1.792 12.998 -3.117
v -2.298 13.743 -2.545
v -3.366 14.316 -1.797
v -0.84 11.2 -3.6
v -0.84 8.237 2
v -0.84 8.656 2.543
v -0.84 9.401 3.115
v -0.84 10.268 3.474
v -0.84 11.2 3.597
v -0.84 12.131 3.474
v -0.84 12.998 3.115
v -0.84 13.743 2.543
v -0.84 14.315 1.798
v -0.84 14.675 0.93
v -0.84 14.8 0
v -0.84 14.675 -0.932
v -0.84 14.315 -1.798
v -0.84 13.743 -2.545
v -0.84 12.998 -3.117
v -0.84 12.131 -3.476
v -7.319 11.2 -3.599
v -7.406 8.656 2.543
v -7.381 9.401 3.115
v -7.319 11.2 3.597
v -7.287 12.131 3.474
v -7.233 13.743 2.543
v -7.2 14.675 0.93
v -7.2 14.675 -0.932
v -7.208 14.315 -1.798
v -7.233 13.743 -2.545
v -7.258 12.998 -3.117
v -7.287 12.131 -3.476
v -0.84 7.935 2
v -0.84 7.42 0.806
v -0.84 7.301 0
v -0.84 7.427 -0.932
v -0.84 7.74 -1.85
v -0.84 8.224 -2.545
v -0.84 8.808 -3.117
v -0.84 9.264 -3.481
v -0.84 9.482 -3.6
v -0.5 9.482 -3.6
v -0.5 9.264 -3.481
v -0.5 8.808 -3.117
v -0.5 8.224 -2.545
v -0.5 7.74 -1.85
v -0.5 7.427 -0.932
v -0.5 7.301 0
v -0.5 7.42 0.806
v -0.5 7.935 2
v -0.5 0.02 -3.6
v -7.7 0.02 -3.6
v -7.7 0.02 4.36
v -1.6 0.02 2.8
v -0.5 3.2 2
v -7.592 3.2 2
v -0.5 3.2 4.36
v -0.5 0.02 4.36
v -1.6 0.02 -2
v -3 10.741 -1.109
v -3 10.351 -0.849
v -3 10.091 -0.459
v -3 10 0
v -3 10.091 0.459
v -3 10.351 0.849
v -3 10.741 1.109
v -3 11.2 1.2
v -3 11.659 1.109
v -3 12.049 0.849
v -3 12.309 0.459
v -3 12.4 0
v -3 12.309 -0.459
v -3 12.049 -0.849
v -3 11.659 -1.109
v -3 11.2 -1.2
v -7.42 8.237 2
v -7.351 10.268 3.474
v -7.258 12.998 3.115
v -7.213 14.315 1.798
v -7.197 14.8 0
v -7.592 3.2 4.36
v -6.4 0.02 -2
v -6.4 0.02 2.8
v -6.4 2 1.2
v -6.4 2 2.8
v -1.6 2 1.2
v -1.6 2 2.8
v -1.6 5.803 -2
v -6.4 5.803 -2
v -5.8 12.758 1.393
v -5.8 10.452 1.921
v -5.8 12 1.936
v -2.298 13.743 -1.7
v -1.781 11.08 -1.7
v -1.6 12.096 -1.7
v -1.791 12.955 -1.7
v -3.082 9.783 -1.7
v -6.2 12.998 -1.7
v -0.84 11.2 -1.2
v -0.84 11.659 -1.109
v -0.84 12.049 -0.849
v -0.84 12.309 -0.459
v -0.84 12.4 0
v -0.84 12.309 0.459
v -0.84 12.049 0.849
v -0.84 11.659 1.109
v -0.84 11.2 1.2
v -0.84 10.741 1.109
v -0.84 10.351 0.849
v -0.84 10.091 0.459
v -0.84 10 0
v -0.84 10.091 -0.459
v -0.84 10.351 -0.849
v -0.84 10.741 -1.109
v -2.02 13.3 -1.7
v -2.3 10.301 -1.7
v -3 9.838 -1.7
v -5.702 13.743 -1.7
v -4.634 14.316 -1.7
v -3.366 14.316 -1.7
v -5.8 13.3 0.699
v -3 13.3 0.699
v -5.8 11.082 2.074
v -3 9.835 1.574
v -3 10.303 1.881
v -3 11.082 2.074
v -3 12 1.936
v -3 12.758 1.393
v -4 6.55 -2
v -4.75 6.55 -2
v -5.803 5.803 -2
v -2.197 5.803 -2
v -3.25 6.55 -2
v -1.6 5.803 1.2
v -6.4 5.803 1.2
v -4.749 6.55 0.747
v -5.803 5.803 1.2
v -2.197 5.803 1.2
v -3.25 6.55 0.746
v -2.946 6.335 0.992
v -5.054 6.336 0.992
v -5.438 6.062 1.146
v -2.562 6.062 1.146
v -5.8 10.452 -1.7
v -5.8 10.452 -1.7
v -5.8 13.3 -1.7
v -5.8 13.3 -1.7
v -6.2 12.998 -1.7
v -5.702 13.743 -1.7
v -3 13.3 -1.7
v -3 13.3 -1.7
v -3 9.838 -1.7
v -3 9.838 -1.7
v -4 6.4 -2
v -4.918 6.217 -2
v -5.697 5.697 -2
v -6.217 4.918 -2
v -6.4 4 -2
v -6.4 4 -2
v -6.4 4 -2
v -6.217 3.082 -2
v -5.697 2.303 -2
v -4.918 1.783 -2
v -4 1.6 -2
v -3.082 1.783 -2
v -2.303 2.303 -2
v -1.783 3.082 -2
v -1.6 4 -2
v -1.6 4 -2
v -1.6 4 -2
v -1.783 4.918 -2
v -2.303 5.697 -2
v -3.082 6.217 -2
v -4 6.4 -3.6
v -4.918 6.217 -3.6
v -5.697 5.697 -3.6
v -6.217 4.918 -3.6
v -6.4 4 -3.6
v -6.217 3.082 -3.6
v -5.697 2.303 -3.6
v -4.918 1.783 -3.6
v -4 1.6 -3.6
v -3.082 1.783 -3.6
v -2.303 2.303 -3.6
v -1.783 3.082 -3.6
v -1.6 4 -3.6
v -1.783 4.918 -3.6
v -2.303 5.697 -3.6
v -3.082 6.217 -3.6
v -5.697 10.303 1.881
v -4.918 9.783 1.541
v -4 9.6 1.311
v -3.082 9.783 1.541
v -4.481 14.357 -1.7
v -4.481 14.357 -1.7
v -4.634 14.316 -1.797
v -5.702 13.743 -2.545
v -6.2 12.998 -3.117
v -6.4 12.131 -3.476
v -6.212 11.074 -3.6
v -5.703 10.301 -3.6
v -4.918 9.783 -3.6
v -4 9.6 -3.6
v -3.082 9.783 -3.6
v -2.3 10.301 -3.6
v -1.781 11.08 -3.6
v -1.6 12.131 -3.476
v -1.792 12.998 -3.117
v -2.298 13.743 -2.545
v -3.366 14.316 -1.797
v -3.519 14.357 -1.7
v -3.519 14.357 -1.7
v -7.197 14.8 0
v -7.2 14.675 -0.932
v -7.213 14.315 1.798
v -7.2 14.675 0.93
v -7.258 12.998 3.115
v -7.233 13.743 2.543
v -7.351 10.268 3.474
v -7.319 11.2 3.597
v -7.42 8.237 2
v -7.42 8.237 2
v -7.406 8.656 2.543
v -0.84 8.237 2
v -0.84 8.237 2
v -0.84 8.656 2.543
v -0.84 9.401 3.115
v -7.381 9.401 3.115
v -0.84 10.268 3.474
v -0.84 11.2 3.597
v -0.84 12.131 3.474
v -7.287 12.131 3.474
v -0.84 12.998 3.115
v -0.84 13.743 2.543
v -0.84 14.315 1.798
v -0.84 14.675 0.93
v -0.84 14.8 0
v -0.84 14.675 -0.932
v -0.84 14.315 -1.798
v -7.208 14.315 -1.798
v -0.84 13.743 -2.545
v -7.233 13.743 -2.545
v -0.84 12.998 -3.117
v -7.258 12.998 -3.117
v -0.84 12.131 -3.476
v -7.287 12.131 -3.476
v -0.84 11.2 -3.6
v -7.319 11.2 -3.599
v -0.84 7.935 2
v -0.84 7.935 2
v -0.84 7.42 0.806
v -0.84 7.301 0
v -0.84 7.427 -0.932
v -0.84 7.74 -1.85
v -0.84 8.224 -2.545
v -7.7 0.02 -3.6
v -7.7 0.02 -3.6
v -0.84 8.808 -3.117
v -0.84 9.264 -3.481
v -0.84 9.482 -3.6
v -0.84 9.482 -3.6
v -0.5 9.482 -3.6
v -0.5 9.482 -3.6
v -0.5 9.264 -3.481
v -0.5 8.808 -3.117
v -0.5 8.224 -2.545
v -0.5 7.74 -1.85
v -0.5 7.427 -0.932
v -0.5 7.301 0
v -0.5 7.42 0.806
v -0.5 7.935 2
v -0.5 7.935 2
v -1.6 0.02 2.8
v -1.6 0.02 2.8
v -1.6 0.02 -2
v -1.6 0.02 -2
v -0.5 3.2 2
v -0.5 3.2 2
v -0.5 3.2 4.36
v -0.5 3.2 4.36
v -0.5 0.02 4.36
v -0.5 0.02 4.36
v -0.5 0.02 -3.6
v -0.5 0.02 -3.6
v -3 11.2 -1.2
v -3 10.741 -1.109
v -3 10.351 -0.849
v -3 10.091 -0.459
v -3 10 0
v -3 10.091 0.459
v -3 10.351 0.849
v -3 10.741 1.109
v -3 11.2 1.2
v -3 11.659 1.109
v -3 12.049 0.849
v -3 12.309 0.459
v -3 12.4 0
v -3 12.309 -0.459
v -3 12.049 -0.849
v -3 11.659 -1.109
v -6.4 0.02 -2
v -6.4 0.02 -2
v -7.592 3.2 4.36
v -7.592 3.2 4.36
v -7.592 3.2 2
v -7.592 3.2 2
v -6.4 2 1.2
v -6.4 2 1.2
v -6.4 2 2.8
v -6.4 2 2.8
v -1.6 2 2.8
v -1.6 2 2.8
v -1.6 2 1.2
v -1.6 2 1.2
v -2.197 5.803 1.2
v -2.197 5.803 1.2
v -1.6 5.803 1.2
v -1.6 5.803 1.2
v -6.4 0.02 2.8
v -6.4 0.02 2.8
v -7.7 0.02 4.36
v -7.7 0.02 4.36
v -6.4 5.803 1.2
v -6.4 5.803 1.2
v -5.8 10.452 1.921
v -5.8 10.452 1.921
v -5.8 11.082 2.074
v -5.8 12 1.936
v -5.8 12.758 1.393
v -3 9.835 1.574
v -3 9.835 1.574
v -2.298 13.743 -1.7
v -2.02 13.3 -1.7
v -1.791 12.955 -1.7
v -1.781 11.08 -1.7
v -2.3 10.301 -1.7
v -1.6 12.096 -1.7
v -3.366 14.316 -1.7
v -6.4 12.131 -1.7
v -6.212 11.074 -1.7
v -4.634 14.316 -1.7
v -1.6 5.803 -2
v -1.6 5.803 -2
v -6.4 5.803 -2
v -6.4 5.803 -2
v -5.803 5.803 -2
v -5.803 5.803 -2
v -2.197 5.803 -2
v -2.197 5.803 -2
v -0.84 11.659 -1.109
v -0.84 11.2 -1.2
v -0.84 12.049 -0.849
v -0.84 12.309 -0.459
v -0.84 12.4 0
v -0.84 12.309 0.459
v -0.84 12.049 0.849
v -0.84 11.659 1.109
v -0.84 11.2 1.2
v -0.84 10.741 1.109
v -0.84 10.351 0.849
v -0.84 10.091 0.459
v -0.84 10 0
v -0.84 10.091 -0.459
v -0.84 10.351 -0.849
v -0.84 10.741 -1.109
v -5.8 13.3 0.699
v -5.8 13.3 0.699
v -3 13.3 0.699
v -3 13.3 0.699
v -3 12.758 1.393
v -3 12 1.936
v -3 11.082 2.074
v -3 10.303 1.881
v -4 6.55 -2
v -4.75 6.55 -2
v -4.75 6.55 -2
v -3.25 6.55 -2
v -3.25 6.55 -2
v -5.803 5.803 1.2
v -5.803 5.803 1.2
v -2.946 6.335 0.992
v -3.25 6.55 0.746
v -3.25 6.55 0.746
v -4.749 6.55 0.747
v -4.749 6.55 0.747
v -5.054 6.336 0.992
v -5.438 6.062 1.146
v -2.562 6.062 1.146
vt 0.793 0.916
vt 0.804 0.936
vt 0.797 0.897
vt 0.797 0.897
vt 0.797 0.897
vt 0.804 0.887
vt 0.797 0.897
vt 0.793 0.916
vt 0.797 0.897
vt 0.793 0.916
vt 0.793 0.916
vt 0.797 0.897
vt 0.797 0.931
vt 0.797 0.931
vt 0.793 0.916
vt 0.797 0.931
vt 0.793 0.916
vt 0.793 0.916
vt 0.804 0.887
vt 0.805 0.884
vt 0.797 0.897
vt 0.805 0.884
vt 0.805 0.884
vt 0.797 0.897
vt 0.797 0.897
vt 0.804 0.936
vt 0.804 0.887
vt 0.819 0.875
vt 0.805 0.884
vt 0.819 0.875
vt 0.805 0.884
vt 0.805 0.884
vt 0.819 0.875
vt 0.851 0.813
vt 0.864 0.804
vt 0.851 0.813
vt 0.864 0.804
vt 0.864 0.804
vt 0.851 0.813
vt 0.851 0.813
vt 0.851 0.813
vt 0.835 0.816
vt 0.851 0.813
vt 0.835 0.816
vt 0.835 0.816
vt 0.819 0.813
vt 0.835 0.816
vt 0.819 0.813
vt 0.835 0.816
vt 0.835 0.816
vt 0.819 0.813
vt 0.805 0.804
vt 0.819 0.813
vt 0.805 0.804
vt 0.819 0.813
vt 0.819 0.813
vt 0.805 0.804
vt 0.796 0.791
vt 0.805 0.804
vt 0.796 0.791
vt 0.805 0.804
vt 0.805 0.804
vt 0.796 0.791
vt 0.793 0.775
vt 0.796 0.791
vt 0.793 0.775
vt 0.796 0.791
vt 0.796 0.791
vt 0.793 0.775
vt 0.796 0.759
vt 0.793 0.775
vt 0.796 0.759
vt 0.793 0.775
vt 0.793 0.775
vt 0.796 0.759
vt 0.805 0.745
vt 0.796 0.759
vt 0.805 0.745
vt 0.796 0.759
vt 0.796 0.759
vt 0.805 0.745
vt 0.819 0.736
vt 0.805 0.745
vt 0.819 0.736
vt 0.805 0.745
vt 0.805 0.745
vt 0.819 0.736
vt 0.835 0.733
vt 0.819 0.736
vt 0.835 0.733
vt 0.819 0.736
vt 0.819 0.736
vt 0.835 0.733
vt 0.851 0.736
vt 0.835 0.733
vt 0.851 0.736
vt 0.835 0.733
vt 0.835 0.733
vt 0.851 0.736
vt 0.864 0.745
vt 0.851 0.736
vt 0.864 0.745
vt 0.851 0.736
vt 0.851 0.736
vt 0.864 0.745
vt 0.873 0.759
vt 0.864 0.745
vt 0.873 0.759
vt 0.864 0.745
vt 0.864 0.745
vt 0.873 0.759
vt 0.877 0.775
vt 0.873 0.759
vt 0.877 0.775
vt 0.873 0.759
vt 0.873 0.759
vt 0.877 0.775
vt 0.873 0.791
vt 0.877 0.775
vt 0.873 0.791
vt 0.877 0.775
vt 0.877 0.775
vt 0.873 0.791
vt 0.864 0.804
vt 0.873 0.791
vt 0.864 0.804
vt 0.873 0.791
vt 0.873 0.791
vt 0.864 0.804
vt 0.34 0.016
vt 0.34 0.148
vt 0.008 0.016
vt 0.34 0.148
vt 0.242 0.148
vt 0.008 0.016
vt 0.636 0.346
vt 0.362 0.358
vt 0.65 0.149
vt 0.362 0.358
vt 0.355 0.149
vt 0.65 0.149
vt 0.362 0.376
vt 0.362 0.358
vt 0.636 0.376
vt 0.362 0.358
vt 0.636 0.358
vt 0.636 0.376
vt 0.365 0.443
vt 0.363 0.407
vt 0.636 0.443
vt 0.363 0.407
vt 0.636 0.407
vt 0.636 0.443
vt 0.367 0.521
vt 0.366 0.482
vt 0.636 0.521
vt 0.366 0.482
vt 0.636 0.482
vt 0.636 0.521
vt 0.986 0.401
vt 0.991 0.41
vt 0.986 0.401
vt 0.991 0.41
vt 0.991 0.41
vt 0.986 0.401
vt 0.971 0.382
vt 0.986 0.401
vt 0.971 0.382
vt 0.986 0.401
vt 0.986 0.401
vt 0.971 0.382
vt 0.947 0.358
vt 0.971 0.382
vt 0.947 0.358
vt 0.971 0.382
vt 0.971 0.382
vt 0.947 0.358
vt 0.918 0.338
vt 0.947 0.358
vt 0.918 0.338
vt 0.947 0.358
vt 0.947 0.358
vt 0.918 0.338
vt 0.88 0.325
vt 0.918 0.338
vt 0.88 0.325
vt 0.918 0.338
vt 0.918 0.338
vt 0.88 0.325
vt 0.841 0.319
vt 0.88 0.325
vt 0.841 0.319
vt 0.88 0.325
vt 0.88 0.325
vt 0.841 0.319
vt 0.807 0.324
vt 0.841 0.319
vt 0.807 0.324
vt 0.841 0.319
vt 0.841 0.319
vt 0.807 0.324
vt 0.758 0.346
vt 0.807 0.324
vt 0.758 0.346
vt 0.807 0.324
vt 0.807 0.324
vt 0.758 0.346
vt 0.822 0.819
vt 0.835 0.819
vt 0.822 0.819
vt 0.659 0.149
vt 0.659 0.016
vt 0.758 0.149
vt 0.659 0.016
vt 0.991 0.016
vt 0.758 0.149
vt 0.363 0.407
vt 0.362 0.376
vt 0.636 0.407
vt 0.362 0.376
vt 0.636 0.376
vt 0.636 0.407
vt 0.366 0.482
vt 0.365 0.443
vt 0.636 0.482
vt 0.365 0.443
vt 0.636 0.443
vt 0.636 0.482
vt 0.368 0.557
vt 0.367 0.521
vt 0.636 0.557
vt 0.367 0.521
vt 0.636 0.521
vt 0.636 0.557
vt 0.65 0.346
vt 0.636 0.346
vt 0.65 0.149
vt 0.636 0.346
vt 0.636 0.358
vt 0.362 0.358
vt 0.877 0.74
vt 0.793 0.74
vt 0.877 0.74
vt 0.793 0.74
vt 0.793 0.74
vt 0.877 0.74
vt 0.793 0.74
vt 0.877 0.74
vt 0.793 0.706
vt 0.877 0.74
vt 0.877 0.706
vt 0.793 0.706
vt 0.896 0.706
vt 0.771 0.706
vt 0.877 0.706
vt 0.771 0.706
vt 0.793 0.706
vt 0.877 0.706
vt 0.65 0.149
vt 0.355 0.149
vt 0.65 0.016
vt 0.355 0.149
vt 0.35 0.016
vt 0.65 0.016
vt 0.866 0.806
vt 0.804 0.806
vt 0.86 0.81
vt 0.804 0.806
vt 0.81 0.81
vt 0.86 0.81
vt 0.793 0.74
vt 0.793 0.74
vt 0.793 0.706
vt 0.793 0.74
vt 0.793 0.706
vt 0.793 0.706
vt 0.632 0.697
vt 0.638 0.697
vt 0.632 0.962
vt 0.638 0.697
vt 0.638 0.962
vt 0.632 0.962
vt 0.37 0.612
vt 0.37 0.588
vt 0.636 0.612
vt 0.37 0.588
vt 0.636 0.588
vt 0.636 0.612
vt 0.355 0.149
vt 0.65 0.149
vt 0.355 0.149
vt 0.65 0.149
vt 0.65 0.149
vt 0.355 0.149
vt 0.526 0.962
vt 0.488 0.962
vt 0.526 0.93
vt 0.488 0.962
vt 0.483 0.923
vt 0.526 0.93
vt 0.371 0.632
vt 0.371 0.627
vt 0.636 0.632
vt 0.371 0.627
vt 0.636 0.627
vt 0.636 0.632
vt 0.371 0.627
vt 0.37 0.612
vt 0.636 0.627
vt 0.37 0.612
vt 0.636 0.612
vt 0.636 0.627
vt 0.877 0.74
vt 0.877 0.74
vt 0.877 0.706
vt 0.877 0.74
vt 0.877 0.706
vt 0.877 0.706
vt 0.37 0.588
vt 0.368 0.557
vt 0.636 0.588
vt 0.368 0.557
vt 0.636 0.557
vt 0.636 0.588
vt 0.804 0.887
vt 0.805 0.884
vt 0.804 0.887
vt 0.805 0.884
vt 0.805 0.884
vt 0.804 0.887
vt 0.819 0.875
vt 0.819 0.875
vt 0.805 0.884
vt 0.819 0.875
vt 0.805 0.884
vt 0.805 0.884
vt 0.835 0.872
vt 0.819 0.875
vt 0.835 0.872
vt 0.819 0.875
vt 0.819 0.875
vt 0.835 0.872
vt 0.851 0.875
vt 0.852 0.876
vt 0.851 0.875
vt 0.852 0.876
vt 0.852 0.876
vt 0.851 0.875
vt 0.851 0.875
vt 0.835 0.872
vt 0.851 0.875
vt 0.835 0.872
vt 0.835 0.872
vt 0.851 0.875
vt 0.851 0.875
vt 0.852 0.884
vt 0.852 0.876
vt 0.873 0.931
vt 0.873 0.93
vt 0.864 0.944
vt 0.873 0.93
vt 0.869 0.936
vt 0.864 0.944
vt 0.864 0.884
vt 0.864 0.884
vt 0.873 0.897
vt 0.864 0.884
vt 0.873 0.897
vt 0.873 0.897
vt 0.877 0.916
vt 0.873 0.897
vt 0.877 0.915
vt 0.873 0.897
vt 0.873 0.897
vt 0.877 0.915
vt 0.873 0.931
vt 0.877 0.916
vt 0.873 0.93
vt 0.877 0.916
vt 0.877 0.915
vt 0.873 0.93
vt 0.869 0.936
vt 0.864 0.944
vt 0.864 0.944
vt 0.852 0.876
vt 0.864 0.884
vt 0.864 0.884
vt 0.864 0.884
vt 0.851 0.875
vt 0.852 0.876
vt 0.851 0.875
vt 0.851 0.875
vt 0.852 0.876
vt 0.835 0.872
vt 0.819 0.875
vt 0.835 0.872
vt 0.819 0.875
vt 0.819 0.875
vt 0.835 0.872
vt 0.851 0.875
vt 0.835 0.872
vt 0.851 0.875
vt 0.835 0.872
vt 0.835 0.872
vt 0.851 0.875
vt 0.864 0.944
vt 0.869 0.936
vt 0.852 0.936
vt 0.877 0.706
vt 0.793 0.706
vt 0.896 0.706
vt 0.793 0.706
vt 0.771 0.706
vt 0.896 0.706
vt 0.877 0.706
vt 0.877 0.74
vt 0.877 0.775
vt 0.877 0.806
vt 0.877 0.806
vt 0.877 0.74
vt 0.877 0.806
vt 0.877 0.775
vt 0.877 0.74
vt 0.793 0.706
vt 0.793 0.775
vt 0.793 0.74
vt 0.793 0.74
vt 0.793 0.775
vt 0.793 0.806
vt 0.793 0.775
vt 0.793 0.806
vt 0.793 0.806
vt 0.877 0.806
vt 0.866 0.806
vt 0.873 0.791
vt 0.866 0.806
vt 0.864 0.804
vt 0.873 0.791
vt 0.877 0.806
vt 0.873 0.791
vt 0.877 0.775
vt 0.805 0.804
vt 0.804 0.806
vt 0.796 0.791
vt 0.804 0.806
vt 0.793 0.806
vt 0.796 0.791
vt 0.848 0.819
vt 0.866 0.806
vt 0.848 0.819
vt 0.866 0.806
vt 0.866 0.806
vt 0.848 0.819
vt 0.793 0.806
vt 0.793 0.775
vt 0.796 0.791
vt 0.848 0.819
vt 0.851 0.813
vt 0.866 0.806
vt 0.851 0.813
vt 0.864 0.804
vt 0.866 0.806
vt 0.851 0.813
vt 0.848 0.819
vt 0.835 0.816
vt 0.848 0.819
vt 0.835 0.819
vt 0.835 0.816
vt 0.805 0.804
vt 0.819 0.813
vt 0.804 0.806
vt 0.819 0.813
vt 0.822 0.819
vt 0.804 0.806
vt 0.819 0.813
vt 0.835 0.816
vt 0.822 0.819
vt 0.835 0.816
vt 0.835 0.819
vt 0.822 0.819
vt 0.877 0.775
vt 0.873 0.759
vt 0.877 0.706
vt 0.873 0.759
vt 0.864 0.745
vt 0.877 0.706
vt 0.864 0.745
vt 0.851 0.736
vt 0.877 0.706
vt 0.793 0.706
vt 0.877 0.706
vt 0.835 0.733
vt 0.835 0.733
vt 0.819 0.736
vt 0.793 0.706
vt 0.819 0.736
vt 0.805 0.745
vt 0.793 0.706
vt 0.805 0.745
vt 0.796 0.759
vt 0.793 0.706
vt 0.796 0.759
vt 0.793 0.775
vt 0.793 0.706
vt 0.835 0.733
vt 0.877 0.706
vt 0.851 0.736
vt 0.158 0.632
vt 0.12 0.626
vt 0.197 0.626
vt 0.233 0.611
vt 0.197 0.626
vt 0.083 0.611
vt 0.197 0.626
vt 0.12 0.626
vt 0.083 0.611
vt 0.083 0.611
vt 0.052 0.588
vt 0.233 0.611
vt 0.052 0.588
vt 0.264 0.588
vt 0.233 0.611
vt 0.288 0.557
vt 0.264 0.588
vt 0.029 0.557
vt 0.264 0.588
vt 0.052 0.588
vt 0.029 0.557
vt 0.029 0.557
vt 0.014 0.52
vt 0.288 0.557
vt 0.014 0.52
vt 0.303 0.52
vt 0.288 0.557
vt 0.303 0.52
vt 0.014 0.52
vt 0.308 0.482
vt 0.014 0.52
vt 0.008 0.482
vt 0.308 0.482
vt 0.303 0.443
vt 0.308 0.482
vt 0.264 0.376
vt 0.308 0.482
vt 0.242 0.358
vt 0.264 0.376
vt 0.264 0.376
vt 0.288 0.407
vt 0.303 0.443
vt 0.008 0.482
vt 0.242 0.358
vt 0.308 0.482
vt 0.008 0.482
vt 0.008 0.016
vt 0.242 0.358
vt 0.008 0.016
vt 0.242 0.148
vt 0.242 0.358
vt 0.526 0.73
vt 0.482 0.738
vt 0.526 0.693
vt 0.482 0.738
vt 0.488 0.692
vt 0.526 0.693
vt 0.793 0.706
vt 0.793 0.706
vt 0.771 0.706
vt 0.793 0.706
vt 0.771 0.706
vt 0.771 0.706
vt 0.877 0.706
vt 0.877 0.706
vt 0.896 0.706
vt 0.877 0.706
vt 0.896 0.706
vt 0.896 0.706
vt 0.416 0.962
vt 0.022 0.976
vt 0.188 0.93
vt 0.188 0.93
vt 0.022 0.976
vt 0.15 0.923
vt 0.15 0.923
vt 0.022 0.976
vt 0.117 0.901
vt 0.117 0.901
vt 0.022 0.976
vt 0.095 0.869
vt 0.095 0.869
vt 0.022 0.976
vt 0.088 0.83
vt 0.088 0.83
vt 0.022 0.676
vt 0.095 0.792
vt 0.095 0.792
vt 0.022 0.676
vt 0.117 0.76
vt 0.117 0.76
vt 0.022 0.676
vt 0.15 0.738
vt 0.15 0.738
vt 0.022 0.676
vt 0.188 0.73
vt 0.188 0.73
vt 0.022 0.676
vt 0.488 0.692
vt 0.416 0.962
vt 0.188 0.93
vt 0.226 0.923
vt 0.226 0.738
vt 0.188 0.73
vt 0.488 0.692
vt 0.416 0.962
vt 0.226 0.923
vt 0.258 0.901
vt 0.258 0.76
vt 0.226 0.738
vt 0.488 0.692
vt 0.45 0.901
vt 0.483 0.923
vt 0.416 0.962
vt 0.483 0.923
vt 0.488 0.962
vt 0.416 0.962
vt 0.429 0.792
vt 0.421 0.83
vt 0.28 0.792
vt 0.421 0.83
vt 0.288 0.83
vt 0.28 0.792
vt 0.288 0.83
vt 0.421 0.83
vt 0.28 0.869
vt 0.421 0.83
vt 0.429 0.869
vt 0.28 0.869
vt 0.088 0.83
vt 0.022 0.976
vt 0.022 0.676
vt 0.28 0.792
vt 0.45 0.759
vt 0.429 0.792
vt 0.416 0.962
vt 0.258 0.901
vt 0.429 0.869
vt 0.258 0.901
vt 0.28 0.869
vt 0.429 0.869
vt 0.28 0.792
vt 0.258 0.76
vt 0.45 0.759
vt 0.258 0.76
vt 0.488 0.692
vt 0.45 0.759
vt 0.482 0.738
vt 0.45 0.759
vt 0.488 0.692
vt 0.45 0.901
vt 0.416 0.962
vt 0.429 0.869
vt 0.416 0.976
vt 0.022 0.976
vt 0.416 0.962
vt 0.971 0.382
vt 0.947 0.358
vt 0.991 0.016
vt 0.971 0.382
vt 0.991 0.016
vt 0.986 0.401
vt 0.986 0.401
vt 0.991 0.016
vt 0.991 0.41
vt 0.758 0.346
vt 0.758 0.149
vt 0.807 0.324
vt 0.807 0.324
vt 0.758 0.149
vt 0.841 0.319
vt 0.841 0.319
vt 0.758 0.149
vt 0.88 0.325
vt 0.758 0.149
vt 0.991 0.016
vt 0.88 0.325
vt 0.991 0.016
vt 0.947 0.358
vt 0.918 0.338
vt 0.991 0.016
vt 0.918 0.338
vt 0.88 0.325
vt 0.89 0.892
vt 0.852 0.892
vt 0.89 0.9
vt 0.852 0.892
vt 0.852 0.9
vt 0.89 0.9
vt 0.89 0.908
vt 0.852 0.908
vt 0.89 0.914
vt 0.852 0.908
vt 0.852 0.914
vt 0.89 0.914
vt 0.89 0.919
vt 0.852 0.919
vt 0.89 0.92
vt 0.852 0.919
vt 0.852 0.92
vt 0.89 0.92
vt 0.89 0.9
vt 0.852 0.9
vt 0.89 0.892
vt 0.852 0.9
vt 0.852 0.892
vt 0.89 0.892
vt 0.89 0.919
vt 0.852 0.919
vt 0.89 0.914
vt 0.852 0.919
vt 0.852 0.914
vt 0.89 0.914
vt 0.89 0.885
vt 0.852 0.885
vt 0.89 0.88
vt 0.852 0.885
vt 0.852 0.88
vt 0.89 0.88
vt 0.89 0.908
vt 0.852 0.908
vt 0.89 0.9
vt 0.852 0.908
vt 0.852 0.9
vt 0.89 0.9
vt 0.89 0.879
vt 0.852 0.879
vt 0.89 0.88
vt 0.852 0.879
vt 0.852 0.88
vt 0.89 0.88
vt 0.89 0.885
vt 0.852 0.885
vt 0.89 0.892
vt 0.852 0.885
vt 0.852 0.892
vt 0.89 0.892
vt 0.89 0.9
vt 0.852 0.9
vt 0.89 0.908
vt 0.852 0.9
vt 0.852 0.908
vt 0.89 0.908
vt 0.89 0.914
vt 0.852 0.914
vt 0.89 0.919
vt 0.852 0.914
vt 0.852 0.919
vt 0.89 0.919
vt 0.89 0.92
vt 0.852 0.92
vt 0.89 0.919
vt 0.852 0.92
vt 0.852 0.919
vt 0.89 0.919
vt 0.89 0.892
vt 0.852 0.892
vt 0.89 0.885
vt 0.852 0.892
vt 0.852 0.885
vt 0.89 0.885
vt 0.89 0.914
vt 0.852 0.914
vt 0.89 0.908
vt 0.852 0.914
vt 0.852 0.908
vt 0.89 0.908
vt 0.89 0.88
vt 0.852 0.88
vt 0.89 0.879
vt 0.852 0.88
vt 0.852 0.879
vt 0.89 0.879
vt 0.89 0.88
vt 0.852 0.88
vt 0.89 0.885
vt 0.852 0.88
vt 0.852 0.885
vt 0.89 0.885
vt 0.797 0.931
vt 0.797 0.931
vt 0.805 0.944
vt 0.797 0.931
vt 0.805 0.944
vt 0.805 0.944
vt 0.526 0.73
vt 0.526 0.693
vt 0.563 0.739
vt 0.526 0.693
vt 0.563 0.695
vt 0.563 0.739
vt 0.526 0.93
vt 0.563 0.922
vt 0.526 0.962
vt 0.563 0.922
vt 0.563 0.962
vt 0.526 0.962
vt 0.797 0.931
vt 0.804 0.936
vt 0.793 0.916
vt 0.804 0.936
vt 0.797 0.931
vt 0.805 0.944
vt 0.852 0.936
vt 0.864 0.884
vt 0.852 0.876
vt 0.852 0.936
vt 0.873 0.897
vt 0.864 0.884
vt 0.852 0.936
vt 0.877 0.915
vt 0.873 0.897
vt 0.852 0.936
vt 0.873 0.93
vt 0.877 0.915
vt 0.852 0.936
vt 0.869 0.936
vt 0.873 0.93
vt 0.824 0.954
vt 0.827 0.954
vt 0.824 0.954
vt 0.843 0.954
vt 0.852 0.936
vt 0.827 0.954
vt 0.846 0.954
vt 0.846 0.954
vt 0.843 0.954
vt 0.563 0.739
vt 0.563 0.695
vt 0.594 0.76
vt 0.563 0.695
vt 0.594 0.696
vt 0.594 0.76
vt 0.563 0.922
vt 0.594 0.901
vt 0.563 0.962
vt 0.594 0.901
vt 0.594 0.962
vt 0.563 0.962
vt 0.824 0.954
vt 0.824 0.954
vt 0.805 0.944
vt 0.824 0.954
vt 0.805 0.944
vt 0.805 0.944
vt 0.846 0.954
vt 0.864 0.944
vt 0.846 0.954
vt 0.864 0.944
vt 0.864 0.944
vt 0.846 0.954
vt 0.843 0.954
vt 0.846 0.954
vt 0.852 0.936
vt 0.846 0.954
vt 0.864 0.944
vt 0.852 0.936
vt 0.824 0.954
vt 0.827 0.954
vt 0.852 0.936
vt 0.824 0.954
vt 0.852 0.936
vt 0.805 0.944
vt 0.852 0.936
vt 0.804 0.936
vt 0.805 0.944
vt 0.594 0.76
vt 0.594 0.696
vt 0.618 0.804
vt 0.594 0.696
vt 0.617 0.697
vt 0.618 0.804
vt 0.594 0.901
vt 0.618 0.857
vt 0.594 0.962
vt 0.618 0.857
vt 0.617 0.962
vt 0.594 0.962
vt 0.619 0.85
vt 0.632 0.962
vt 0.618 0.857
vt 0.632 0.962
vt 0.617 0.962
vt 0.618 0.857
vt 0.632 0.962
vt 0.619 0.85
vt 0.632 0.697
vt 0.619 0.85
vt 0.619 0.81
vt 0.632 0.697
vt 0.619 0.81
vt 0.618 0.804
vt 0.632 0.697
vt 0.618 0.804
vt 0.617 0.697
vt 0.632 0.697
vt 0.852 0.936
vt 0.852 0.927
vt 0.804 0.936
vt 0.852 0.927
vt 0.804 0.927
vt 0.804 0.936
vt 0.804 0.936
vt 0.852 0.936
vt 0.804 0.936
vt 0.852 0.936
vt 0.852 0.936
vt 0.804 0.936
vt 0.852 0.913
vt 0.804 0.913
vt 0.852 0.927
vt 0.804 0.913
vt 0.804 0.927
vt 0.852 0.927
vt 0.852 0.897
vt 0.804 0.897
vt 0.852 0.913
vt 0.804 0.897
vt 0.804 0.913
vt 0.852 0.913
vt 0.835 0.872
vt 0.819 0.875
vt 0.851 0.875
vt 0.805 0.884
vt 0.852 0.884
vt 0.819 0.875
vt 0.852 0.884
vt 0.851 0.875
vt 0.819 0.875
vt 0.804 0.887
vt 0.804 0.897
vt 0.805 0.884
vt 0.852 0.897
vt 0.852 0.884
vt 0.804 0.897
vt 0.852 0.884
vt 0.805 0.884
vt 0.804 0.897
vt 0.852 0.892
vt 0.852 0.884
vt 0.852 0.9
vt 0.852 0.884
vt 0.852 0.897
vt 0.852 0.9
vt 0.852 0.879
vt 0.852 0.876
vt 0.852 0.876
vt 0.852 0.879
vt 0.852 0.88
vt 0.852 0.876
vt 0.852 0.88
vt 0.852 0.885
vt 0.852 0.876
vt 0.852 0.885
vt 0.852 0.892
vt 0.852 0.876
vt 0.852 0.892
vt 0.852 0.9
vt 0.852 0.876
vt 0.852 0.927
vt 0.852 0.936
vt 0.852 0.919
vt 0.852 0.936
vt 0.852 0.92
vt 0.852 0.919
vt 0.852 0.88
vt 0.852 0.876
vt 0.852 0.885
vt 0.852 0.9
vt 0.852 0.936
vt 0.852 0.876
vt 0.852 0.913
vt 0.852 0.908
vt 0.852 0.897
vt 0.852 0.908
vt 0.852 0.9
vt 0.852 0.897
vt 0.852 0.88
vt 0.852 0.879
vt 0.852 0.876
vt 0.852 0.927
vt 0.852 0.914
vt 0.852 0.913
vt 0.852 0.914
vt 0.852 0.908
vt 0.852 0.913
vt 0.852 0.908
vt 0.852 0.936
vt 0.852 0.9
vt 0.804 0.887
vt 0.804 0.927
vt 0.804 0.887
vt 0.804 0.927
vt 0.804 0.897
vt 0.804 0.887
vt 0.852 0.885
vt 0.852 0.876
vt 0.852 0.892
vt 0.852 0.876
vt 0.852 0.884
vt 0.852 0.892
vt 0.852 0.914
vt 0.852 0.936
vt 0.852 0.908
vt 0.852 0.927
vt 0.852 0.919
vt 0.852 0.914
vt 0.852 0.919
vt 0.852 0.936
vt 0.852 0.914
vt 0.804 0.927
vt 0.804 0.887
vt 0.804 0.936
vt 0.804 0.887
vt 0.804 0.936
vt 0.804 0.936
vt 0.852 0.92
vt 0.852 0.936
vt 0.852 0.919
vt 0.852 0.936
vt 0.852 0.936
vt 0.852 0.919
vt 0.804 0.927
vt 0.804 0.913
vt 0.804 0.897
vt 0.947 0.358
vt 0.876 0.446
vt 0.918 0.338
vt 0.876 0.446
vt 0.86 0.436
vt 0.918 0.338
vt 0.841 0.432
vt 0.807 0.324
vt 0.841 0.319
vt 0.758 0.358
vt 0.758 0.346
vt 0.807 0.324
vt 0.86 0.436
vt 0.841 0.432
vt 0.88 0.325
vt 0.841 0.432
vt 0.841 0.319
vt 0.88 0.325
vt 0.86 0.528
vt 0.876 0.517
vt 0.88 0.627
vt 0.876 0.517
vt 0.916 0.612
vt 0.88 0.627
vt 0.806 0.446
vt 0.795 0.463
vt 0.735 0.376
vt 0.795 0.463
vt 0.711 0.407
vt 0.735 0.376
vt 0.887 0.463
vt 0.876 0.446
vt 0.971 0.382
vt 0.876 0.446
vt 0.947 0.358
vt 0.971 0.382
vt 0.986 0.401
vt 0.887 0.463
vt 0.971 0.382
vt 0.841 0.532
vt 0.86 0.528
vt 0.841 0.632
vt 0.86 0.528
vt 0.88 0.627
vt 0.841 0.632
vt 0.735 0.588
vt 0.806 0.517
vt 0.766 0.612
vt 0.806 0.517
vt 0.822 0.528
vt 0.766 0.612
vt 0.795 0.463
vt 0.696 0.443
vt 0.711 0.407
vt 0.991 0.482
vt 0.986 0.521
vt 0.891 0.482
vt 0.986 0.521
vt 0.887 0.501
vt 0.891 0.482
vt 0.891 0.482
vt 0.887 0.463
vt 0.991 0.482
vt 0.766 0.612
vt 0.822 0.528
vt 0.802 0.627
vt 0.822 0.528
vt 0.841 0.532
vt 0.802 0.627
vt 0.876 0.517
vt 0.947 0.588
vt 0.916 0.612
vt 0.986 0.521
vt 0.971 0.557
vt 0.887 0.501
vt 0.691 0.482
vt 0.696 0.443
vt 0.791 0.482
vt 0.696 0.443
vt 0.795 0.463
vt 0.791 0.482
vt 0.711 0.557
vt 0.696 0.521
vt 0.795 0.501
vt 0.822 0.436
vt 0.806 0.446
vt 0.758 0.358
vt 0.806 0.446
vt 0.735 0.376
vt 0.758 0.358
vt 0.711 0.557
vt 0.795 0.501
vt 0.735 0.588
vt 0.795 0.501
vt 0.806 0.517
vt 0.735 0.588
vt 0.986 0.401
vt 0.991 0.41
vt 0.887 0.463
vt 0.991 0.41
vt 0.991 0.482
vt 0.887 0.463
vt 0.876 0.517
vt 0.887 0.501
vt 0.947 0.588
vt 0.887 0.501
vt 0.971 0.557
vt 0.947 0.588
vt 0.791 0.482
vt 0.795 0.501
vt 0.691 0.482
vt 0.795 0.501
vt 0.696 0.521
vt 0.691 0.482
vt 0.758 0.358
vt 0.807 0.324
vt 0.822 0.436
vt 0.807 0.324
vt 0.841 0.432
vt 0.822 0.436
vt 0.802 0.627
vt 0.841 0.532
vt 0.841 0.632
vt 0.918 0.338
vt 0.86 0.436
vt 0.88 0.325
vt 0.804 0.806
vt 0.822 0.819
vt 0.804 0.806
vt 0.822 0.819
vt 0.822 0.819
vt 0.804 0.806
vt 0.835 0.819
vt 0.848 0.819
vt 0.822 0.819
vt 0.866 0.806
vt 0.877 0.806
vt 0.866 0.806
vt 0.877 0.806
vt 0.877 0.806
vt 0.866 0.806
vt 0.793 0.806
vt 0.804 0.806
vt 0.793 0.806
vt 0.804 0.806
vt 0.804 0.806
vt 0.793 0.806
vt 0.817 0.815
vt 0.822 0.819
vt 0.853 0.815
vt 0.822 0.819
vt 0.848 0.819
vt 0.853 0.815
vt 0.81 0.81
vt 0.817 0.815
vt 0.86 0.81
vt 0.817 0.815
vt 0.853 0.815
vt 0.86 0.81
vt 0.804 0.806
vt 0.822 0.819
vt 0.81 0.81
vt 0.822 0.819
vt 0.817 0.815
vt 0.81 0.81
vt 0.835 0.819
vt 0.848 0.819
vt 0.848 0.819
vt 0.848 0.819
vt 0.866 0.806
vt 0.853 0.815
vt 0.866 0.806
vt 0.86 0.81
vt 0.853 0.815
vt 0.877 0.806
vt 0.877 0.74
vt 0.866 0.806
vt 0.804 0.806
vt 0.793 0.74
vt 0.793 0.806
vt 0.877 0.74
vt 0.793 0.74
vt 0.866 0.806
vt 0.793 0.74
vt 0.804 0.806
vt 0.866 0.806
usemtl MB_138_official_14310
s off
f 6257/6169 6064/6170 6258/6171
f 6118/6172 5867/6173 6063/6174
f 6118/6175 6117/6176 5867/6177
f 6117/6178 5869/6179 5867/6180
f 6116/6181 6016/6182 6117/6183
f 6016/6184 5869/6185 6117/6186
f 6063/6187 5866/6188 6118/6189
f 5866/6190 6119/6191 6118/6192
f 6258/6193 6064/6194 6062/6195
f 6120/6196 6119/6197 5865/6198
f 6119/6199 5866/6200 5865/6201
f 6107/6202 6106/6203 6091/6204
f 6106/6205 6090/6206 6091/6207
f 6107/6208 6091/6209 6092/6210
f 6091/6211 6072/6212 6092/6213
f 6093/6214 6092/6215 6073/6216
f 6092/6217 6072/6218 6073/6219
f 6094/6220 6093/6221 6074/6222
f 6093/6223 6073/6224 6074/6225
f 6095/6226 6094/6227 6075/6228
f 6094/6229 6074/6230 6075/6231
f 6096/6232 6095/6233 6076/6234
f 6095/6235 6075/6236 6076/6237
f 6097/6238 6096/6239 6079/6240
f 6096/6241 6076/6242 6079/6243
f 6098/6244 6097/6245 6080/6246
f 6097/6247 6079/6248 6080/6249
f 6099/6250 6098/6251 6081/6252
f 6098/6253 6080/6254 6081/6255
f 6100/6256 6099/6257 6082/6258
f 6099/6259 6081/6260 6082/6261
f 6101/6262 6100/6263 6083/6264
f 6100/6265 6082/6266 6083/6267
f 6102/6268 6101/6269 6084/6270
f 6101/6271 6083/6272 6084/6273
f 6103/6274 6102/6275 6085/6276
f 6102/6277 6084/6278 6085/6279
f 6104/6280 6103/6281 6086/6282
f 6103/6283 6085/6284 6086/6285
f 6105/6286 6104/6287 6089/6288
f 6104/6289 6086/6290 6089/6291
f 6106/6292 6105/6293 6090/6294
f 6105/6295 6089/6296 6090/6297
f 6239/6298 6222/6299 6174/6300
f 6222/6301 6223/6302 6174/6303
f 6167/6304 6140/6305 6196/6306
f 6140/6307 6224/6308 6196/6309
f 6141/6310 6139/6311 6144/6312
f 6139/6313 6142/6314 6144/6315
f 6137/6316 6146/6317 6147/6318
f 6146/6319 6145/6320 6147/6321
f 6150/6322 6138/6323 6149/6324
f 6138/6325 6148/6326 6149/6327
f 6182/6328 6180/6329 6177/6330
f 6180/6331 6178/6332 6177/6333
f 6183/6334 6182/6335 6176/6336
f 6182/6337 6177/6338 6176/6339
f 6184/6340 6183/6341 6173/6342
f 6183/6343 6176/6344 6173/6345
f 6185/6346 6184/6347 6172/6348
f 6184/6349 6173/6350 6172/6351
f 6186/6352 6185/6353 6171/6354
f 6185/6355 6172/6356 6171/6357
f 6187/6358 6186/6359 6170/6360
f 6186/6361 6171/6362 6170/6363
f 6188/6364 6187/6365 6169/6366
f 6187/6367 6170/6368 6169/6369
f 6189/6370 6188/6371 6168/6372
f 6188/6373 6169/6374 6168/6375
f 6294/6376 6047/6377 6303/6378
f 6197/6379 6199/6380 6195/6381
f 6199/6382 6202/6383 6195/6384
f 6146/6385 6141/6386 6145/6387
f 6141/6388 6144/6389 6145/6390
f 6138/6391 6137/6392 6148/6393
f 6137/6394 6147/6395 6148/6396
f 6135/6397 6150/6398 6151/6399
f 6150/6400 6149/6401 6151/6402
f 6190/6403 6167/6404 6196/6405
f 6167/6406 6143/6407 6140/6408
f 6229/6409 6227/6410 6231/6411
f 6227/6412 6225/6413 6231/6414
f 6228/6415 6230/6416 6237/6417
f 6230/6418 5972/6419 6237/6420
f 6200/6421 6240/6422 6192/6423
f 6240/6424 6238/6425 6192/6426
f 6198/6427 6221/6428 5976/6429
f 6221/6430 5971/6431 5976/6432
f 6233/6433 6297/6434 6306/6435
f 6297/6436 6305/6437 6306/6438
f 6002/6439 6003/6440 6220/6441
f 6003/6442 6001/6443 6220/6444
f 6132/6445 6131/6446 6156/6447
f 6131/6448 6155/6449 6156/6450
f 6133/6451 6136/6452 6153/6453
f 6136/6454 6152/6455 6153/6456
f 5999/6457 5975/6458 5974/6459
f 5975/6460 5973/6461 5974/6462
f 6163/6463 6165/6464 6125/6465
f 6165/6466 5917/6467 6125/6468
f 6131/6469 6134/6470 6155/6471
f 6134/6472 6154/6473 6155/6474
f 6134/6475 6133/6476 6154/6477
f 6133/6478 6153/6479 6154/6480
f 6005/6481 6004/6482 6191/6483
f 6004/6484 6193/6485 6191/6486
f 6136/6487 6135/6488 6152/6489
f 6135/6490 6151/6491 6152/6492
f 6243/6493 6108/6494 6063/6495
f 6108/6496 5866/6497 6063/6498
f 6109/6499 5865/6500 6108/6501
f 5865/6502 5866/6503 6108/6504
f 5864/6505 5865/6506 6110/6507
f 5865/6508 6109/6509 6110/6510
f 6111/6511 6248/6512 6015/6513
f 6248/6514 6070/6515 6015/6516
f 6015/6517 5864/6518 6111/6519
f 5864/6520 6110/6521 6111/6522
f 5906/6523 6291/6524 6042/6525
f 6126/6526 6252/6527 6127/6528
f 6252/6529 6033/6530 6127/6531
f 6123/6532 6254/6533 6124/6534
f 6254/6535 6253/6536 6124/6537
f 5918/6538 6124/6539 6255/6540
f 6124/6541 6253/6542 6255/6543
f 6126/6544 5918/6545 6252/6546
f 5918/6547 6255/6548 6252/6549
f 6033/6550 6011/6551 6127/6552
f 6070/6553 6254/6554 6123/6555
f 6123/6556 6122/6557 6070/6558
f 6122/6559 6015/6560 6070/6561
f 6121/6562 6120/6563 5864/6564
f 6120/6565 5865/6566 5864/6567
f 6122/6568 6121/6569 6015/6570
f 6121/6571 5864/6572 6015/6573
f 6250/6574 6251/6575 6068/6576
f 6194/6577 6219/6578 5969/6579
f 6219/6580 6175/6581 5969/6582
f 6193/6583 6004/6584 6087/6585
f 6236/6586 6260/6587 6004/6588
f 6260/6589 6087/6590 6004/6591
f 6220/6592 6077/6593 6002/6594
f 6002/6595 6077/6596 6241/6597
f 6077/6598 6262/6599 6241/6600
f 6261/6601 6266/6602 5884/6603
f 6266/6604 5885/6605 5884/6606
f 6261/6607 5884/6608 5883/6609
f 5873/6610 6264/6611 5874/6612
f 6264/6613 6263/6614 5874/6615
f 6296/6616 6267/6617 6300/6618
f 6267/6619 6056/6620 6300/6621
f 6263/6622 6078/6623 5874/6624
f 6295/6625 5886/6626 6266/6627
f 5886/6628 5885/6629 6266/6630
f 5886/6631 6295/6632 5871/6633
f 6295/6634 6292/6635 5871/6636
f 5873/6637 5872/6638 6264/6639
f 5872/6640 6293/6641 6264/6642
f 5872/6643 5871/6644 6293/6645
f 5871/6646 6292/6647 6293/6648
f 6088/6649 5882/6650 5977/6651
f 5882/6652 5881/6653 5977/6654
f 5881/6655 5880/6656 5977/6657
f 6000/6658 5977/6659 5879/6660
f 5879/6661 5878/6662 6000/6663
f 5878/6664 5877/6665 6000/6666
f 5877/6667 5876/6668 6000/6669
f 5876/6670 5875/6671 6000/6672
f 5879/6673 5977/6674 5880/6675
f 5998/6676 5946/6677 5945/6678
f 5997/6679 5945/6680 6158/6681
f 5945/6682 5946/6683 6158/6684
f 6158/6685 6160/6686 5997/6687
f 6160/6688 5944/6689 5997/6690
f 5996/6691 5944/6692 6162/6693
f 5944/6694 6160/6695 6162/6696
f 6162/6697 6164/6698 5996/6699
f 6164/6700 5943/6701 5996/6702
f 5943/6703 6164/6704 5942/6705
f 6164/6706 6166/6707 5942/6708
f 5995/6709 5942/6710 5940/6711
f 5942/6712 5994/6713 5940/6714
f 5940/6715 5941/6716 5995/6717
f 6166/6718 5994/6719 5942/6720
f 6166/6721 6174/6722 5994/6723
f 6174/6724 6223/6725 5994/6726
f 5910/6727 5911/6728 5950/6729
f 5911/6730 5939/6731 5950/6732
f 6219/6733 6238/6734 6175/6735
f 6238/6736 6240/6737 6175/6738
f 6192/6739 6194/6740 6200/6741
f 6194/6742 5969/6743 6200/6744
f 6179/6745 6201/6746 5899/6747
f 5899/6748 6201/6749 5898/6750
f 5898/6751 6201/6752 5897/6753
f 5897/6754 6201/6755 5896/6756
f 5896/6757 6201/6758 5895/6759
f 5895/6760 5970/6761 5894/6762
f 5894/6763 5970/6764 5893/6765
f 5893/6766 5970/6767 5892/6768
f 5892/6769 5970/6770 5891/6771
f 5891/6772 5970/6773 5939/6774
f 6179/6775 5899/6776 5900/6777
f 5890/6778 5891/6779 5939/6780
f 6179/6781 5900/6782 5901/6783
f 5889/6784 5890/6785 5939/6786
f 5916/6787 5917/6788 6179/6789
f 5917/6790 6165/6791 6179/6792
f 5913/6793 5914/6794 5888/6795
f 5914/6796 5887/6797 5888/6798
f 5887/6799 5914/6800 5902/6801
f 5914/6802 5915/6803 5902/6804
f 5895/6805 6201/6806 5970/6807
f 5888/6808 5912/6809 5913/6810
f 6179/6811 5901/6812 5915/6813
f 5901/6814 5902/6815 5915/6816
f 5888/6817 5889/6818 5912/6819
f 5889/6820 5939/6821 5912/6822
f 5911/6823 5912/6824 5939/6825
f 5916/6826 6179/6827 5915/6828
f 6181/6829 6201/6830 6179/6831
f 5962/6832 5963/6833 6202/6834
f 5962/6835 6202/6836 5961/6837
f 5961/6838 6202/6839 5960/6840
f 5968/6841 6195/6842 5967/6843
f 5967/6844 6195/6845 5966/6846
f 5966/6847 6195/6848 5965/6849
f 6195/6850 6202/6851 5965/6852
f 6202/6853 5963/6854 5964/6855
f 6202/6856 5964/6857 5965/6858
f 6277/6859 6210/6860 6276/6861
f 6210/6862 6211/6863 6276/6864
f 6275/6865 6212/6866 6274/6867
f 6212/6868 6213/6869 6274/6870
f 6273/6871 6214/6872 6272/6873
f 6214/6874 6215/6875 6272/6876
f 6269/6877 6203/6878 6283/6879
f 6203/6880 6204/6881 6283/6882
f 6271/6883 6216/6884 6270/6885
f 6216/6886 6217/6887 6270/6888
f 6282/6889 6205/6890 6281/6891
f 6205/6892 6206/6893 6281/6894
f 6268/6895 6218/6896 6269/6897
f 6218/6898 6203/6899 6269/6900
f 6280/6901 6207/6902 6279/6903
f 6207/6904 6208/6905 6279/6906
f 6278/6907 6209/6908 6277/6909
f 6209/6910 6210/6911 6277/6912
f 6276/6913 6211/6914 6275/6915
f 6211/6916 6212/6917 6275/6918
f 6274/6919 6213/6920 6273/6921
f 6213/6922 6214/6923 6273/6924
f 6272/6925 6215/6926 6271/6927
f 6215/6928 6216/6929 6271/6930
f 6283/6931 6204/6932 6282/6933
f 6204/6934 6205/6935 6282/6936
f 6270/6937 6217/6938 6268/6939
f 6217/6940 6218/6941 6268/6942
f 6281/6943 6206/6944 6280/6945
f 6206/6946 6207/6947 6280/6948
f 6279/6949 6208/6950 6278/6951
f 6208/6952 6209/6953 6278/6954
f 6016/6955 6116/6956 6067/6957
f 6116/6958 6115/6959 6067/6960
f 5910/6961 5950/6962 5909/6963
f 5950/6964 5949/6965 5909/6966
f 6125/6967 5919/6968 6163/6969
f 5919/6970 6161/6971 6163/6972
f 6066/6973 6064/6974 6257/6975
f 6064/6976 6066/6977 6036/6978
f 6068/6979 6034/6980 6071/6981
f 6068/6982 6012/6983 6034/6984
f 6068/6985 6013/6986 6012/6987
f 6068/6988 6014/6989 6013/6990
f 6068/6991 6251/6992 6014/6993
f 6114/6994 6112/6995 6259/6996
f 6129/6997 6068/6998 6113/6999
f 6128/7000 6256/7001 6130/7002
f 5909/7003 5949/7004 5908/7005
f 5949/7006 5948/7007 5908/7008
f 5919/7009 5920/7010 6161/7011
f 5920/7012 6159/7013 6161/7014
f 6114/7015 6259/7016 6115/7017
f 6259/7018 6067/7019 6115/7020
f 6128/7021 6127/7022 6256/7023
f 6127/7024 6011/7025 6256/7026
f 6129/7027 6038/7028 6068/7029
f 6038/7030 6250/7031 6068/7032
f 6037/7033 6113/7034 6068/7035
f 6037/7036 6068/7037 6036/7038
f 6068/7039 6064/7040 6036/7041
f 5908/7042 5948/7043 5907/7044
f 5948/7045 5947/7046 5907/7047
f 5920/7048 5921/7049 6159/7050
f 5921/7051 6157/7052 6159/7053
f 5868/7054 6156/7055 5921/7056
f 6156/7057 6157/7058 5921/7059
f 6156/7060 5868/7061 6132/7062
f 5868/7063 5870/7064 6132/7065
f 5870/7066 5907/7067 6132/7068
f 5907/7069 5947/7070 6132/7071
f 6286/7072 6288/7073 6284/7074
f 6288/7075 6247/7076 6284/7077
f 6065/7078 6069/7079 6285/7080
f 6069/7081 6287/7082 6285/7083
f 6289/7084 6246/7085 6288/7086
f 6246/7087 6247/7088 6288/7089
f 6290/7090 6245/7091 6289/7092
f 6245/7093 6246/7094 6289/7095
f 5905/7096 5904/7097 5906/7098
f 5903/7099 6291/7100 5904/7101
f 6291/7102 5906/7103 5904/7104
f 6244/7105 6245/7106 5903/7107
f 6290/7108 6291/7109 6245/7110
f 6291/7111 5903/7112 6245/7113
f 5984/7114 6043/7115 5985/7116
f 6043/7117 6044/7118 5985/7119
f 5981/7120 6035/7121 6249/7122
f 5981/7123 5980/7124 6035/7125
f 5980/7126 5979/7127 6035/7128
f 5979/7129 5978/7130 6035/7131
f 5978/7132 5993/7133 6035/7134
f 6046/7135 6040/7136 5988/7137
f 6040/7138 5989/7139 5988/7140
f 5982/7141 6249/7142 5983/7143
f 5993/7144 5863/7145 6035/7146
f 6045/7147 5986/7148 6044/7149
f 5986/7150 5985/7151 6044/7152
f 5982/7153 5981/7154 6249/7155
f 6046/7156 5987/7157 6045/7158
f 5987/7159 5986/7160 6045/7161
f 5992/7162 5863/7163 5993/7164
f 5861/7165 6008/7166 6009/7167
f 6008/7168 6041/7169 6009/7170
f 5983/7171 6249/7172 5984/7173
f 6249/7174 6043/7175 5984/7176
f 5991/7177 5863/7178 5992/7179
f 6046/7180 5988/7181 5987/7182
f 5990/7183 5863/7184 5991/7185
f 6008/7186 5861/7187 6039/7188
f 5861/7189 5862/7190 6039/7191
f 5989/7192 6040/7193 5990/7194
f 6040/7195 5863/7196 5990/7197
f 6008/7198 6010/7199 6041/7200
f 5956/7201 6031/7202 5955/7203
f 6031/7204 6030/7205 5955/7206
f 6029/7207 5952/7208 5953/7209
f 5923/7210 5951/7211 5952/7212
f 6030/7213 6029/7214 5954/7215
f 6029/7216 5953/7217 5954/7218
f 6020/7219 6019/7220 5934/7221
f 6019/7222 5935/7223 5934/7224
f 6027/7225 6026/7226 5924/7227
f 6026/7228 5925/7229 5924/7230
f 6032/7231 6031/7232 5957/7233
f 6031/7234 5956/7235 5957/7236
f 5958/7237 6032/7238 5957/7239
f 6021/7240 6020/7241 5933/7242
f 6020/7243 5934/7244 5933/7245
f 5930/7246 6023/7247 5931/7248
f 6023/7249 6022/7250 5931/7251
f 6026/7252 5926/7253 5925/7254
f 5922/7255 5938/7256 6017/7257
f 5938/7258 6018/7259 6017/7260
f 6017/7261 6032/7262 5922/7263
f 5931/7264 6022/7265 5932/7266
f 6022/7267 6021/7268 5932/7269
f 6019/7270 5936/7271 5935/7272
f 5938/7273 5937/7274 6018/7275
f 5927/7276 5926/7277 6025/7278
f 5926/7279 6026/7280 6025/7281
f 5929/7282 5928/7283 6024/7284
f 6028/7285 6027/7286 5923/7287
f 6027/7288 5924/7289 5923/7290
f 5929/7291 6024/7292 5930/7293
f 6024/7294 6023/7295 5930/7296
f 5958/7297 5959/7298 6032/7299
f 5959/7300 5922/7301 6032/7302
f 6019/7303 6018/7304 5936/7305
f 6018/7306 5937/7307 5936/7308
f 6025/7309 6024/7310 5927/7311
f 6024/7312 5928/7313 5927/7314
f 5923/7315 5952/7316 6028/7317
f 5952/7318 6029/7319 6028/7320
f 5932/7321 6021/7322 5933/7323
f 5955/7324 6030/7325 5954/7326
f 6265/7327 6048/7328 6055/7329
f 6048/7330 6302/7331 6055/7332
f 6047/7333 6301/7334 6303/7335
f 6050/7336 6006/7337 6234/7338
f 6006/7339 6235/7340 6234/7341
f 6007/7342 6049/7343 6242/7344
f 6049/7345 6298/7346 6242/7347
f 6304/7348 6054/7349 6299/7350
f 6054/7351 6057/7352 6299/7353
f 6305/7354 6304/7355 6306/7356
f 6304/7357 6299/7358 6306/7359
f 6055/7360 6302/7361 6060/7362
f 6302/7363 6059/7364 6060/7365
f 6047/7366 6051/7367 6301/7368
f 6300/7369 6056/7370 6058/7371
f 6056/7372 6061/7373 6058/7374
f 6052/7375 6232/7376 6233/7377
f 6297/7378 6226/7379 6053/7380
f 6232/7381 6226/7382 6233/7383
f 6226/7384 6297/7385 6233/7386
o Part.9
v 5.8 10.452 -1.7
v 5.8 13.3 -1.7
v 3 13.3 -1.7
v 4 9.6 -1.7
v 4.918 9.783 -1.7
v 5.703 10.301 -1.7
v 6.212 11.074 -1.7
v 3.519 14.357 -1.7
v 6.4 12.131 -1.7
v 4.481 14.357 -1.7
v 4 6.4 -2
v 4.918 6.217 -2
v 5.697 5.697 -2
v 6.217 4.918 -2
v 6.4 4 -2
v 6.217 3.082 -2
v 5.697 2.303 -2
v 4.918 1.783 -2
v 4 1.6 -2
v 3.082 1.783 -2
v 2.303 2.303 -2
v 1.783 3.082 -2
v 1.6 4 -2
v 1.783 4.918 -2
v 2.303 5.697 -2
v 3.082 6.217 -2
v 4 6.4 -3.6
v 4.918 6.217 -3.6
v 5.697 5.697 -3.6
v 6.217 4.918 -3.6
v 6.4 4 -3.6
v 6.217 3.082 -3.6
v 5.697 2.303 -3.6
v 4.918 1.783 -3.6
v 4 1.6 -3.6
v 3.082 1.783 -3.6
v 2.303 2.303 -3.6
v 1.783 3.082 -3.6
v 1.6 4 -3.6
v 1.783 4.918 -3.6
v 2.303 5.697 -3.6
v 3.082 6.217 -3.6
v 5.697 10.303 1.881
v 4.918 9.783 1.541
v 4 9.6 1.311
v 3.082 9.783 1.541
v 4.634 14.316 -1.797
v 5.702 13.743 -2.545
v 6.2 12.998 -3.117
v 6.4 12.131 -3.476
v 6.212 11.074 -3.6
v 5.703 10.301 -3.6
v 4.918 9.783 -3.6
v 4 9.6 -3.6
v 3.082 9.783 -3.6
v 2.3 10.301 -3.6
v 1.781 11.08 -3.6
v 1.6 12.131 -3.476
v 1.792 12.998 -3.117
v 2.298 13.743 -2.545
v 3.366 14.316 -1.797
v 0.84 11.2 -3.6
v 0.84 8.237 2
v 0.84 8.656 2.543
v 0.84 9.401 3.115
v 0.84 10.268 3.474
v 0.84 11.2 3.597
v 0.84 12.131 3.474
v 0.84 12.998 3.115
v 0.84 13.743 2.543
v 0.84 14.315 1.798
v 0.84 14.675 0.93
v 0.84 14.8 0
v 0.84 14.675 -0.932
v 0.84 14.315 -1.798
v 0.84 13.743 -2.545
v 0.84 12.998 -3.117
v 0.84 12.131 -3.476
v 7.319 11.2 -3.599
v 7.406 8.656 2.543
v 7.381 9.401 3.115
v 7.319 11.2 3.597
v 7.287 12.131 3.474
v 7.233 13.743 2.543
v 7.2 14.675 0.93
v 7.2 14.675 -0.932
v 7.208 14.315 -1.798
v 7.233 13.743 -2.545
v 7.258 12.998 -3.117
v 7.287 12.131 -3.476
v 0.84 7.935 2
v 0.84 7.42 0.806
v 0.84 7.301 0
v 0.84 7.427 -0.932
v 0.84 7.74 -1.85
v 0.84 8.224 -2.545
v 0.84 8.808 -3.117
v 0.84 9.264 -3.481
v 0.84 9.482 -3.6
v 0.5 9.482 -3.6
v 0.5 9.264 -3.481
v 0.5 8.808 -3.117
v 0.5 8.224 -2.545
v 0.5 7.74 -1.85
v 0.5 7.427 -0.932
v 0.5 7.301 0
v 0.5 7.42 0.806
v 0.5 7.935 2
v 0.5 0.02 -3.6
v 7.7 0.02 -3.6
v 7.7 0.02 4.36
v 1.6 0.02 2.8
v 0.5 3.2 2
v 7.592 3.2 2
v 0.5 3.2 4.36
v 0.5 0.02 4.36
v 1.6 0.02 -2
v 3 10.741 -1.109
v 3 10.351 -0.849
v 3 10.091 -0.459
v 3 10 0
v 3 10.091 0.459
v 3 10.351 0.849
v 3 10.741 1.109
v 3 11.2 1.2
v 3 11.659 1.109
v 3 12.049 0.849
v 3 12.309 0.459
v 3 12.4 0
v 3 12.309 -0.459
v 3 12.049 -0.849
v 3 11.659 -1.109
v 3 11.2 -1.2
v 7.42 8.237 2
v 7.351 10.268 3.474
v 7.258 12.998 3.115
v 7.213 14.315 1.798
v 7.197 14.8 0
v 7.592 3.2 4.36
v 6.4 0.02 -2
v 6.4 0.02 2.8
v 6.4 2 1.2
v 6.4 2 2.8
v 1.6 2 1.2
v 1.6 2 2.8
v 1.6 5.803 -2
v 6.4 5.803 -2
v 5.8 12.758 1.393
v 5.8 10.452 1.921
v 5.8 12 1.936
v 2.298 13.743 -1.7
v 1.781 11.08 -1.7
v 1.6 12.096 -1.7
v 1.791 12.955 -1.7
v 3.082 9.783 -1.7
v 6.2 12.998 -1.7
v 0.84 11.2 -1.2
v 0.84 11.659 -1.109
v 0.84 12.049 -0.849
v 0.84 12.309 -0.459
v 0.84 12.4 0
v 0.84 12.309 0.459
v 0.84 12.049 0.849
v 0.84 11.659 1.109
v 0.84 11.2 1.2
v 0.84 10.741 1.109
v 0.84 10.351 0.849
v 0.84 10.091 0.459
v 0.84 10 0
v 0.84 10.091 -0.459
v 0.84 10.351 -0.849
v 0.84 10.741 -1.109
v 2.02 13.3 -1.7
v 2.3 10.301 -1.7
v 3 9.838 -1.7
v 5.702 13.743 -1.7
v 4.634 14.316 -1.7
v 3.366 14.316 -1.7
v 5.8 13.3 0.699
v 3 13.3 0.699
v 5.8 11.082 2.074
v 3 9.835 1.574
v 3 10.303 1.881
v 3 11.082 2.074
v 3 12 1.936
v 3 12.758 1.393
v 4 6.55 -2
v 4.75 6.55 -2
v 5.803 5.803 -2
v 2.197 5.803 -2
v 3.25 6.55 -2
v 1.6 5.803 1.2
v 6.4 5.803 1.2
v 4.749 6.55 0.747
v 5.803 5.803 1.2
v 2.197 5.803 1.2
v 3.25 6.55 0.746
v 2.946 6.335 0.992
v 5.054 6.336 0.992
v 5.438 6.062 1.146
v 2.562 6.062 1.146
v 5.8 10.452 -1.7
v 5.8 10.452 -1.7
v 5.8 13.3 -1.7
v 5.8 13.3 -1.7
v 6.2 12.998 -1.7
v 5.702 13.743 -1.7
v 3 13.3 -1.7
v 3 13.3 -1.7
v 3 9.838 -1.7
v 3 9.838 -1.7
v 4 6.4 -2
v 4.918 6.217 -2
v 5.697 5.697 -2
v 6.217 4.918 -2
v 6.4 4 -2
v 6.4 4 -2
v 6.4 4 -2
v 6.217 3.082 -2
v 5.697 2.303 -2
v 4.918 1.783 -2
v 4 1.6 -2
v 3.082 1.783 -2
v 2.303 2.303 -2
v 1.783 3.082 -2
v 1.6 4 -2
v 1.6 4 -2
v 1.6 4 -2
v 1.783 4.918 -2
v 2.303 5.697 -2
v 3.082 6.217 -2
v 4 6.4 -3.6
v 4.918 6.217 -3.6
v 5.697 5.697 -3.6
v 6.217 4.918 -3.6
v 6.4 4 -3.6
v 6.217 3.082 -3.6
v 5.697 2.303 -3.6
v 4.918 1.783 -3.6
v 4 1.6 -3.6
v 3.082 1.783 -3.6
v 2.303 2.303 -3.6
v 1.783 3.082 -3.6
v 1.6 4 -3.6
v 1.783 4.918 -3.6
v 2.303 5.697 -3.6
v 3.082 6.217 -3.6
v 5.697 10.303 1.881
v 4.918 9.783 1.541
v 4 9.6 1.311
v 3.082 9.783 1.541
v 4.481 14.357 -1.7
v 4.481 14.357 -1.7
v 4.634 14.316 -1.797
v 5.702 13.743 -2.545
v 6.2 12.998 -3.117
v 6.4 12.131 -3.476
v 6.212 11.074 -3.6
v 5.703 10.301 -3.6
v 4.918 9.783 -3.6
v 4 9.6 -3.6
v 3.082 9.783 -3.6
v 2.3 10.301 -3.6
v 1.781 11.08 -3.6
v 1.6 12.131 -3.476
v 1.792 12.998 -3.117
v 2.298 13.743 -2.545
v 3.366 14.316 -1.797
v 3.519 14.357 -1.7
v 3.519 14.357 -1.7
v 7.197 14.8 0
v 7.2 14.675 -0.932
v 7.213 14.315 1.798
v 7.2 14.675 0.93
v 7.258 12.998 3.115
v 7.233 13.743 2.543
v 7.351 10.268 3.474
v 7.319 11.2 3.597
v 7.42 8.237 2
v 7.42 8.237 2
v 7.406 8.656 2.543
v 0.84 8.237 2
v 0.84 8.237 2
v 0.84 8.656 2.543
v 0.84 9.401 3.115
v 7.381 9.401 3.115
v 0.84 10.268 3.474
v 0.84 11.2 3.597
v 0.84 12.131 3.474
v 7.287 12.131 3.474
v 0.84 12.998 3.115
v 0.84 13.743 2.543
v 0.84 14.315 1.798
v 0.84 14.675 0.93
v 0.84 14.8 0
v 0.84 14.675 -0.932
v 0.84 14.315 -1.798
v 7.208 14.315 -1.798
v 0.84 13.743 -2.545
v 7.233 13.743 -2.545
v 0.84 12.998 -3.117
v 7.258 12.998 -3.117
v 0.84 12.131 -3.476
v 7.287 12.131 -3.476
v 0.84 11.2 -3.6
v 7.319 11.2 -3.599
v 0.84 7.935 2
v 0.84 7.935 2
v 0.84 7.42 0.806
v 0.84 7.301 0
v 0.84 7.427 -0.932
v 0.84 7.74 -1.85
v 0.84 8.224 -2.545
v 7.7 0.02 -3.6
v 7.7 0.02 -3.6
v 0.84 8.808 -3.117
v 0.84 9.264 -3.481
v 0.84 9.482 -3.6
v 0.84 9.482 -3.6
v 0.5 9.482 -3.6
v 0.5 9.482 -3.6
v 0.5 9.264 -3.481
v 0.5 8.808 -3.117
v 0.5 8.224 -2.545
v 0.5 7.74 -1.85
v 0.5 7.427 -0.932
v 0.5 7.301 0
v 0.5 7.42 0.806
v 0.5 7.935 2
v 0.5 7.935 2
v 1.6 0.02 2.8
v 1.6 0.02 2.8
v 1.6 0.02 -2
v 1.6 0.02 -2
v 0.5 3.2 2
v 0.5 3.2 2
v 0.5 3.2 4.36
v 0.5 3.2 4.36
v 0.5 0.02 4.36
v 0.5 0.02 4.36
v 0.5 0.02 -3.6
v 0.5 0.02 -3.6
v 3 11.2 -1.2
v 3 10.741 -1.109
v 3 10.351 -0.849
v 3 10.091 -0.459
v 3 10 0
v 3 10.091 0.459
v 3 10.351 0.849
v 3 10.741 1.109
v 3 11.2 1.2
v 3 11.659 1.109
v 3 12.049 0.849
v 3 12.309 0.459
v 3 12.4 0
v 3 12.309 -0.459
v 3 12.049 -0.849
v 3 11.659 -1.109
v 6.4 0.02 -2
v 6.4 0.02 -2
v 7.592 3.2 4.36
v 7.592 3.2 4.36
v 7.592 3.2 2
v 7.592 3.2 2
v 6.4 2 1.2
v 6.4 2 1.2
v 6.4 2 2.8
v 6.4 2 2.8
v 1.6 2 2.8
v 1.6 2 2.8
v 1.6 2 1.2
v 1.6 2 1.2
v 2.197 5.803 1.2
v 2.197 5.803 1.2
v 1.6 5.803 1.2
v 1.6 5.803 1.2
v 6.4 0.02 2.8
v 6.4 0.02 2.8
v 7.7 0.02 4.36
v 7.7 0.02 4.36
v 6.4 5.803 1.2
v 6.4 5.803 1.2
v 5.8 10.452 1.921
v 5.8 10.452 1.921
v 5.8 11.082 2.074
v 5.8 12 1.936
v 5.8 12.758 1.393
v 3 9.835 1.574
v 3 9.835 1.574
v 2.298 13.743 -1.7
v 2.02 13.3 -1.7
v 1.791 12.955 -1.7
v 1.781 11.08 -1.7
v 2.3 10.301 -1.7
v 1.6 12.096 -1.7
v 3.366 14.316 -1.7
v 6.4 12.131 -1.7
v 6.212 11.074 -1.7
v 4.634 14.316 -1.7
v 1.6 5.803 -2
v 1.6 5.803 -2
v 6.4 5.803 -2
v 6.4 5.803 -2
v 5.803 5.803 -2
v 5.803 5.803 -2
v 2.197 5.803 -2
v 2.197 5.803 -2
v 0.84 11.659 -1.109
v 0.84 11.2 -1.2
v 0.84 12.049 -0.849
v 0.84 12.309 -0.459
v 0.84 12.4 0
v 0.84 12.309 0.459
v 0.84 12.049 0.849
v 0.84 11.659 1.109
v 0.84 11.2 1.2
v 0.84 10.741 1.109
v 0.84 10.351 0.849
v 0.84 10.091 0.459
v 0.84 10 0
v 0.84 10.091 -0.459
v 0.84 10.351 -0.849
v 0.84 10.741 -1.109
v 5.8 13.3 0.699
v 5.8 13.3 0.699
v 3 13.3 0.699
v 3 13.3 0.699
v 3 12.758 1.393
v 3 12 1.936
v 3 11.082 2.074
v 3 10.303 1.881
v 4 6.55 -2
v 4.75 6.55 -2
v 4.75 6.55 -2
v 3.25 6.55 -2
v 3.25 6.55 -2
v 5.803 5.803 1.2
v 5.803 5.803 1.2
v 2.946 6.335 0.992
v 3.25 6.55 0.746
v 3.25 6.55 0.746
v 4.749 6.55 0.747
v 4.749 6.55 0.747
v 5.054 6.336 0.992
v 5.438 6.062 1.146
v 2.562 6.062 1.146
vt 0.876 0.916
vt 0.873 0.897
vt 0.866 0.936
vt 0.873 0.897
vt 0.866 0.887
vt 0.873 0.897
vt 0.873 0.897
vt 0.873 0.897
vt 0.876 0.916
vt 0.873 0.897
vt 0.876 0.916
vt 0.876 0.916
vt 0.873 0.931
vt 0.876 0.916
vt 0.873 0.931
vt 0.876 0.916
vt 0.876 0.916
vt 0.873 0.931
vt 0.866 0.887
vt 0.873 0.897
vt 0.864 0.884
vt 0.873 0.897
vt 0.864 0.884
vt 0.864 0.884
vt 0.873 0.897
vt 0.866 0.887
vt 0.866 0.936
vt 0.85 0.875
vt 0.85 0.875
vt 0.864 0.884
vt 0.85 0.875
vt 0.864 0.884
vt 0.864 0.884
vt 0.819 0.813
vt 0.819 0.813
vt 0.805 0.804
vt 0.819 0.813
vt 0.805 0.804
vt 0.805 0.804
vt 0.819 0.813
vt 0.835 0.816
vt 0.819 0.813
vt 0.835 0.816
vt 0.835 0.816
vt 0.819 0.813
vt 0.85 0.813
vt 0.85 0.813
vt 0.835 0.816
vt 0.85 0.813
vt 0.835 0.816
vt 0.835 0.816
vt 0.864 0.804
vt 0.864 0.804
vt 0.85 0.813
vt 0.864 0.804
vt 0.85 0.813
vt 0.85 0.813
vt 0.873 0.791
vt 0.873 0.791
vt 0.864 0.804
vt 0.873 0.791
vt 0.864 0.804
vt 0.864 0.804
vt 0.876 0.775
vt 0.876 0.775
vt 0.873 0.791
vt 0.876 0.775
vt 0.873 0.791
vt 0.873 0.791
vt 0.873 0.759
vt 0.873 0.759
vt 0.876 0.775
vt 0.873 0.759
vt 0.876 0.775
vt 0.876 0.775
vt 0.864 0.745
vt 0.864 0.745
vt 0.873 0.759
vt 0.864 0.745
vt 0.873 0.759
vt 0.873 0.759
vt 0.85 0.736
vt 0.85 0.736
vt 0.864 0.745
vt 0.85 0.736
vt 0.864 0.745
vt 0.864 0.745
vt 0.835 0.733
vt 0.835 0.733
vt 0.85 0.736
vt 0.835 0.733
vt 0.85 0.736
vt 0.85 0.736
vt 0.819 0.736
vt 0.819 0.736
vt 0.835 0.733
vt 0.819 0.736
vt 0.835 0.733
vt 0.835 0.733
vt 0.805 0.745
vt 0.805 0.745
vt 0.819 0.736
vt 0.805 0.745
vt 0.819 0.736
vt 0.819 0.736
vt 0.796 0.759
vt 0.796 0.759
vt 0.805 0.745
vt 0.796 0.759
vt 0.805 0.745
vt 0.805 0.745
vt 0.793 0.775
vt 0.793 0.775
vt 0.796 0.759
vt 0.793 0.775
vt 0.796 0.759
vt 0.796 0.759
vt 0.796 0.791
vt 0.796 0.791
vt 0.793 0.775
vt 0.796 0.791
vt 0.793 0.775
vt 0.793 0.775
vt 0.805 0.804
vt 0.805 0.804
vt 0.796 0.791
vt 0.805 0.804
vt 0.796 0.791
vt 0.796 0.791
vt 0.659 0.016
vt 0.991 0.016
vt 0.659 0.148
vt 0.991 0.016
vt 0.758 0.148
vt 0.659 0.148
vt 0.363 0.346
vt 0.349 0.149
vt 0.638 0.358
vt 0.349 0.149
vt 0.645 0.149
vt 0.638 0.358
vt 0.637 0.376
vt 0.363 0.376
vt 0.638 0.358
vt 0.363 0.376
vt 0.363 0.358
vt 0.638 0.358
vt 0.635 0.443
vt 0.363 0.443
vt 0.636 0.407
vt 0.363 0.443
vt 0.363 0.407
vt 0.636 0.407
vt 0.632 0.521
vt 0.363 0.521
vt 0.633 0.482
vt 0.363 0.521
vt 0.363 0.482
vt 0.633 0.482
vt 0.013 0.401
vt 0.013 0.401
vt 0.008 0.41
vt 0.013 0.401
vt 0.008 0.41
vt 0.008 0.41
vt 0.028 0.382
vt 0.028 0.382
vt 0.013 0.401
vt 0.028 0.382
vt 0.013 0.401
vt 0.013 0.401
vt 0.052 0.358
vt 0.052 0.358
vt 0.028 0.382
vt 0.052 0.358
vt 0.028 0.382
vt 0.028 0.382
vt 0.081 0.338
vt 0.081 0.338
vt 0.052 0.358
vt 0.081 0.338
vt 0.052 0.358
vt 0.052 0.358
vt 0.12 0.325
vt 0.12 0.325
vt 0.081 0.338
vt 0.12 0.325
vt 0.081 0.338
vt 0.081 0.338
vt 0.158 0.319
vt 0.158 0.319
vt 0.12 0.325
vt 0.158 0.319
vt 0.12 0.325
vt 0.12 0.325
vt 0.192 0.324
vt 0.192 0.324
vt 0.158 0.319
vt 0.192 0.324
vt 0.158 0.319
vt 0.158 0.319
vt 0.242 0.346
vt 0.242 0.346
vt 0.192 0.324
vt 0.242 0.346
vt 0.192 0.324
vt 0.192 0.324
vt 0.848 0.819
vt 0.848 0.819
vt 0.835 0.819
vt 0.34 0.149
vt 0.242 0.149
vt 0.34 0.016
vt 0.242 0.149
vt 0.008 0.016
vt 0.34 0.016
vt 0.636 0.407
vt 0.363 0.407
vt 0.637 0.376
vt 0.363 0.407
vt 0.363 0.376
vt 0.637 0.376
vt 0.633 0.482
vt 0.363 0.482
vt 0.635 0.443
vt 0.363 0.482
vt 0.363 0.443
vt 0.635 0.443
vt 0.631 0.557
vt 0.363 0.557
vt 0.632 0.521
vt 0.363 0.557
vt 0.363 0.521
vt 0.632 0.521
vt 0.349 0.346
vt 0.349 0.149
vt 0.363 0.346
vt 0.363 0.346
vt 0.638 0.358
vt 0.363 0.358
vt 0.793 0.74
vt 0.793 0.74
vt 0.876 0.74
vt 0.793 0.74
vt 0.876 0.74
vt 0.876 0.74
vt 0.876 0.74
vt 0.876 0.706
vt 0.793 0.74
vt 0.876 0.706
vt 0.793 0.706
vt 0.793 0.74
vt 0.774 0.706
vt 0.793 0.706
vt 0.899 0.706
vt 0.793 0.706
vt 0.876 0.706
vt 0.899 0.706
vt 0.349 0.149
vt 0.349 0.016
vt 0.645 0.149
vt 0.349 0.016
vt 0.649 0.016
vt 0.645 0.149
vt 0.803 0.806
vt 0.81 0.81
vt 0.866 0.806
vt 0.81 0.81
vt 0.859 0.81
vt 0.866 0.806
vt 0.876 0.74
vt 0.876 0.706
vt 0.876 0.74
vt 0.876 0.706
vt 0.876 0.706
vt 0.876 0.74
vt 0.632 0.964
vt 0.632 0.699
vt 0.638 0.963
vt 0.632 0.699
vt 0.638 0.699
vt 0.638 0.963
vt 0.629 0.612
vt 0.363 0.612
vt 0.63 0.588
vt 0.363 0.612
vt 0.363 0.588
vt 0.63 0.588
vt 0.645 0.149
vt 0.645 0.149
vt 0.349 0.149
vt 0.645 0.149
vt 0.349 0.149
vt 0.349 0.149
vt 0.526 0.699
vt 0.526 0.73
vt 0.488 0.699
vt 0.526 0.73
vt 0.483 0.738
vt 0.488 0.699
vt 0.628 0.632
vt 0.363 0.632
vt 0.628 0.627
vt 0.363 0.632
vt 0.363 0.627
vt 0.628 0.627
vt 0.628 0.627
vt 0.363 0.627
vt 0.629 0.612
vt 0.363 0.627
vt 0.363 0.612
vt 0.629 0.612
vt 0.793 0.74
vt 0.793 0.706
vt 0.793 0.74
vt 0.793 0.706
vt 0.793 0.706
vt 0.793 0.74
vt 0.63 0.588
vt 0.363 0.588
vt 0.631 0.557
vt 0.363 0.588
vt 0.363 0.557
vt 0.631 0.557
vt 0.866 0.887
vt 0.866 0.887
vt 0.864 0.884
vt 0.866 0.887
vt 0.864 0.884
vt 0.864 0.884
vt 0.85 0.875
vt 0.864 0.884
vt 0.85 0.875
vt 0.864 0.884
vt 0.864 0.884
vt 0.85 0.875
vt 0.835 0.872
vt 0.835 0.872
vt 0.85 0.875
vt 0.835 0.872
vt 0.85 0.875
vt 0.85 0.875
vt 0.819 0.875
vt 0.819 0.875
vt 0.817 0.876
vt 0.819 0.875
vt 0.817 0.876
vt 0.817 0.876
vt 0.819 0.875
vt 0.819 0.875
vt 0.835 0.872
vt 0.819 0.875
vt 0.835 0.872
vt 0.835 0.872
vt 0.819 0.875
vt 0.817 0.876
vt 0.817 0.884
vt 0.796 0.931
vt 0.805 0.944
vt 0.796 0.93
vt 0.805 0.944
vt 0.8 0.936
vt 0.796 0.93
vt 0.805 0.884
vt 0.796 0.897
vt 0.805 0.884
vt 0.796 0.897
vt 0.796 0.897
vt 0.805 0.884
vt 0.793 0.916
vt 0.793 0.915
vt 0.796 0.897
vt 0.793 0.915
vt 0.796 0.897
vt 0.796 0.897
vt 0.796 0.931
vt 0.796 0.93
vt 0.793 0.916
vt 0.796 0.93
vt 0.793 0.915
vt 0.793 0.916
vt 0.8 0.936
vt 0.805 0.944
vt 0.805 0.944
vt 0.817 0.876
vt 0.805 0.884
vt 0.805 0.884
vt 0.805 0.884
vt 0.817 0.876
vt 0.819 0.875
vt 0.817 0.876
vt 0.819 0.875
vt 0.819 0.875
vt 0.835 0.872
vt 0.835 0.872
vt 0.85 0.875
vt 0.835 0.872
vt 0.85 0.875
vt 0.85 0.875
vt 0.819 0.875
vt 0.819 0.875
vt 0.835 0.872
vt 0.819 0.875
vt 0.835 0.872
vt 0.835 0.872
vt 0.805 0.944
vt 0.817 0.936
vt 0.8 0.936
vt 0.793 0.706
vt 0.774 0.706
vt 0.876 0.706
vt 0.774 0.706
vt 0.899 0.706
vt 0.876 0.706
vt 0.793 0.706
vt 0.793 0.775
vt 0.793 0.74
vt 0.793 0.806
vt 0.793 0.74
vt 0.793 0.806
vt 0.793 0.74
vt 0.793 0.775
vt 0.793 0.806
vt 0.876 0.706
vt 0.876 0.74
vt 0.876 0.775
vt 0.876 0.74
vt 0.876 0.806
vt 0.876 0.775
vt 0.876 0.806
vt 0.876 0.806
vt 0.876 0.775
vt 0.793 0.806
vt 0.796 0.791
vt 0.803 0.806
vt 0.796 0.791
vt 0.805 0.804
vt 0.803 0.806
vt 0.793 0.806
vt 0.793 0.775
vt 0.796 0.791
vt 0.864 0.804
vt 0.873 0.791
vt 0.866 0.806
vt 0.873 0.791
vt 0.876 0.806
vt 0.866 0.806
vt 0.822 0.819
vt 0.822 0.819
vt 0.803 0.806
vt 0.822 0.819
vt 0.803 0.806
vt 0.803 0.806
vt 0.876 0.806
vt 0.873 0.791
vt 0.876 0.775
vt 0.822 0.819
vt 0.803 0.806
vt 0.819 0.813
vt 0.803 0.806
vt 0.805 0.804
vt 0.819 0.813
vt 0.819 0.813
vt 0.835 0.816
vt 0.822 0.819
vt 0.835 0.816
vt 0.835 0.819
vt 0.822 0.819
vt 0.864 0.804
vt 0.866 0.806
vt 0.85 0.813
vt 0.866 0.806
vt 0.848 0.819
vt 0.85 0.813
vt 0.85 0.813
vt 0.848 0.819
vt 0.835 0.816
vt 0.848 0.819
vt 0.835 0.819
vt 0.835 0.816
vt 0.793 0.775
vt 0.793 0.706
vt 0.796 0.759
vt 0.796 0.759
vt 0.793 0.706
vt 0.805 0.745
vt 0.805 0.745
vt 0.793 0.706
vt 0.819 0.736
vt 0.876 0.706
vt 0.835 0.733
vt 0.793 0.706
vt 0.835 0.733
vt 0.876 0.706
vt 0.85 0.736
vt 0.85 0.736
vt 0.876 0.706
vt 0.864 0.745
vt 0.864 0.745
vt 0.876 0.706
vt 0.873 0.759
vt 0.873 0.759
vt 0.876 0.706
vt 0.876 0.775
vt 0.835 0.733
vt 0.819 0.736
vt 0.793 0.706
vt 0.841 0.632
vt 0.802 0.626
vt 0.88 0.626
vt 0.766 0.611
vt 0.916 0.611
vt 0.802 0.626
vt 0.916 0.611
vt 0.88 0.626
vt 0.802 0.626
vt 0.916 0.611
vt 0.766 0.611
vt 0.947 0.588
vt 0.766 0.611
vt 0.735 0.588
vt 0.947 0.588
vt 0.711 0.557
vt 0.971 0.557
vt 0.735 0.588
vt 0.971 0.557
vt 0.947 0.588
vt 0.735 0.588
vt 0.971 0.557
vt 0.711 0.557
vt 0.986 0.52
vt 0.711 0.557
vt 0.696 0.52
vt 0.986 0.52
vt 0.696 0.52
vt 0.691 0.482
vt 0.986 0.52
vt 0.691 0.482
vt 0.991 0.482
vt 0.986 0.52
vt 0.696 0.443
vt 0.735 0.376
vt 0.691 0.482
vt 0.735 0.376
vt 0.758 0.358
vt 0.691 0.482
vt 0.735 0.376
vt 0.696 0.443
vt 0.711 0.407
vt 0.991 0.482
vt 0.691 0.482
vt 0.758 0.358
vt 0.991 0.482
vt 0.758 0.358
vt 0.991 0.016
vt 0.758 0.358
vt 0.758 0.148
vt 0.991 0.016
vt 0.526 0.93
vt 0.526 0.967
vt 0.482 0.922
vt 0.526 0.967
vt 0.488 0.968
vt 0.482 0.922
vt 0.876 0.706
vt 0.899 0.706
vt 0.876 0.706
vt 0.899 0.706
vt 0.899 0.706
vt 0.876 0.706
vt 0.793 0.706
vt 0.774 0.706
vt 0.793 0.706
vt 0.774 0.706
vt 0.774 0.706
vt 0.793 0.706
vt 0.416 0.699
vt 0.188 0.73
vt 0.022 0.684
vt 0.188 0.73
vt 0.15 0.738
vt 0.022 0.684
vt 0.15 0.738
vt 0.117 0.76
vt 0.022 0.684
vt 0.117 0.76
vt 0.095 0.792
vt 0.022 0.684
vt 0.095 0.792
vt 0.088 0.83
vt 0.022 0.684
vt 0.088 0.83
vt 0.095 0.868
vt 0.022 0.984
vt 0.095 0.868
vt 0.117 0.901
vt 0.022 0.984
vt 0.117 0.901
vt 0.15 0.923
vt 0.022 0.984
vt 0.15 0.923
vt 0.188 0.93
vt 0.022 0.984
vt 0.188 0.93
vt 0.488 0.968
vt 0.022 0.984
vt 0.416 0.699
vt 0.226 0.738
vt 0.188 0.73
vt 0.226 0.923
vt 0.488 0.968
vt 0.188 0.93
vt 0.416 0.699
vt 0.258 0.76
vt 0.226 0.738
vt 0.258 0.901
vt 0.488 0.968
vt 0.226 0.923
vt 0.45 0.759
vt 0.416 0.699
vt 0.483 0.738
vt 0.416 0.699
vt 0.488 0.699
vt 0.483 0.738
vt 0.429 0.868
vt 0.28 0.868
vt 0.421 0.83
vt 0.28 0.868
vt 0.288 0.83
vt 0.421 0.83
vt 0.288 0.83
vt 0.28 0.792
vt 0.421 0.83
vt 0.28 0.792
vt 0.429 0.792
vt 0.421 0.83
vt 0.088 0.83
vt 0.022 0.984
vt 0.022 0.684
vt 0.28 0.868
vt 0.429 0.868
vt 0.45 0.901
vt 0.416 0.699
vt 0.429 0.792
vt 0.258 0.76
vt 0.429 0.792
vt 0.28 0.792
vt 0.258 0.76
vt 0.28 0.868
vt 0.45 0.901
vt 0.258 0.901
vt 0.45 0.901
vt 0.488 0.968
vt 0.258 0.901
vt 0.482 0.922
vt 0.488 0.968
vt 0.45 0.901
vt 0.45 0.759
vt 0.429 0.792
vt 0.416 0.699
vt 0.416 0.684
vt 0.416 0.699
vt 0.022 0.684
vt 0.028 0.382
vt 0.008 0.016
vt 0.052 0.358
vt 0.028 0.382
vt 0.013 0.401
vt 0.008 0.016
vt 0.013 0.401
vt 0.008 0.41
vt 0.008 0.016
vt 0.242 0.346
vt 0.192 0.324
vt 0.242 0.149
vt 0.192 0.324
vt 0.158 0.319
vt 0.242 0.149
vt 0.158 0.319
vt 0.12 0.325
vt 0.242 0.149
vt 0.242 0.149
vt 0.12 0.325
vt 0.008 0.016
vt 0.008 0.016
vt 0.081 0.338
vt 0.052 0.358
vt 0.008 0.016
vt 0.12 0.325
vt 0.081 0.338
vt 0.78 0.892
vt 0.78 0.9
vt 0.817 0.892
vt 0.78 0.9
vt 0.817 0.9
vt 0.817 0.892
vt 0.78 0.908
vt 0.78 0.914
vt 0.817 0.908
vt 0.78 0.914
vt 0.817 0.914
vt 0.817 0.908
vt 0.78 0.919
vt 0.78 0.92
vt 0.817 0.919
vt 0.78 0.92
vt 0.817 0.92
vt 0.817 0.919
vt 0.78 0.9
vt 0.78 0.892
vt 0.817 0.9
vt 0.78 0.892
vt 0.817 0.892
vt 0.817 0.9
vt 0.78 0.919
vt 0.78 0.914
vt 0.817 0.919
vt 0.78 0.914
vt 0.817 0.914
vt 0.817 0.919
vt 0.78 0.885
vt 0.78 0.88
vt 0.817 0.885
vt 0.78 0.88
vt 0.817 0.88
vt 0.817 0.885
vt 0.78 0.908
vt 0.78 0.9
vt 0.817 0.908
vt 0.78 0.9
vt 0.817 0.9
vt 0.817 0.908
vt 0.78 0.879
vt 0.78 0.88
vt 0.817 0.879
vt 0.78 0.88
vt 0.817 0.88
vt 0.817 0.879
vt 0.78 0.885
vt 0.78 0.892
vt 0.817 0.885
vt 0.78 0.892
vt 0.817 0.892
vt 0.817 0.885
vt 0.78 0.9
vt 0.78 0.908
vt 0.817 0.9
vt 0.78 0.908
vt 0.817 0.908
vt 0.817 0.9
vt 0.78 0.914
vt 0.78 0.919
vt 0.817 0.914
vt 0.78 0.919
vt 0.817 0.919
vt 0.817 0.914
vt 0.78 0.92
vt 0.78 0.919
vt 0.817 0.92
vt 0.78 0.919
vt 0.817 0.919
vt 0.817 0.92
vt 0.78 0.892
vt 0.78 0.885
vt 0.817 0.892
vt 0.78 0.885
vt 0.817 0.885
vt 0.817 0.892
vt 0.78 0.914
vt 0.78 0.908
vt 0.817 0.914
vt 0.78 0.908
vt 0.817 0.908
vt 0.817 0.914
vt 0.78 0.88
vt 0.78 0.879
vt 0.817 0.88
vt 0.78 0.879
vt 0.817 0.879
vt 0.817 0.88
vt 0.78 0.88
vt 0.78 0.885
vt 0.817 0.88
vt 0.78 0.885
vt 0.817 0.885
vt 0.817 0.88
vt 0.873 0.931
vt 0.864 0.944
vt 0.873 0.931
vt 0.864 0.944
vt 0.864 0.944
vt 0.873 0.931
vt 0.526 0.93
vt 0.563 0.922
vt 0.526 0.967
vt 0.563 0.922
vt 0.563 0.966
vt 0.526 0.967
vt 0.526 0.73
vt 0.526 0.699
vt 0.563 0.738
vt 0.526 0.699
vt 0.563 0.699
vt 0.563 0.738
vt 0.873 0.931
vt 0.876 0.916
vt 0.866 0.936
vt 0.866 0.936
vt 0.864 0.944
vt 0.873 0.931
vt 0.817 0.936
vt 0.817 0.876
vt 0.805 0.884
vt 0.817 0.936
vt 0.805 0.884
vt 0.796 0.897
vt 0.817 0.936
vt 0.796 0.897
vt 0.793 0.915
vt 0.817 0.936
vt 0.793 0.915
vt 0.796 0.93
vt 0.817 0.936
vt 0.796 0.93
vt 0.8 0.936
vt 0.846 0.954
vt 0.846 0.954
vt 0.843 0.954
vt 0.826 0.954
vt 0.843 0.954
vt 0.817 0.936
vt 0.824 0.954
vt 0.826 0.954
vt 0.824 0.954
vt 0.563 0.922
vt 0.594 0.901
vt 0.563 0.966
vt 0.594 0.901
vt 0.594 0.965
vt 0.563 0.966
vt 0.563 0.738
vt 0.563 0.699
vt 0.594 0.759
vt 0.563 0.699
vt 0.594 0.699
vt 0.594 0.759
vt 0.846 0.954
vt 0.864 0.944
vt 0.846 0.954
vt 0.864 0.944
vt 0.864 0.944
vt 0.846 0.954
vt 0.824 0.954
vt 0.824 0.954
vt 0.805 0.944
vt 0.824 0.954
vt 0.805 0.944
vt 0.805 0.944
vt 0.826 0.954
vt 0.817 0.936
vt 0.824 0.954
vt 0.817 0.936
vt 0.805 0.944
vt 0.824 0.954
vt 0.846 0.954
vt 0.817 0.936
vt 0.843 0.954
vt 0.846 0.954
vt 0.864 0.944
vt 0.817 0.936
vt 0.864 0.944
vt 0.866 0.936
vt 0.817 0.936
vt 0.594 0.901
vt 0.618 0.857
vt 0.594 0.965
vt 0.618 0.857
vt 0.617 0.964
vt 0.594 0.965
vt 0.594 0.759
vt 0.594 0.699
vt 0.618 0.804
vt 0.594 0.699
vt 0.617 0.699
vt 0.618 0.804
vt 0.619 0.81
vt 0.618 0.804
vt 0.632 0.699
vt 0.618 0.804
vt 0.617 0.699
vt 0.632 0.699
vt 0.632 0.699
vt 0.632 0.964
vt 0.619 0.81
vt 0.632 0.964
vt 0.619 0.85
vt 0.619 0.81
vt 0.619 0.85
vt 0.632 0.964
vt 0.618 0.857
vt 0.632 0.964
vt 0.617 0.964
vt 0.618 0.857
vt 0.817 0.936
vt 0.866 0.936
vt 0.817 0.927
vt 0.866 0.936
vt 0.866 0.927
vt 0.817 0.927
vt 0.866 0.936
vt 0.866 0.936
vt 0.817 0.936
vt 0.866 0.936
vt 0.817 0.936
vt 0.817 0.936
vt 0.817 0.913
vt 0.817 0.927
vt 0.866 0.913
vt 0.817 0.927
vt 0.866 0.927
vt 0.866 0.913
vt 0.817 0.897
vt 0.817 0.913
vt 0.866 0.897
vt 0.817 0.913
vt 0.866 0.913
vt 0.866 0.897
vt 0.835 0.872
vt 0.819 0.875
vt 0.85 0.875
vt 0.864 0.884
vt 0.85 0.875
vt 0.817 0.884
vt 0.85 0.875
vt 0.819 0.875
vt 0.817 0.884
vt 0.866 0.887
vt 0.864 0.884
vt 0.866 0.897
vt 0.817 0.897
vt 0.866 0.897
vt 0.817 0.884
vt 0.866 0.897
vt 0.864 0.884
vt 0.817 0.884
vt 0.817 0.892
vt 0.817 0.9
vt 0.817 0.884
vt 0.817 0.9
vt 0.817 0.897
vt 0.817 0.884
vt 0.817 0.879
vt 0.817 0.876
vt 0.817 0.876
vt 0.817 0.879
vt 0.817 0.876
vt 0.817 0.88
vt 0.817 0.88
vt 0.817 0.876
vt 0.817 0.885
vt 0.817 0.885
vt 0.817 0.876
vt 0.817 0.892
vt 0.817 0.892
vt 0.817 0.876
vt 0.817 0.9
vt 0.817 0.927
vt 0.817 0.919
vt 0.817 0.936
vt 0.817 0.919
vt 0.817 0.92
vt 0.817 0.936
vt 0.817 0.88
vt 0.817 0.885
vt 0.817 0.876
vt 0.817 0.9
vt 0.817 0.876
vt 0.817 0.936
vt 0.817 0.913
vt 0.817 0.897
vt 0.817 0.908
vt 0.817 0.897
vt 0.817 0.9
vt 0.817 0.908
vt 0.817 0.88
vt 0.817 0.876
vt 0.817 0.879
vt 0.817 0.927
vt 0.817 0.913
vt 0.817 0.914
vt 0.817 0.913
vt 0.817 0.908
vt 0.817 0.914
vt 0.817 0.908
vt 0.817 0.9
vt 0.817 0.936
vt 0.866 0.887
vt 0.866 0.887
vt 0.866 0.927
vt 0.866 0.887
vt 0.866 0.897
vt 0.866 0.927
vt 0.817 0.885
vt 0.817 0.892
vt 0.817 0.876
vt 0.817 0.892
vt 0.817 0.884
vt 0.817 0.876
vt 0.817 0.914
vt 0.817 0.908
vt 0.817 0.936
vt 0.817 0.927
vt 0.817 0.914
vt 0.817 0.919
vt 0.817 0.919
vt 0.817 0.914
vt 0.817 0.936
vt 0.866 0.936
vt 0.866 0.887
vt 0.866 0.936
vt 0.866 0.887
vt 0.866 0.927
vt 0.866 0.936
vt 0.817 0.92
vt 0.817 0.919
vt 0.817 0.936
vt 0.817 0.936
vt 0.817 0.919
vt 0.817 0.936
vt 0.866 0.927
vt 0.866 0.897
vt 0.866 0.913
vt 0.052 0.358
vt 0.081 0.338
vt 0.123 0.446
vt 0.081 0.338
vt 0.139 0.436
vt 0.123 0.446
vt 0.158 0.432
vt 0.158 0.319
vt 0.192 0.324
vt 0.242 0.358
vt 0.192 0.324
vt 0.242 0.346
vt 0.139 0.436
vt 0.12 0.325
vt 0.158 0.432
vt 0.12 0.325
vt 0.158 0.319
vt 0.158 0.432
vt 0.139 0.528
vt 0.12 0.627
vt 0.123 0.517
vt 0.12 0.627
vt 0.083 0.612
vt 0.123 0.517
vt 0.194 0.446
vt 0.264 0.376
vt 0.205 0.463
vt 0.264 0.376
vt 0.288 0.407
vt 0.205 0.463
vt 0.112 0.463
vt 0.028 0.382
vt 0.123 0.446
vt 0.028 0.382
vt 0.052 0.358
vt 0.123 0.446
vt 0.013 0.401
vt 0.028 0.382
vt 0.112 0.463
vt 0.158 0.532
vt 0.158 0.632
vt 0.139 0.528
vt 0.158 0.632
vt 0.12 0.627
vt 0.139 0.528
vt 0.264 0.588
vt 0.233 0.612
vt 0.194 0.517
vt 0.233 0.612
vt 0.177 0.528
vt 0.194 0.517
vt 0.205 0.463
vt 0.288 0.407
vt 0.303 0.443
vt 0.008 0.482
vt 0.108 0.482
vt 0.014 0.521
vt 0.108 0.482
vt 0.112 0.501
vt 0.014 0.521
vt 0.108 0.482
vt 0.008 0.482
vt 0.112 0.463
vt 0.233 0.612
vt 0.197 0.627
vt 0.177 0.528
vt 0.197 0.627
vt 0.158 0.532
vt 0.177 0.528
vt 0.123 0.517
vt 0.083 0.612
vt 0.052 0.588
vt 0.014 0.521
vt 0.112 0.501
vt 0.028 0.557
vt 0.308 0.482
vt 0.208 0.482
vt 0.303 0.443
vt 0.208 0.482
vt 0.205 0.463
vt 0.303 0.443
vt 0.288 0.557
vt 0.205 0.501
vt 0.303 0.521
vt 0.177 0.436
vt 0.242 0.358
vt 0.194 0.446
vt 0.242 0.358
vt 0.264 0.376
vt 0.194 0.446
vt 0.288 0.557
vt 0.264 0.588
vt 0.205 0.501
vt 0.264 0.588
vt 0.194 0.517
vt 0.205 0.501
vt 0.013 0.401
vt 0.112 0.463
vt 0.008 0.41
vt 0.112 0.463
vt 0.008 0.482
vt 0.008 0.41
vt 0.123 0.517
vt 0.052 0.588
vt 0.112 0.501
vt 0.052 0.588
vt 0.028 0.557
vt 0.112 0.501
vt 0.208 0.482
vt 0.308 0.482
vt 0.205 0.501
vt 0.308 0.482
vt 0.303 0.521
vt 0.205 0.501
vt 0.242 0.358
vt 0.177 0.436
vt 0.192 0.324
vt 0.177 0.436
vt 0.158 0.432
vt 0.192 0.324
vt 0.197 0.627
vt 0.158 0.632
vt 0.158 0.532
vt 0.081 0.338
vt 0.12 0.325
vt 0.139 0.436
vt 0.866 0.806
vt 0.866 0.806
vt 0.848 0.819
vt 0.866 0.806
vt 0.848 0.819
vt 0.848 0.819
vt 0.835 0.819
vt 0.848 0.819
vt 0.822 0.819
vt 0.803 0.806
vt 0.803 0.806
vt 0.793 0.806
vt 0.803 0.806
vt 0.793 0.806
vt 0.793 0.806
vt 0.876 0.806
vt 0.876 0.806
vt 0.866 0.806
vt 0.876 0.806
vt 0.866 0.806
vt 0.866 0.806
vt 0.853 0.815
vt 0.816 0.815
vt 0.848 0.819
vt 0.816 0.815
vt 0.822 0.819
vt 0.848 0.819
vt 0.859 0.81
vt 0.81 0.81
vt 0.853 0.815
vt 0.81 0.81
vt 0.816 0.815
vt 0.853 0.815
vt 0.866 0.806
vt 0.859 0.81
vt 0.848 0.819
vt 0.859 0.81
vt 0.853 0.815
vt 0.848 0.819
vt 0.835 0.819
vt 0.822 0.819
vt 0.822 0.819
vt 0.822 0.819
vt 0.816 0.815
vt 0.803 0.806
vt 0.816 0.815
vt 0.81 0.81
vt 0.803 0.806
vt 0.793 0.806
vt 0.803 0.806
vt 0.793 0.74
vt 0.866 0.806
vt 0.876 0.806
vt 0.876 0.74
vt 0.793 0.74
vt 0.803 0.806
vt 0.876 0.74
vt 0.803 0.806
vt 0.866 0.806
vt 0.876 0.74
usemtl MB_138_official_14311
s off
f 6703/7387 6704/7388 6510/7389
f 6564/7390 6509/7391 6313/7392
f 6564/7393 6313/7394 6563/7395
f 6313/7396 6315/7397 6563/7398
f 6562/7399 6563/7400 6462/7401
f 6563/7402 6315/7403 6462/7404
f 6509/7405 6564/7406 6312/7407
f 6564/7408 6565/7409 6312/7410
f 6704/7411 6508/7412 6510/7413
f 6566/7414 6311/7415 6565/7416
f 6311/7417 6312/7418 6565/7419
f 6553/7420 6537/7421 6552/7422
f 6537/7423 6536/7424 6552/7425
f 6553/7426 6538/7427 6537/7428
f 6538/7429 6518/7430 6537/7431
f 6539/7432 6519/7433 6538/7434
f 6519/7435 6518/7436 6538/7437
f 6540/7438 6520/7439 6539/7440
f 6520/7441 6519/7442 6539/7443
f 6541/7444 6521/7445 6540/7446
f 6521/7447 6520/7448 6540/7449
f 6542/7450 6522/7451 6541/7452
f 6522/7453 6521/7454 6541/7455
f 6543/7456 6525/7457 6542/7458
f 6525/7459 6522/7460 6542/7461
f 6544/7462 6526/7463 6543/7464
f 6526/7465 6525/7466 6543/7467
f 6545/7468 6527/7469 6544/7470
f 6527/7471 6526/7472 6544/7473
f 6546/7474 6528/7475 6545/7476
f 6528/7477 6527/7478 6545/7479
f 6547/7480 6529/7481 6546/7482
f 6529/7483 6528/7484 6546/7485
f 6548/7486 6530/7487 6547/7488
f 6530/7489 6529/7490 6547/7491
f 6549/7492 6531/7493 6548/7494
f 6531/7495 6530/7496 6548/7497
f 6550/7498 6532/7499 6549/7500
f 6532/7501 6531/7502 6549/7503
f 6551/7504 6535/7505 6550/7506
f 6535/7507 6532/7508 6550/7509
f 6552/7510 6536/7511 6551/7512
f 6536/7513 6535/7514 6551/7515
f 6685/7516 6620/7517 6668/7518
f 6620/7519 6669/7520 6668/7521
f 6613/7522 6642/7523 6586/7524
f 6642/7525 6670/7526 6586/7527
f 6587/7528 6590/7529 6585/7530
f 6590/7531 6588/7532 6585/7533
f 6583/7534 6593/7535 6592/7536
f 6593/7537 6591/7538 6592/7539
f 6596/7540 6595/7541 6584/7542
f 6595/7543 6594/7544 6584/7545
f 6628/7546 6623/7547 6626/7548
f 6623/7549 6624/7550 6626/7551
f 6629/7552 6622/7553 6628/7554
f 6622/7555 6623/7556 6628/7557
f 6630/7558 6619/7559 6629/7560
f 6619/7561 6622/7562 6629/7563
f 6631/7564 6618/7565 6630/7566
f 6618/7567 6619/7568 6630/7569
f 6632/7570 6617/7571 6631/7572
f 6617/7573 6618/7574 6631/7575
f 6633/7576 6616/7577 6632/7578
f 6616/7579 6617/7580 6632/7581
f 6634/7582 6615/7583 6633/7584
f 6615/7585 6616/7586 6633/7587
f 6635/7588 6614/7589 6634/7590
f 6614/7591 6615/7592 6634/7593
f 6740/7594 6749/7595 6493/7596
f 6643/7597 6641/7598 6645/7599
f 6641/7600 6648/7601 6645/7602
f 6592/7603 6591/7604 6587/7605
f 6591/7606 6590/7607 6587/7608
f 6584/7609 6594/7610 6583/7611
f 6594/7612 6593/7613 6583/7614
f 6581/7615 6597/7616 6596/7617
f 6597/7618 6595/7619 6596/7620
f 6636/7621 6642/7622 6613/7623
f 6613/7624 6586/7625 6589/7626
f 6675/7627 6677/7628 6673/7629
f 6677/7630 6671/7631 6673/7632
f 6674/7633 6683/7634 6676/7635
f 6683/7636 6418/7637 6676/7638
f 6646/7639 6638/7640 6686/7641
f 6638/7642 6684/7643 6686/7644
f 6644/7645 6422/7646 6667/7647
f 6422/7648 6417/7649 6667/7650
f 6679/7651 6752/7652 6743/7653
f 6752/7654 6751/7655 6743/7656
f 6448/7657 6666/7658 6449/7659
f 6666/7660 6447/7661 6449/7662
f 6578/7663 6602/7664 6577/7665
f 6602/7666 6601/7667 6577/7668
f 6579/7669 6599/7670 6582/7671
f 6599/7672 6598/7673 6582/7674
f 6445/7675 6420/7676 6421/7677
f 6420/7678 6419/7679 6421/7680
f 6609/7681 6571/7682 6611/7683
f 6571/7684 6363/7685 6611/7686
f 6577/7687 6601/7688 6580/7689
f 6601/7690 6600/7691 6580/7692
f 6580/7693 6600/7694 6579/7695
f 6600/7696 6599/7697 6579/7698
f 6451/7699 6637/7700 6450/7701
f 6637/7702 6639/7703 6450/7704
f 6582/7705 6598/7706 6581/7707
f 6598/7708 6597/7709 6581/7710
f 6689/7711 6509/7712 6554/7713
f 6509/7714 6312/7715 6554/7716
f 6555/7717 6554/7718 6311/7719
f 6554/7720 6312/7721 6311/7722
f 6310/7723 6556/7724 6311/7725
f 6556/7726 6555/7727 6311/7728
f 6557/7729 6461/7730 6694/7731
f 6461/7732 6516/7733 6694/7734
f 6461/7735 6557/7736 6310/7737
f 6557/7738 6556/7739 6310/7740
f 6352/7741 6488/7742 6737/7743
f 6572/7744 6573/7745 6698/7746
f 6573/7747 6479/7748 6698/7749
f 6569/7750 6570/7751 6700/7752
f 6570/7753 6699/7754 6700/7755
f 6364/7756 6701/7757 6570/7758
f 6701/7759 6699/7760 6570/7761
f 6572/7762 6698/7763 6364/7764
f 6698/7765 6701/7766 6364/7767
f 6479/7768 6573/7769 6457/7770
f 6516/7771 6569/7772 6700/7773
f 6569/7774 6516/7775 6568/7776
f 6516/7777 6461/7778 6568/7779
f 6567/7780 6310/7781 6566/7782
f 6310/7783 6311/7784 6566/7785
f 6568/7786 6461/7787 6567/7788
f 6461/7789 6310/7790 6567/7791
f 6696/7792 6514/7793 6697/7794
f 6640/7795 6415/7796 6665/7797
f 6415/7798 6621/7799 6665/7800
f 6639/7801 6533/7802 6450/7803
f 6682/7804 6450/7805 6706/7806
f 6450/7807 6533/7808 6706/7809
f 6666/7810 6448/7811 6523/7812
f 6448/7813 6687/7814 6523/7815
f 6687/7816 6708/7817 6523/7818
f 6707/7819 6330/7820 6712/7821
f 6330/7822 6331/7823 6712/7824
f 6707/7825 6329/7826 6330/7827
f 6319/7828 6320/7829 6710/7830
f 6320/7831 6709/7832 6710/7833
f 6742/7834 6746/7835 6713/7836
f 6746/7837 6502/7838 6713/7839
f 6709/7840 6320/7841 6524/7842
f 6741/7843 6712/7844 6332/7845
f 6712/7846 6331/7847 6332/7848
f 6332/7849 6317/7850 6741/7851
f 6317/7852 6738/7853 6741/7854
f 6319/7855 6710/7856 6318/7857
f 6710/7858 6739/7859 6318/7860
f 6318/7861 6739/7862 6317/7863
f 6739/7864 6738/7865 6317/7866
f 6534/7867 6423/7868 6328/7869
f 6328/7870 6423/7871 6327/7872
f 6327/7873 6423/7874 6326/7875
f 6446/7876 6325/7877 6423/7878
f 6325/7879 6446/7880 6324/7881
f 6324/7882 6446/7883 6323/7884
f 6323/7885 6446/7886 6322/7887
f 6322/7888 6446/7889 6321/7890
f 6325/7891 6326/7892 6423/7893
f 6444/7894 6391/7895 6392/7896
f 6443/7897 6604/7898 6391/7899
f 6604/7900 6392/7901 6391/7902
f 6604/7903 6443/7904 6606/7905
f 6443/7906 6390/7907 6606/7908
f 6442/7909 6608/7910 6390/7911
f 6608/7912 6606/7913 6390/7914
f 6608/7915 6442/7916 6610/7917
f 6442/7918 6389/7919 6610/7920
f 6389/7921 6388/7922 6610/7923
f 6388/7924 6612/7925 6610/7926
f 6441/7927 6386/7928 6388/7929
f 6386/7930 6440/7931 6388/7932
f 6386/7933 6441/7934 6387/7935
f 6612/7936 6388/7937 6440/7938
f 6612/7939 6440/7940 6620/7941
f 6440/7942 6669/7943 6620/7944
f 6356/7945 6396/7946 6357/7947
f 6396/7948 6385/7949 6357/7950
f 6665/7951 6621/7952 6684/7953
f 6621/7954 6686/7955 6684/7956
f 6638/7957 6646/7958 6640/7959
f 6646/7960 6415/7961 6640/7962
f 6625/7963 6345/7964 6647/7965
f 6345/7966 6344/7967 6647/7968
f 6344/7969 6343/7970 6647/7971
f 6343/7972 6342/7973 6647/7974
f 6342/7975 6341/7976 6647/7977
f 6341/7978 6340/7979 6416/7980
f 6340/7981 6339/7982 6416/7983
f 6339/7984 6338/7985 6416/7986
f 6338/7987 6337/7988 6416/7989
f 6337/7990 6385/7991 6416/7992
f 6625/7993 6346/7994 6345/7995
f 6336/7996 6385/7997 6337/7998
f 6625/7999 6347/8000 6346/8001
f 6335/8002 6385/8003 6336/8004
f 6362/8005 6625/8006 6363/8007
f 6625/8008 6611/8009 6363/8010
f 6359/8011 6334/8012 6360/8013
f 6334/8014 6333/8015 6360/8016
f 6333/8017 6348/8018 6360/8019
f 6348/8020 6361/8021 6360/8022
f 6341/8023 6416/8024 6647/8025
f 6334/8026 6359/8027 6358/8028
f 6625/8029 6361/8030 6347/8031
f 6361/8032 6348/8033 6347/8034
f 6334/8035 6358/8036 6335/8037
f 6358/8038 6385/8039 6335/8040
f 6357/8041 6385/8042 6358/8043
f 6362/8044 6361/8045 6625/8046
f 6627/8047 6625/8048 6647/8049
f 6408/8050 6648/8051 6409/8052
f 6408/8053 6407/8054 6648/8055
f 6407/8056 6406/8057 6648/8058
f 6414/8059 6413/8060 6641/8061
f 6413/8062 6412/8063 6641/8064
f 6412/8065 6411/8066 6641/8067
f 6641/8068 6411/8069 6648/8070
f 6648/8071 6410/8072 6409/8073
f 6648/8074 6411/8075 6410/8076
f 6723/8077 6722/8078 6656/8079
f 6722/8080 6657/8081 6656/8082
f 6721/8083 6720/8084 6658/8085
f 6720/8086 6659/8087 6658/8088
f 6719/8089 6718/8090 6660/8091
f 6718/8092 6661/8093 6660/8094
f 6715/8095 6729/8096 6649/8097
f 6729/8098 6650/8099 6649/8100
f 6717/8101 6716/8102 6662/8103
f 6716/8104 6663/8105 6662/8106
f 6728/8107 6727/8108 6651/8109
f 6727/8110 6652/8111 6651/8112
f 6714/8113 6715/8114 6664/8115
f 6715/8116 6649/8117 6664/8118
f 6726/8119 6725/8120 6653/8121
f 6725/8122 6654/8123 6653/8124
f 6724/8125 6723/8126 6655/8127
f 6723/8128 6656/8129 6655/8130
f 6722/8131 6721/8132 6657/8133
f 6721/8134 6658/8135 6657/8136
f 6720/8137 6719/8138 6659/8139
f 6719/8140 6660/8141 6659/8142
f 6718/8143 6717/8144 6661/8145
f 6717/8146 6662/8147 6661/8148
f 6729/8149 6728/8150 6650/8151
f 6728/8152 6651/8153 6650/8154
f 6716/8155 6714/8156 6663/8157
f 6714/8158 6664/8159 6663/8160
f 6727/8161 6726/8162 6652/8163
f 6726/8164 6653/8165 6652/8166
f 6725/8167 6724/8168 6654/8169
f 6724/8170 6655/8171 6654/8172
f 6462/8173 6513/8174 6562/8175
f 6513/8176 6561/8177 6562/8178
f 6356/8179 6355/8180 6396/8181
f 6355/8182 6395/8183 6396/8184
f 6571/8185 6609/8186 6365/8187
f 6609/8188 6607/8189 6365/8190
f 6512/8191 6703/8192 6510/8193
f 6510/8194 6482/8195 6512/8196
f 6514/8197 6517/8198 6480/8199
f 6514/8200 6480/8201 6458/8202
f 6514/8203 6458/8204 6459/8205
f 6514/8206 6459/8207 6460/8208
f 6514/8209 6460/8210 6697/8211
f 6560/8212 6705/8213 6558/8214
f 6575/8215 6559/8216 6514/8217
f 6574/8218 6576/8219 6702/8220
f 6355/8221 6354/8222 6395/8223
f 6354/8224 6394/8225 6395/8226
f 6365/8227 6607/8228 6366/8229
f 6607/8230 6605/8231 6366/8232
f 6560/8233 6561/8234 6705/8235
f 6561/8236 6513/8237 6705/8238
f 6574/8239 6702/8240 6573/8241
f 6702/8242 6457/8243 6573/8244
f 6575/8245 6514/8246 6484/8247
f 6514/8248 6696/8249 6484/8250
f 6483/8251 6514/8252 6559/8253
f 6483/8254 6482/8255 6514/8256
f 6482/8257 6510/8258 6514/8259
f 6354/8260 6353/8261 6394/8262
f 6353/8263 6393/8264 6394/8265
f 6366/8266 6605/8267 6367/8268
f 6605/8269 6603/8270 6367/8271
f 6314/8272 6367/8273 6602/8274
f 6367/8275 6603/8276 6602/8277
f 6602/8278 6578/8279 6314/8280
f 6578/8281 6316/8282 6314/8283
f 6316/8284 6578/8285 6353/8286
f 6578/8287 6393/8288 6353/8289
f 6732/8290 6730/8291 6734/8292
f 6730/8293 6693/8294 6734/8295
f 6511/8296 6731/8297 6515/8298
f 6731/8299 6733/8300 6515/8301
f 6735/8302 6734/8303 6692/8304
f 6734/8305 6693/8306 6692/8307
f 6736/8308 6735/8309 6691/8310
f 6735/8311 6692/8312 6691/8313
f 6351/8314 6352/8315 6350/8316
f 6349/8317 6350/8318 6737/8319
f 6350/8320 6352/8321 6737/8322
f 6690/8323 6349/8324 6691/8325
f 6736/8326 6691/8327 6737/8328
f 6691/8329 6349/8330 6737/8331
f 6430/8332 6431/8333 6489/8334
f 6431/8335 6490/8336 6489/8337
f 6427/8338 6695/8339 6481/8340
f 6427/8341 6481/8342 6426/8343
f 6426/8344 6481/8345 6425/8346
f 6425/8347 6481/8348 6424/8349
f 6424/8350 6481/8351 6439/8352
f 6492/8353 6434/8354 6486/8355
f 6434/8356 6435/8357 6486/8358
f 6428/8359 6429/8360 6695/8361
f 6439/8362 6481/8363 6309/8364
f 6491/8365 6490/8366 6432/8367
f 6490/8368 6431/8369 6432/8370
f 6428/8371 6695/8372 6427/8373
f 6492/8374 6491/8375 6433/8376
f 6491/8377 6432/8378 6433/8379
f 6438/8380 6439/8381 6309/8382
f 6307/8383 6455/8384 6454/8385
f 6455/8386 6487/8387 6454/8388
f 6429/8389 6430/8390 6695/8391
f 6430/8392 6489/8393 6695/8394
f 6437/8395 6438/8396 6309/8397
f 6492/8398 6433/8399 6434/8400
f 6436/8401 6437/8402 6309/8403
f 6308/8404 6307/8405 6485/8406
f 6307/8407 6454/8408 6485/8409
f 6435/8410 6436/8411 6486/8412
f 6486/8413 6436/8414 6309/8415
f 6454/8416 6487/8417 6456/8418
f 6402/8419 6401/8420 6477/8421
f 6401/8422 6476/8423 6477/8424
f 6475/8425 6399/8426 6398/8427
f 6369/8428 6398/8429 6397/8430
f 6476/8431 6400/8432 6475/8433
f 6400/8434 6399/8435 6475/8436
f 6466/8437 6380/8438 6465/8439
f 6380/8440 6381/8441 6465/8442
f 6473/8443 6370/8444 6472/8445
f 6370/8446 6371/8447 6472/8448
f 6478/8449 6403/8450 6477/8451
f 6403/8452 6402/8453 6477/8454
f 6404/8455 6403/8456 6478/8457
f 6467/8458 6379/8459 6466/8460
f 6379/8461 6380/8462 6466/8463
f 6376/8464 6377/8465 6469/8466
f 6377/8467 6468/8468 6469/8469
f 6472/8470 6371/8471 6372/8472
f 6368/8473 6463/8474 6384/8475
f 6463/8476 6464/8477 6384/8478
f 6463/8479 6368/8480 6478/8481
f 6377/8482 6378/8483 6468/8484
f 6378/8485 6467/8486 6468/8487
f 6465/8488 6381/8489 6382/8490
f 6384/8491 6464/8492 6383/8493
f 6373/8494 6471/8495 6372/8496
f 6471/8497 6472/8498 6372/8499
f 6375/8500 6470/8501 6374/8502
f 6474/8503 6369/8504 6473/8505
f 6369/8506 6370/8507 6473/8508
f 6375/8509 6376/8510 6470/8511
f 6376/8512 6469/8513 6470/8514
f 6404/8515 6478/8516 6405/8517
f 6478/8518 6368/8519 6405/8520
f 6465/8521 6382/8522 6464/8523
f 6382/8524 6383/8525 6464/8526
f 6471/8527 6373/8528 6470/8529
f 6373/8530 6374/8531 6470/8532
f 6369/8533 6474/8534 6398/8535
f 6474/8536 6475/8537 6398/8538
f 6378/8539 6379/8540 6467/8541
f 6401/8542 6400/8543 6476/8544
f 6711/8545 6501/8546 6494/8547
f 6501/8548 6748/8549 6494/8550
f 6493/8551 6749/8552 6747/8553
f 6496/8554 6680/8555 6452/8556
f 6680/8557 6681/8558 6452/8559
f 6453/8560 6688/8561 6495/8562
f 6688/8563 6744/8564 6495/8565
f 6750/8566 6745/8567 6500/8568
f 6745/8569 6503/8570 6500/8571
f 6751/8572 6752/8573 6750/8574
f 6752/8575 6745/8576 6750/8577
f 6501/8578 6506/8579 6748/8580
f 6506/8581 6505/8582 6748/8583
f 6493/8584 6747/8585 6497/8586
f 6746/8587 6504/8588 6502/8589
f 6504/8590 6507/8591 6502/8592
f 6498/8593 6679/8594 6678/8595
f 6743/8596 6499/8597 6672/8598
f 6678/8599 6679/8600 6672/8601
f 6679/8602 6743/8603 6672/8604
o Part.10
v -10 18.713 8.936
v -10 16.262 10.993
v -10 12.557 4.089
v -10 13.886 13.45
v -10 26.166 15.637
v -10 18.486 20.161
v -10 15.956 17.21
v -10 26.218 16.049
v -10 24.745 14.472
v -10 22.316 12.446
v -10 21.193 21.537
v -10 14.394 14.735
v -10 20.24 10.313
v -10 24.092 18.493
v -10 16.771 10.566
v -10 14.052 12.949
v -10 20.451 21.673
v -10 19.499 9.461
v -10 20.873 21.65
v -10 25.637 16.758
v -10 14.272 12.687
v -10 21.471 21.339
v -10 13.934 13.191
v -10 15.045 12.014
v -10 15.045 15.861
v -10 14.007 13.907
v -10 17.108 18.679
v -10 26.256 15.849
v -10 22.067 20.728
v -10 23.503 13.492
v -10 19.723 21.284
v -10 25.735 15.237
v -10 21.217 11.374
v -10 18.117 9.437
v -10 16.088 10.786
v -10 18.54 8.729
v -10 13.392 3.388
v -10 14.104 3.444
v -10 13.763 3.268
v -10 11.653 5.501
v -10 11.722 4.79
v -10 11.54 5.134
v -10 18.701 8.946
v -10 19.101 9.002
v -10 18.902 8.892
v -9.388 16.355 10.915
v -8.869 16.621 10.692
v -8.522 17.019 10.358
v -8.4 17.488 9.965
v -8.522 17.956 9.571
v -8.869 18.354 9.238
v -9.388 18.62 9.015
v -9 18.423 9.18
v -9 16.552 10.749
v -9 17.52 11.903
v -8.869 17.42 11.643
v -8.522 17.379 10.788
v -8.4 17.695 10.211
v -8.522 18.317 10.001
v -8.869 19.152 10.189
v -9 19.391 10.333
v -9.33 14.102 13.226
v -9.346 16.415 16.935
v -9 26.028 15.85
v -9 19.753 14.495
v -9 17.828 12.083
v -9.318 20.808 21.419
v -9 18.907 9.189
v -9 23.866 18.299
v -9.35 18.983 19.868
v -9 16.947 10.824
v -9.349 14.719 14.468
v -9 20.009 10.482
v -9 22.072 12.642
v -9 24.537 14.702
v -9 22.307 17.004
v -9.23 15.118 14.141
v -9.445 14.394 14.735
v -9.31 14.052 12.949
v -9.28 21.193 21.537
v -9 15.195 12.287
v -9 19.349 10.966
v -9.481 18.486 20.161
v -9.417 20.451 21.673
v -9.211 19.51 19.553
v -9 22.316 12.446
v -9 18.314 9.684
v -9 17.679 16.152
v -9 24.745 14.472
v -9.399 13.886 13.45
v -9 20.283 19.076
v -9 26.166 15.637
v -9.469 15.956 17.21
v -9.345 20.16 20.972
v -9 17.256 11.268
v -9 26.218 16.049
v -9 24.092 18.493
v -9 25.417 16.57
v -9.347 17.622 18.418
v -9 20.973 11.547
v -9 23.271 13.712
v -9 16.771 10.566
v -9 21.002 15.827
v -9 18.661 13.188
v -9 21.841 20.533
v -9 19.285 9.634
v -9 25.56 15.465
v -9 23.362 17.878
v -9.231 14.426 12.925
v -9 20.24 10.313
v -9.347 15.426 15.568
v -9.212 16.911 16.632
v -9.203 21.204 21.11
v -9 15.877 13.517
v -9.345 14.281 13.675
v -9 21.369 13.203
v -9 23.875 15.393
v -9 21.217 11.374
v -9.459 15.045 15.861
v -9.427 14.007 13.907
v -9 16.593 14.655
v -9 15.045 12.014
v -9 18.965 17.721
v -9 22.065 20.742
v -9 23.503 13.492
v -9 26.256 15.849
v -9 18.117 9.437
v -9 25.637 16.758
v -9.202 21.471 21.339
v -9.212 20.629 20.625
v -9.349 20.873 21.65
v -9.208 18.165 18.14
v -9.467 19.723 21.284
v -9 25.735 15.237
v -9.477 17.108 18.679
v -9.22 15.86 15.231
v -9.361 13.934 13.191
v -9.236 14.272 12.687
v -9 19.499 9.461
v -9 21.341 20.064
v -9 24.923 16.181
v -9.236 14.651 13.369
v -9 15.441 12.73
v -9 22.588 14.35
v -9 20.274 12.044
v -9 18.671 10.128
v -8.4 17.314 9.758
v -8.522 17.783 9.364
v -8.869 18.18 9.031
v -9.388 18.446 8.808
v -9.388 16.182 10.708
v -8.869 16.448 10.485
v -8.522 16.845 10.151
v -9.388 11.747 5.422
v -9.583 11.786 4.736
v -9.445 11.625 5.062
v -8.869 12.012 5.199
v -9.229 11.967 4.585
v -8.974 11.865 4.86
v -8.522 12.41 4.865
v -8.993 12.238 4.357
v -8.66 12.226 4.558
v -8.4 12.879 4.472
v -8.91 12.557 4.089
v -8.549 12.651 4.201
v -8.522 13.348 4.079
v -8.993 12.877 3.821
v -8.66 13.076 3.844
v -8.869 13.745 3.745
v -9.229 13.148 3.593
v -8.974 13.437 3.541
v -9.388 14.011 3.522
v -9.583 13.329 3.442
v -9.445 13.678 3.34
v -9 19.101 9.002
v -9 18.701 8.946
v -9 18.902 8.892
v -10 12.81 6.879
v -10 15.261 4.822
v -9.388 15.168 4.901
v -9.388 12.904 6.801
v -8.869 13.169 6.578
v -8.522 13.567 6.244
v -8.4 14.036 5.851
v -8.522 14.505 5.458
v -8.869 14.902 5.124
v -10 16.226 5.972
v -9.388 16.132 6.05
v -10 13.774 8.028
v -9.388 13.868 7.95
v -8.869 14.134 7.727
v -8.522 14.531 7.393
v -8.4 15 7
v -8.522 15.469 6.607
v -8.869 15.866 6.273
v -10.612 11.747 5.422
v -11.131 12.012 5.199
v -11.478 12.41 4.865
v -11.6 12.879 4.472
v -11.478 13.348 4.079
v -11.131 13.745 3.745
v -10.612 14.011 3.522
v -10.612 15.168 4.901
v -10.612 12.904 6.801
v -11.131 13.169 6.578
v -11.131 14.902 5.124
v -10.612 16.132 6.05
v -10.612 13.868 7.95
v -11.131 14.134 7.727
v -11.478 14.531 7.393
v -11.6 15 7
v -11.478 15.469 6.607
v -11.131 15.866 6.273
v -11.5 14.343 5.593
v -11.5 14.43 5.781
v -11.5 14.412 5.987
v -11.5 14.294 6.157
v -11.5 14.106 6.244
v -11.5 13.899 6.227
v -11.5 13.73 6.107
v -11.5 13.642 5.92
v -11.5 13.661 5.714
v -11.5 13.779 5.544
v -11.5 13.967 5.457
v -11.5 14.173 5.475
v -10.75 14.343 5.593
v -10.75 14.43 5.781
v -10.75 14.412 5.987
v -10.75 14.294 6.157
v -10.75 14.106 6.244
v -10.75 13.899 6.227
v -10.75 13.73 6.107
v -10.75 13.642 5.92
v -10.75 13.661 5.714
v -10.75 13.779 5.544
v -10.75 13.967 5.457
v -10.75 14.173 5.475
v -10.75 14.649 5.336
v -10.75 14.825 5.711
v -10.75 14.788 6.124
v -10.75 14.551 6.463
v -10.75 14.176 6.638
v -10.75 13.763 6.602
v -10.75 13.424 6.365
v -10.75 13.249 5.989
v -10.75 13.285 5.577
v -10.75 13.522 5.237
v -10.75 13.898 5.062
v -10.75 14.31 5.098
v -11.5 14.037 5.85
v -11.52 14.788 6.124
v -11.424 14.825 5.711
v -11.352 14.649 5.336
v -11.424 14.31 5.098
v -11.52 13.898 5.062
v -11.6 13.522 5.238
v -11.521 13.285 5.577
v -11.425 13.249 5.989
v -11.353 13.424 6.365
v -11.425 13.763 6.602
v -11.521 14.176 6.638
v -11.6 14.55 6.464
v -10.612 16.355 10.915
v -11.131 16.621 10.692
v -11.478 17.019 10.358
v -11.6 17.488 9.965
v -11.478 17.956 9.571
v -11.131 18.354 9.238
v -10.612 18.62 9.015
v -11 18.423 9.18
v -11 16.552 10.749
v -11 17.52 11.903
v -11.131 17.42 11.643
v -11.478 17.379 10.788
v -11.6 17.695 10.211
v -11.478 18.317 10.001
v -11.131 19.152 10.189
v -11 19.391 10.333
v -10.67 14.102 13.226
v -10.654 16.415 16.935
v -11 26.028 15.85
v -11 19.753 14.495
v -11 17.828 12.083
v -10.682 20.808 21.419
v -11 18.907 9.189
v -11 23.866 18.299
v -10.65 18.983 19.868
v -11 16.947 10.824
v -10.651 14.719 14.468
v -11 20.009 10.482
v -11 22.072 12.642
v -11 24.537 14.702
v -11 22.307 17.004
v -10.77 15.118 14.141
v -10.555 14.394 14.735
v -10.69 14.052 12.949
v -10.72 21.193 21.537
v -11 15.195 12.287
v -11 19.349 10.966
v -10.519 18.486 20.161
v -10.583 20.451 21.673
v -10.789 19.51 19.553
v -11 22.316 12.446
v -11 18.314 9.684
v -11 17.679 16.152
v -11 24.745 14.472
v -10.601 13.886 13.45
v -11 20.283 19.076
v -11 26.166 15.637
v -10.531 15.956 17.21
v -10.655 20.16 20.972
v -11 17.256 11.268
v -11 26.218 16.049
v -11 24.092 18.493
v -11 25.417 16.57
v -10.653 17.622 18.418
v -11 20.973 11.547
v -11 23.271 13.712
v -11 16.771 10.566
v -11 21.002 15.827
v -11 18.661 13.188
v -11 21.841 20.533
v -11 19.285 9.634
v -11 25.56 15.465
v -11 23.362 17.878
v -10.769 14.426 12.925
v -11 20.24 10.313
v -10.653 15.426 15.568
v -10.788 16.911 16.632
v -10.797 21.204 21.11
v -11 15.877 13.517
v -10.655 14.281 13.675
v -11 21.369 13.203
v -11 23.875 15.393
v -11 21.217 11.374
v -10.541 15.045 15.861
v -10.573 14.007 13.907
v -11 16.593 14.655
v -11 15.045 12.014
v -11 18.965 17.721
v -11 22.065 20.742
v -11 23.503 13.492
v -11 26.256 15.849
v -11 18.117 9.437
v -11 25.637 16.758
v -10.798 21.471 21.339
v -10.788 20.629 20.625
v -10.651 20.873 21.65
v -10.792 18.165 18.14
v -10.533 19.723 21.284
v -11 25.735 15.237
v -10.523 17.108 18.679
v -10.78 15.86 15.231
v -10.639 13.934 13.191
v -10.764 14.272 12.687
v -11 19.499 9.461
v -11 21.341 20.064
v -11 24.923 16.181
v -10.764 14.651 13.369
v -11 15.441 12.73
v -11 22.588 14.35
v -11 20.274 12.044
v -11 18.671 10.128
v -11.6 17.314 9.758
v -11.478 17.783 9.364
v -11.131 18.18 9.031
v -10.612 18.446 8.808
v -10.612 16.182 10.708
v -11.131 16.448 10.485
v -11.478 16.845 10.151
v -10.417 11.786 4.736
v -10.555 11.625 5.062
v -10.771 11.967 4.585
v -11.026 11.865 4.86
v -11.007 12.238 4.357
v -11.34 12.226 4.558
v -11.09 12.557 4.089
v -11.451 12.651 4.201
v -11.007 12.877 3.821
v -11.34 13.076 3.844
v -10.771 13.148 3.593
v -11.026 13.437 3.541
v -10.417 13.329 3.442
v -10.555 13.678 3.34
v -11 19.101 9.002
v -11 18.701 8.946
v -11 18.902 8.892
v -9 17.52 11.903
v -8.869 17.42 11.643
v -8.522 17.379 10.788
v -8.4 17.695 10.211
v -8.522 18.317 10.001
v -8.869 19.152 10.189
v -9 19.391 10.333
v -9.459 15.045 15.861
v -9.445 14.394 14.735
v -9.427 14.007 13.907
v -9.361 13.934 13.191
v -9.31 14.052 12.949
v -9.236 14.272 12.687
v -9.202 21.471 21.339
v -9.28 21.193 21.537
v -9.349 20.873 21.65
v -9 15.441 12.73
v -9 15.195 12.287
v -9 15.045 12.014
v -9 15.045 12.014
v -9.467 19.723 21.284
v -9.481 18.486 20.161
v -9.477 17.108 18.679
v -9.417 20.451 21.673
v -9 21.217 11.374
v -9 22.316 12.446
v -9 23.503 13.492
v -9 16.593 14.655
v -9 17.679 16.152
v -9 18.965 17.721
v -9 25.735 15.237
v -9 24.745 14.472
v -9.399 13.886 13.45
v -9 21.341 20.064
v -9 20.283 19.076
v -9 26.256 15.849
v -9 26.166 15.637
v -9.469 15.956 17.21
v -9 25.637 16.758
v -9 26.218 16.049
v -9 24.092 18.493
v -9 22.065 20.742
v -9 22.065 20.742
v -9 16.771 10.566
v -9 18.117 9.437
v -9 19.499 9.461
v -9 19.101 9.002
v -9 21.841 20.533
v -9 20.24 10.313
v -9 15.877 13.517
v -9 18.902 8.892
v -9 18.701 8.946
v -11.52 14.788 6.124
v -11.424 14.825 5.711
v -11.5 14.43 5.781
v -11.5 14.343 5.593
v -11.5 14.412 5.987
v -11.5 14.294 6.157
v -11.5 14.106 6.244
v -11.5 13.899 6.227
v -11.5 13.73 6.107
v -11.5 13.642 5.92
v -11.5 13.661 5.714
v -11.5 13.779 5.544
v -11.5 13.967 5.457
v -11.5 14.173 5.475
v -10.75 14.43 5.781
v -10.75 14.343 5.593
v -10.75 14.412 5.987
v -10.75 14.294 6.157
v -10.75 14.106 6.244
v -10.75 13.899 6.227
v -10.75 13.73 6.107
v -10.75 13.642 5.92
v -10.75 13.661 5.714
v -10.75 13.779 5.544
v -10.75 13.967 5.457
v -10.75 14.173 5.475
v -10.75 14.825 5.711
v -10.75 14.649 5.336
v -10.75 14.788 6.124
v -10.75 14.551 6.463
v -10.75 14.176 6.638
v -10.75 13.763 6.602
v -10.75 13.424 6.365
v -10.75 13.249 5.989
v -10.75 13.285 5.577
v -10.75 13.522 5.237
v -10.75 13.898 5.062
v -10.75 14.31 5.098
v -11.353 13.424 6.365
v -11.425 13.763 6.602
v -11.352 14.649 5.336
v -11.424 14.31 5.098
v -11.521 13.285 5.577
v -11.425 13.249 5.989
v -11.6 13.522 5.238
v -11.521 14.176 6.638
v -11.52 13.898 5.062
v -11.6 14.55 6.464
v -11 17.52 11.903
v -11.131 17.42 11.643
v -11.478 17.379 10.788
v -11.6 17.695 10.211
v -11.478 18.317 10.001
v -11.131 19.152 10.189
v -11 19.391 10.333
v -10.541 15.045 15.861
v -10.555 14.394 14.735
v -10.573 14.007 13.907
v -10.639 13.934 13.191
v -10.69 14.052 12.949
v -10.764 14.272 12.687
v -10.798 21.471 21.339
v -10.72 21.193 21.537
v -10.651 20.873 21.65
v -11 15.441 12.73
v -11 15.195 12.287
v -11 15.045 12.014
v -11 15.045 12.014
v -10.533 19.723 21.284
v -10.519 18.486 20.161
v -10.523 17.108 18.679
v -10.583 20.451 21.673
v -11 21.217 11.374
v -11 22.316 12.446
v -11 23.503 13.492
v -11 16.593 14.655
v -11 17.679 16.152
v -11 18.965 17.721
v -11 25.735 15.237
v -11 24.745 14.472
v -10.601 13.886 13.45
v -11 21.341 20.064
v -11 20.283 19.076
v -11 26.256 15.849
v -11 26.166 15.637
v -10.531 15.956 17.21
v -11 25.637 16.758
v -11 26.218 16.049
v -11 24.092 18.493
v -11 22.065 20.742
v -11 22.065 20.742
v -11 16.771 10.566
v -11 18.117 9.437
v -11 19.499 9.461
v -11 19.101 9.002
v -11 21.841 20.533
v -11 20.24 10.313
v -11 15.877 13.517
v -11 18.902 8.892
v -11 18.701 8.946
usemtl MB_199
s off
f 6925 6755 6789
f 6800 7142 6799
f 7142 7141 6799
f 6900 6802 6899
f 6802 6801 6899
f 6901 6803 6900
f 6803 6802 6900
f 6788 6753 6902
f 6753 6804 6902
f 6903 6798 6787
f 6798 6754 6787
f 6901 6805 6803
f 6905 6800 6904
f 6800 6799 6904
f 6899 6801 6905
f 6801 6800 6905
f 6947 6901 6946
f 6901 6900 6946
f 6940 6902 6947
f 6902 6901 6947
f 6939 6788 6940
f 6788 6902 6940
f 6943 6904 6942
f 6904 6903 6942
f 6944 6905 6943
f 6905 6904 6943
f 6945 6899 6944
f 6899 6905 6944
f 6946 6900 6945
f 6900 6899 6945
f 6805 7146 6803
f 7146 7145 6803
f 7140 6806 7141
f 6806 6799 7141
f 7143 7142 6801
f 7142 6800 6801
f 7144 7143 6802
f 7143 6801 6802
f 6802 6803 7144
f 6803 7145 7144
f 6883 6771 7163
f 6771 6769 7163
f 6773 7152 6768
f 7152 6831 6768
f 6829 6894 7189
f 6894 7156 7189
f 6864 7168 6884
f 7168 7169 6884
f 6814 7172 7151
f 7172 7150 7151
f 6814 7151 6861
f 7151 6890 6861
f 6814 6861 6867
f 6861 6894 6867
f 6814 6867 7172
f 6867 6872 7172
f 6864 6888 7168
f 6888 7167 7168
f 6881 7181 6774
f 7181 6781 6774
f 6815 6863 6864
f 6863 6888 6864
f 6815 6864 6851
f 6864 6884 6851
f 6815 6851 7177
f 6851 6887 7177
f 6815 7177 6863
f 7177 6871 6863
f 6816 6859 7176
f 6859 6886 7176
f 6816 7176 7179
f 7176 7175 7179
f 6816 7179 6850
f 7179 6880 6850
f 6816 6850 6859
f 6850 6893 6859
f 6775 6768 6889
f 6768 6831 6889
f 7184 7183 6786
f 7183 6767 6786
f 6817 6868 6855
f 6868 6896 6855
f 6817 6855 6840
f 6855 6875 6840
f 6817 6840 6856
f 6840 6873 6856
f 6817 6856 6868
f 6856 6897 6868
f 7159 6776 7183
f 6776 6767 7183
f 6781 7181 6766
f 7181 7180 6766
f 6772 6766 7178
f 6766 7180 7178
f 6778 7149 6764
f 7149 7148 6764
f 6818 6834 6856
f 6834 6897 6856
f 6818 6856 6866
f 6856 6873 6866
f 6818 6866 6847
f 6866 6895 6847
f 6818 6847 6834
f 6847 6898 6834
f 7147 6777 7148
f 6777 6764 7148
f 6782 7166 6762
f 7166 7165 6762
f 6819 6846 6865
f 6846 6882 6865
f 6819 6865 7154
f 6865 7153 7154
f 6819 7154 6836
f 7154 7155 6836
f 6819 6836 6846
f 6836 6885 6846
f 6820 6839 7191
f 6839 6879 7191
f 6820 7186 6858
f 7186 7185 6858
f 6820 6858 6839
f 6858 6898 6839
f 7164 6785 7165
f 6785 6762 7165
f 7170 7171 6784
f 7171 6761 6784
f 6782 6761 7166
f 6761 7171 7166
f 6772 7178 6760
f 7178 6848 6760
f 6780 6760 6878
f 6760 6848 6878
f 6820 7191 7186
f 7191 7190 7186
f 6770 6891 6796
f 6891 6927 6796
f 6778 6756 7149
f 6756 6842 7149
f 6821 6849 7187
f 6849 7182 7187
f 6821 7187 6860
f 7187 6892 6860
f 6821 6860 6850
f 6860 6893 6850
f 6821 6850 6849
f 6850 6880 6849
f 7170 6784 6844
f 6784 6757 6844
f 6842 6756 6889
f 6756 6775 6889
f 6780 6878 6757
f 6878 6844 6757
f 6783 6758 7160
f 6758 7161 7160
f 7159 7152 6776
f 7152 6773 6776
f 7161 6758 7162
f 6758 6779 7162
f 7162 6779 6845
f 6779 6759 6845
f 7147 6845 6777
f 6845 6759 6777
f 6881 6774 6832
f 6774 6763 6832
f 6883 6832 6771
f 6832 6763 6771
f 6770 6765 6891
f 6765 7188 6891
f 7164 7188 6785
f 7188 6765 6785
f 6857 6865 7173
f 6865 6882 7173
f 6822 6851 6837
f 6851 6884 6837
f 6822 6837 6846
f 6837 6882 6846
f 6822 6846 6835
f 6846 6885 6835
f 6822 6835 6851
f 6835 6887 6851
f 6857 6876 6865
f 6876 7153 6865
f 6837 7174 6882
f 7174 7173 6882
f 6837 6884 7174
f 6884 7169 7174
f 6861 6833 6894
f 6833 7156 6894
f 6823 7157 6854
f 7157 7158 6854
f 6823 6854 6839
f 6854 6879 6839
f 6823 6839 6847
f 6839 6898 6847
f 6823 6847 7157
f 6847 6895 7157
f 6861 6890 6833
f 6890 6874 6833
f 6824 6867 6829
f 6867 6894 6829
f 6824 6829 6863
f 6829 6888 6863
f 6824 6863 6830
f 6863 6871 6830
f 6824 6830 6867
f 6830 6872 6867
f 6825 6862 6852
f 6862 6870 6852
f 6825 6852 6834
f 6852 6897 6834
f 6825 6834 6858
f 6834 6898 6858
f 6825 6858 6862
f 6858 7185 6862
f 7184 6786 6928
f 6786 6795 6928
f 6826 6838 6853
f 6838 6877 6853
f 6826 6853 6868
f 6853 6896 6868
f 6826 6868 6852
f 6868 6897 6852
f 6826 6852 6838
f 6852 6870 6838
f 6827 6841 6859
f 6841 6886 6859
f 6827 6859 6869
f 6859 6893 6869
f 6827 6869 6853
f 6869 6896 6853
f 6827 6853 6841
f 6853 6877 6841
f 6828 6860 6843
f 6860 6892 6843
f 6828 6843 6855
f 6843 6875 6855
f 6828 6855 6869
f 6855 6896 6869
f 6828 6869 6860
f 6869 6893 6860
f 6783 7160 6769
f 7160 7163 6769
f 6807 6808 6813
f 6808 6812 6813
f 6808 6809 6812
f 6809 6811 6812
f 6810 6811 6809
f 6913 6755 6916
f 6910 6755 6913
f 6907 6755 6910
f 6793 6755 6907
f 6942 6903 6941
f 6903 6787 6941
f 6922 6755 6925
f 6919 6755 6922
f 6916 6755 6919
f 6901 6902 6805
f 6902 6804 6805
f 6806 6904 6799
f 6903 6904 6798
f 6904 6806 6798
f 6907 6908 6793
f 6908 6794 6793
f 6908 6906 6794
f 6906 6792 6794
f 6910 6911 6907
f 6911 6908 6907
f 6911 6909 6908
f 6909 6906 6908
f 6913 6914 6910
f 6914 6911 6910
f 6914 6912 6911
f 6912 6909 6911
f 6916 6917 6913
f 6917 6914 6913
f 6917 6915 6914
f 6915 6912 6914
f 6919 6920 6916
f 6920 6917 6916
f 6920 6918 6917
f 6918 6915 6917
f 6922 6923 6919
f 6923 6920 6919
f 6923 6921 6920
f 6921 6918 6920
f 6925 6926 6922
f 6926 6923 6922
f 6926 6924 6923
f 6924 6921 6923
f 6789 6791 6925
f 6791 6926 6925
f 6791 6790 6926
f 6790 6924 6926
f 6829 7189 6888
f 7189 7167 6888
f 6927 6929 6796
f 6929 6797 6796
f 6929 6928 6797
f 6928 6795 6797
f 6906 6933 6792
f 6933 6930 6792
f 6918 6937 6915
f 6937 6936 6915
f 6915 6936 6912
f 6936 6935 6912
f 6912 6935 6909
f 6935 6934 6909
f 6909 6934 6906
f 6934 6933 6906
f 6790 6931 6924
f 6931 6932 6924
f 6924 6932 6921
f 6932 6938 6921
f 6921 6938 6918
f 6938 6937 6918
f 6933 6942 6930
f 6942 6941 6930
f 6937 6946 6936
f 6946 6945 6936
f 6936 6945 6935
f 6945 6944 6935
f 6935 6944 6934
f 6944 6943 6934
f 6934 6943 6933
f 6943 6942 6933
f 6931 6939 6932
f 6939 6940 6932
f 6932 6940 6938
f 6940 6947 6938
f 6938 6947 6937
f 6947 6946 6937
f 6948 6792 6956
f 6792 6930 6956
f 6949 6948 6957
f 6948 6956 6957
f 6790 6954 6931
f 6954 6955 6931
f 6954 6953 6955
f 6953 6958 6955
f 6956 6930 6960
f 6930 6941 6960
f 6957 6956 6961
f 6956 6960 6961
f 6931 6955 6939
f 6955 6959 6939
f 6955 6958 6959
f 6958 6965 6959
f 7202 7214 7201
f 7214 7213 7201
f 7194 7206 7195
f 7206 7207 7195
f 7203 7215 7202
f 7215 7214 7202
f 7196 7208 7194
f 7208 7206 7194
f 7204 7216 7203
f 7216 7215 7203
f 7197 7209 7196
f 7209 7208 7196
f 7205 7217 7204
f 7217 7216 7204
f 7198 7210 7197
f 7210 7209 7197
f 7195 7207 7205
f 7207 7217 7205
f 7199 7211 7198
f 7211 7210 7198
f 7200 7212 7199
f 7212 7211 7199
f 7201 7213 7200
f 7213 7212 7200
f 6971 7002 6972
f 6968 7002 6969
f 6975 7002 6976
f 6972 7002 6973
f 6969 7002 6970
f 6976 7002 6977
f 6966 7002 6967
f 6973 7002 6974
f 6970 7002 6971
f 6977 7002 6966
f 6967 7002 6968
f 6974 7002 6975
f 6989 7229 6988
f 7229 7228 6988
f 6988 7228 6987
f 7228 7227 6987
f 6987 7227 6986
f 7227 7226 6986
f 6986 7226 6985
f 7226 7225 6985
f 6985 7225 6984
f 7225 7224 6984
f 6984 7224 6983
f 7224 7223 6983
f 6983 7223 6982
f 7223 7222 6982
f 6982 7222 6981
f 7222 7221 6981
f 6981 7221 6980
f 7221 7220 6980
f 6980 7220 6979
f 7220 7218 6979
f 6979 7218 6978
f 7218 7219 6978
f 6978 7219 6989
f 7219 7229 6989
f 6993 6994 7239
f 6994 7237 7239
f 6994 6995 7237
f 6995 7231 7237
f 6995 6996 7231
f 6996 7230 7231
f 6996 6997 7230
f 6997 7235 7230
f 6997 6998 7235
f 6998 7234 7235
f 6998 6999 7234
f 6999 7236 7234
f 6999 7000 7236
f 7000 7238 7236
f 7000 7001 7238
f 7001 7233 7238
f 7001 6990 7233
f 6990 7232 7233
f 6990 6991 7232
f 6991 7193 7232
f 7193 6991 7192
f 6991 6992 7192
f 6992 6993 7192
f 6993 7239 7192
f 6958 7005 6965
f 7005 7004 6965
f 6964 7003 6963
f 7003 7014 6963
f 7003 6964 7004
f 6964 6965 7004
f 6963 7014 6962
f 7014 7013 6962
f 6962 7013 6961
f 7013 7012 6961
f 6961 7012 6957
f 7012 7011 6957
f 6957 7011 6949
f 7011 7010 6949
f 6949 7010 6950
f 7010 7009 6950
f 6950 7009 6951
f 7009 7008 6951
f 6951 7008 6952
f 7008 7007 6952
f 6952 7007 6953
f 7007 7006 6953
f 6953 7006 6958
f 7006 7005 6958
f 7135 6789 6755
f 7017 7016 7242
f 7016 7241 7242
f 7117 7116 7019
f 7116 7018 7019
f 7118 7117 7020
f 7117 7019 7020
f 6788 7119 6753
f 7119 7021 6753
f 7120 6787 7015
f 6787 6754 7015
f 7118 7020 7022
f 7122 7121 7017
f 7121 7016 7017
f 7116 7122 7018
f 7122 7017 7018
f 6965 6964 7118
f 6964 7117 7118
f 6959 6965 7119
f 6965 7118 7119
f 6939 6959 6788
f 6959 7119 6788
f 6961 6960 7121
f 6960 7120 7121
f 6962 6961 7122
f 6961 7121 7122
f 6963 6962 7116
f 6962 7122 7116
f 6964 6963 7117
f 6963 7116 7117
f 7022 7020 7246
f 7020 7245 7246
f 7240 7241 7023
f 7241 7016 7023
f 7243 7018 7242
f 7018 7017 7242
f 7244 7019 7243
f 7019 7018 7243
f 7019 7244 7020
f 7244 7245 7020
f 7100 7053 6771
f 7053 6769 6771
f 6773 6768 7252
f 6768 7048 7252
f 7046 7289 7111
f 7289 7256 7111
f 7081 7101 7268
f 7101 7269 7268
f 7031 7251 7272
f 7251 7250 7272
f 7031 7078 7251
f 7078 7107 7251
f 7031 7084 7078
f 7084 7111 7078
f 7031 7272 7084
f 7272 7089 7084
f 7081 7268 7105
f 7268 7267 7105
f 7098 6774 7281
f 6774 6781 7281
f 7032 7081 7080
f 7081 7105 7080
f 7032 7068 7081
f 7068 7101 7081
f 7032 7277 7068
f 7277 7104 7068
f 7032 7080 7277
f 7080 7088 7277
f 7033 7276 7076
f 7276 7103 7076
f 7033 7279 7276
f 7279 7275 7276
f 7033 7067 7279
f 7067 7278 7279
f 7033 7076 7067
f 7076 7110 7067
f 6775 7106 6768
f 7106 7048 6768
f 7096 6786 7071
f 6786 6767 7071
f 7034 7072 7085
f 7072 7113 7085
f 7034 7057 7072
f 7057 7092 7072
f 7034 7073 7057
f 7073 7090 7057
f 7034 7085 7073
f 7085 7114 7073
f 7259 7071 6776
f 7071 6767 6776
f 6781 6766 7281
f 6766 7066 7281
f 6772 7097 6766
f 7097 7066 6766
f 6778 6764 7249
f 6764 7047 7249
f 7035 7073 7051
f 7073 7114 7051
f 7035 7083 7073
f 7083 7090 7073
f 7035 7064 7083
f 7064 7112 7083
f 7035 7051 7064
f 7051 7115 7064
f 7247 7047 6777
f 7047 6764 6777
f 6782 6762 7266
f 6762 7055 7266
f 7036 7082 7063
f 7082 7099 7063
f 7036 7254 7082
f 7254 7253 7082
f 7036 7263 7254
f 7263 7255 7254
f 7036 7063 7263
f 7063 7102 7263
f 7037 7291 7056
f 7291 7284 7056
f 7037 7075 7286
f 7075 7285 7286
f 7037 7056 7075
f 7056 7115 7075
f 7264 7055 6785
f 7055 6762 6785
f 7270 6784 7058
f 6784 6761 7058
f 6782 7266 6761
f 7266 7058 6761
f 6772 6760 7097
f 6760 7065 7097
f 6780 7095 6760
f 7095 7065 6760
f 7037 7286 7291
f 7286 7290 7291
f 6770 6796 7108
f 6796 7137 7108
f 6778 7249 6756
f 7249 7059 6756
f 7038 7287 7280
f 7287 7282 7280
f 7038 7077 7287
f 7077 7109 7287
f 7038 7067 7077
f 7067 7110 7077
f 7038 7280 7067
f 7280 7278 7067
f 7270 7061 6784
f 7061 6757 6784
f 7059 7106 6756
f 7106 6775 6756
f 6780 6757 7095
f 6757 7061 7095
f 6783 7260 6758
f 7260 7052 6758
f 7259 6776 7252
f 6776 6773 7252
f 7052 7262 6758
f 7262 6779 6758
f 7262 7062 6779
f 7062 6759 6779
f 7247 6777 7062
f 6777 6759 7062
f 7098 7049 6774
f 7049 6763 6774
f 7100 6771 7049
f 6771 6763 7049
f 6770 7108 6765
f 7108 7079 6765
f 7264 6785 7079
f 6785 6765 7079
f 7074 7273 7082
f 7273 7099 7082
f 7039 7054 7068
f 7054 7101 7068
f 7039 7063 7054
f 7063 7099 7054
f 7039 7261 7063
f 7261 7102 7063
f 7039 7068 7261
f 7068 7104 7261
f 7074 7082 7093
f 7082 7253 7093
f 7054 7099 7274
f 7099 7273 7274
f 7054 7274 7101
f 7274 7269 7101
f 7078 7111 7050
f 7111 7256 7050
f 7040 7283 7257
f 7283 7258 7257
f 7040 7056 7283
f 7056 7284 7283
f 7040 7064 7056
f 7064 7115 7056
f 7040 7257 7064
f 7257 7112 7064
f 7078 7050 7107
f 7050 7091 7107
f 7041 7046 7084
f 7046 7111 7084
f 7041 7080 7046
f 7080 7105 7046
f 7041 7248 7080
f 7248 7088 7080
f 7041 7084 7248
f 7084 7089 7248
f 7042 7069 7288
f 7069 7087 7288
f 7042 7051 7069
f 7051 7114 7069
f 7042 7075 7051
f 7075 7115 7051
f 7042 7288 7075
f 7288 7285 7075
f 7096 7138 6786
f 7138 6795 6786
f 7043 7070 7265
f 7070 7094 7265
f 7043 7085 7070
f 7085 7113 7070
f 7043 7069 7085
f 7069 7114 7085
f 7043 7265 7069
f 7265 7087 7069
f 7044 7076 7271
f 7076 7103 7271
f 7044 7086 7076
f 7086 7110 7076
f 7044 7070 7086
f 7070 7113 7086
f 7044 7271 7070
f 7271 7094 7070
f 7045 7060 7077
f 7060 7109 7077
f 7045 7072 7060
f 7072 7092 7060
f 7045 7086 7072
f 7086 7113 7072
f 7045 7077 7086
f 7077 7110 7086
f 6783 6769 7260
f 6769 7053 7260
f 7024 7030 7025
f 7030 7029 7025
f 7025 7029 7026
f 7029 7028 7026
f 7027 7026 7028
f 7127 7129 6755
f 7125 7127 6755
f 7123 7125 6755
f 6793 7123 6755
f 6960 6941 7120
f 6941 6787 7120
f 7133 7135 6755
f 7131 7133 6755
f 7129 7131 6755
f 7118 7022 7119
f 7022 7021 7119
f 7023 7016 7121
f 7120 7015 7121
f 7015 7023 7121
f 7123 6793 7124
f 6793 6794 7124
f 7124 6794 6948
f 6794 6792 6948
f 7125 7123 7126
f 7123 7124 7126
f 7126 7124 6949
f 7124 6948 6949
f 7127 7125 7128
f 7125 7126 7128
f 7128 7126 6950
f 7126 6949 6950
f 7129 7127 7130
f 7127 7128 7130
f 7130 7128 6951
f 7128 6950 6951
f 7131 7129 7132
f 7129 7130 7132
f 7132 7130 6952
f 7130 6951 6952
f 7133 7131 7134
f 7131 7132 7134
f 7134 7132 6953
f 7132 6952 6953
f 7135 7133 7136
f 7133 7134 7136
f 7136 7134 6954
f 7134 6953 6954
f 6789 7135 6791
f 7135 7136 6791
f 6791 7136 6790
f 7136 6954 6790
f 7046 7105 7289
f 7105 7267 7289
f 7137 6796 7139
f 6796 6797 7139
f 7139 6797 7138
f 6797 6795 7138
o Part.11
v 4.839 37.122 1.297
v 4.585 37.637 1.229
v 4.19 38.047 1.123
v 3.691 38.309 0.989
v 3.139 38.38 0.841
v 3.691 29.991 0.989
v 4.19 30.253 1.123
v 4.585 30.663 1.229
v 4.839 31.178 1.297
v 2.318 37.3 0.621
v 2.318 38.38 0.621
v 4.926 36.55 1.32
v 4.926 31.75 1.32
v 3.139 29.9 0.841
v 3.139 28.82 0.841
v 2.318 28.82 0.621
v 2.078 28.82 1.2
v 2.815 28.82 1.625
v 2.815 29.9 1.625
v 4.417 31.75 2.55
v 4.417 36.55 2.55
v 2.078 38.38 1.2
v 2.078 37.3 1.2
v 4.338 31.178 2.505
v 4.111 30.663 2.373
v 3.756 30.253 2.169
v 3.31 29.991 1.911
v 2.815 38.38 1.625
v 3.31 38.309 1.911
v 3.756 38.047 2.169
v 4.111 37.637 2.373
v 4.338 37.122 2.505
v 3.542 37.122 3.542
v 3.356 37.637 3.356
v 3.067 38.047 3.067
v 2.702 38.309 2.702
v 2.298 38.38 2.298
v 2.702 29.991 2.702
v 3.067 30.253 3.067
v 3.356 30.663 3.356
v 3.542 31.178 3.542
v 1.697 37.3 1.697
v 1.697 38.38 1.697
v 3.606 36.55 3.606
v 3.606 31.75 3.606
v 2.298 29.9 2.298
v 2.298 28.82 2.298
v 1.697 28.82 1.697
v 1.2 28.82 2.078
v 1.625 28.82 2.815
v 1.625 29.9 2.815
v 2.55 31.75 4.417
v 2.55 36.55 4.417
v 1.2 38.38 2.078
v 1.2 37.3 2.078
v 2.505 31.178 4.338
v 2.373 30.663 4.111
v 2.169 30.253 3.756
v 1.911 29.991 3.31
v 1.625 38.38 2.815
v 1.911 38.309 3.31
v 2.169 38.047 3.756
v 2.373 37.637 4.111
v 2.505 37.122 4.338
v 1.297 37.122 4.839
v 1.229 37.637 4.585
v 1.123 38.047 4.19
v 0.989 38.309 3.691
v 0.841 38.38 3.139
v 0.989 29.991 3.691
v 1.123 30.253 4.19
v 1.229 30.663 4.585
v 1.297 31.178 4.839
v 0.621 37.3 2.318
v 0.621 38.38 2.318
v 1.32 36.55 4.926
v 1.32 31.75 4.926
v 0.841 29.9 3.139
v 0.841 28.82 3.139
v 0.621 28.82 2.318
v 4.926 36.5 1.32
v 4.417 36.5 2.55
v 3.606 36.5 3.606
v 2.55 36.5 4.417
v 1.32 36.5 4.926
v 4.926 31.8 1.32
v 3.606 31.8 3.606
v 1.32 31.8 4.926
v 4.417 31.8 2.55
v 2.55 31.8 4.417
v -4.839 37.122 1.297
v -4.585 37.637 1.229
v -4.19 38.047 1.123
v -3.691 38.309 0.989
v -3.139 38.38 0.841
v -3.691 29.991 0.989
v -4.19 30.253 1.123
v -4.585 30.663 1.229
v -4.839 31.178 1.297
v -2.318 37.3 0.621
v -2.318 38.38 0.621
v -4.926 36.55 1.32
v -4.926 31.75 1.32
v -3.139 29.9 0.841
v -3.139 28.82 0.841
v -2.318 28.82 0.621
v -2.078 28.82 1.2
v -2.815 28.82 1.625
v -2.815 29.9 1.625
v -4.417 31.75 2.55
v -4.417 36.55 2.55
v -2.078 38.38 1.2
v -2.078 37.3 1.2
v -4.338 31.178 2.505
v -4.111 30.663 2.373
v -3.756 30.253 2.169
v -3.31 29.991 1.911
v -2.815 38.38 1.625
v -3.31 38.309 1.911
v -3.756 38.047 2.169
v -4.111 37.637 2.373
v -4.338 37.122 2.505
v -3.542 37.122 3.542
v -3.356 37.637 3.356
v -3.067 38.047 3.067
v -2.702 38.309 2.702
v -2.298 38.38 2.298
v -2.702 29.991 2.702
v -3.067 30.253 3.067
v -3.356 30.663 3.356
v -3.542 31.178 3.542
v -1.697 37.3 1.697
v -1.697 38.38 1.697
v -3.606 36.55 3.606
v -3.606 31.75 3.606
v -2.298 29.9 2.298
v -2.298 28.82 2.298
v -1.697 28.82 1.697
v -1.2 28.82 2.078
v -1.625 28.82 2.815
v -1.625 29.9 2.815
v -2.55 31.75 4.417
v -2.55 36.55 4.417
v -1.2 38.38 2.078
v -1.2 37.3 2.078
v -2.505 31.178 4.338
v -2.373 30.663 4.111
v -2.169 30.253 3.756
v -1.911 29.991 3.31
v -1.625 38.38 2.815
v -1.911 38.309 3.31
v -2.169 38.047 3.756
v -2.373 37.637 4.111
v -2.505 37.122 4.338
v -1.297 37.122 4.839
v -1.229 37.637 4.585
v -1.123 38.047 4.19
v -0.989 38.309 3.691
v -0.841 38.38 3.139
v -0.989 29.991 3.691
v -1.123 30.253 4.19
v -1.229 30.663 4.585
v -1.297 31.178 4.839
v -0.621 37.3 2.318
v -0.621 38.38 2.318
v -1.32 36.55 4.926
v -1.32 31.75 4.926
v -0.841 29.9 3.139
v -0.841 28.82 3.139
v -0.621 28.82 2.318
v 0 28.82 2.4
v 0 28.82 3.25
v 0 29.9 3.25
v 0 31.75 5.1
v 0 36.55 5.1
v 0 38.38 2.4
v 0 37.3 2.4
v 0 31.178 5.009
v 0 30.663 4.747
v 0 30.253 4.337
v 0 29.991 3.822
v 0 38.38 3.25
v 0 38.309 3.822
v 0 38.047 4.337
v 0 37.637 4.747
v 0 37.122 5.009
v -4.926 36.5 1.32
v -4.417 36.5 2.55
v -3.606 36.5 3.606
v -2.55 36.5 4.417
v -1.32 36.5 4.926
v 0 36.5 5.1
v -4.926 31.8 1.32
v -3.606 31.8 3.606
v -1.32 31.8 4.926
v -4.417 31.8 2.55
v -2.55 31.8 4.417
v 0 31.8 5.1
v 4.337 38.047 0
v 4.839 37.122 -1.297
v 4.585 37.637 -1.229
v 4.19 38.047 -1.123
v 3.691 38.309 -0.989
v 3.139 38.38 -0.841
v 3.691 29.991 -0.989
v 4.19 30.253 -1.123
v 4.585 30.663 -1.229
v 4.839 31.178 -1.297
v 2.318 37.3 -0.621
v 2.318 38.38 -0.621
v 4.926 36.55 -1.32
v 4.926 31.75 -1.32
v 3.139 29.9 -0.841
v 3.139 28.82 -0.841
v 2.318 28.82 -0.621
v 2.078 28.82 -1.2
v 2.815 28.82 -1.625
v 2.815 29.9 -1.625
v 4.417 31.75 -2.55
v 4.417 36.55 -2.55
v 2.078 38.38 -1.2
v 2.078 37.3 -1.2
v 4.338 31.178 -2.505
v 4.111 30.663 -2.373
v 3.756 30.253 -2.169
v 3.31 29.991 -1.911
v 2.815 38.38 -1.625
v 3.31 38.309 -1.911
v 3.756 38.047 -2.169
v 4.111 37.637 -2.373
v 4.338 37.122 -2.505
v 3.542 37.122 -3.542
v 3.356 37.637 -3.356
v 3.067 38.047 -3.067
v 2.702 38.309 -2.702
v 2.298 38.38 -2.298
v 2.702 29.991 -2.702
v 3.067 30.253 -3.067
v 3.356 30.663 -3.356
v 3.542 31.178 -3.542
v 1.697 37.3 -1.697
v 1.697 38.38 -1.697
v 3.606 36.55 -3.606
v 3.606 31.75 -3.606
v 2.298 29.9 -2.298
v 2.298 28.82 -2.298
v 1.697 28.82 -1.697
v 1.2 28.82 -2.078
v 1.625 28.82 -2.815
v 1.625 29.9 -2.815
v 2.55 31.75 -4.417
v 2.55 36.55 -4.417
v 1.2 38.38 -2.078
v 1.2 37.3 -2.078
v 2.505 31.178 -4.338
v 2.373 30.663 -4.111
v 2.169 30.253 -3.756
v 1.911 29.991 -3.31
v 1.625 38.38 -2.815
v 1.911 38.309 -3.31
v 2.169 38.047 -3.756
v 2.373 37.637 -4.111
v 2.505 37.122 -4.338
v 1.297 37.122 -4.839
v 1.229 37.637 -4.585
v 1.123 38.047 -4.19
v 0.989 38.309 -3.691
v 0.841 38.38 -3.139
v 0.989 29.991 -3.691
v 1.123 30.253 -4.19
v 1.229 30.663 -4.585
v 1.297 31.178 -4.839
v 0.621 37.3 -2.318
v 0.621 38.38 -2.318
v 1.32 36.55 -4.926
v 1.32 31.75 -4.926
v 0.841 29.9 -3.139
v 0.841 28.82 -3.139
v 0.621 28.82 -2.318
v 2.4 28.82 0
v 3.25 28.82 0
v 3.25 29.9 0
v 5.1 31.75 0
v 5.1 36.55 0
v 2.4 38.38 0
v 2.4 37.3 0
v 5.009 31.178 0
v 4.747 30.663 0
v 4.337 30.253 0
v 3.822 29.991 0
v 3.25 38.38 0
v 3.822 38.309 0
v 4.747 37.637 0
v 5.009 37.122 0
v 4.926 36.5 -1.32
v 4.417 36.5 -2.55
v 3.606 36.5 -3.606
v 2.55 36.5 -4.417
v 1.32 36.5 -4.926
v 5.1 36.5 0
v 4.926 31.8 -1.32
v 3.606 31.8 -3.606
v 1.32 31.8 -4.926
v 4.417 31.8 -2.55
v 2.55 31.8 -4.417
v 5.1 31.8 0
v -4.337 38.047 0
v -4.839 37.122 -1.297
v -4.585 37.637 -1.229
v -4.19 38.047 -1.123
v -3.691 38.309 -0.989
v -3.139 38.38 -0.841
v -3.691 29.991 -0.989
v -4.19 30.253 -1.123
v -4.585 30.663 -1.229
v -4.839 31.178 -1.297
v -2.318 37.3 -0.621
v 0 37.3 0
v -2.318 38.38 -0.621
v -4.926 36.55 -1.32
v -4.926 31.75 -1.32
v -3.139 29.9 -0.841
v -3.139 28.82 -0.841
v -2.318 28.82 -0.621
v -2.078 28.82 -1.2
v -2.815 28.82 -1.625
v -2.815 29.9 -1.625
v -4.417 31.75 -2.55
v -4.417 36.55 -2.55
v -2.078 38.38 -1.2
v -2.078 37.3 -1.2
v -4.338 31.178 -2.505
v -4.111 30.663 -2.373
v -3.756 30.253 -2.169
v -3.31 29.991 -1.911
v -2.815 38.38 -1.625
v -3.31 38.309 -1.911
v -3.756 38.047 -2.169
v -4.111 37.637 -2.373
v -4.338 37.122 -2.505
v -3.542 37.122 -3.542
v -3.356 37.637 -3.356
v -3.067 38.047 -3.067
v -2.702 38.309 -2.702
v -2.298 38.38 -2.298
v -2.702 29.991 -2.702
v -3.067 30.253 -3.067
v -3.356 30.663 -3.356
v -3.542 31.178 -3.542
v -1.697 37.3 -1.697
v -1.697 38.38 -1.697
v -3.606 36.55 -3.606
v -3.606 31.75 -3.606
v -2.298 29.9 -2.298
v -2.298 28.82 -2.298
v -1.697 28.82 -1.697
v -1.2 28.82 -2.078
v -1.625 28.82 -2.815
v -1.625 29.9 -2.815
v -2.55 31.75 -4.417
v -2.55 36.55 -4.417
v -1.2 38.38 -2.078
v -1.2 37.3 -2.078
v -2.505 31.178 -4.338
v -2.373 30.663 -4.111
v -2.169 30.253 -3.756
v -1.911 29.991 -3.31
v -1.625 38.38 -2.815
v -1.911 38.309 -3.31
v -2.169 38.047 -3.756
v -2.373 37.637 -4.111
v -2.505 37.122 -4.338
v -1.297 37.122 -4.839
v -1.229 37.637 -4.585
v -1.123 38.047 -4.19
v -0.989 38.309 -3.691
v -0.841 38.38 -3.139
v -0.989 29.991 -3.691
v -1.123 30.253 -4.19
v -1.229 30.663 -4.585
v -1.297 31.178 -4.839
v -0.621 37.3 -2.318
v -0.621 38.38 -2.318
v -1.32 36.55 -4.926
v -1.32 31.75 -4.926
v -0.841 29.9 -3.139
v -0.841 28.82 -3.139
v -0.621 28.82 -2.318
v 0 28.82 -2.4
v 0 28.82 -3.25
v 0 29.9 -3.25
v 0 31.75 -5.1
v 0 36.55 -5.1
v 0 38.38 -2.4
v 0 37.3 -2.4
v 0 31.178 -5.009
v 0 30.663 -4.747
v 0 30.253 -4.337
v 0 29.991 -3.822
v 0 38.38 -3.25
v 0 38.309 -3.822
v 0 38.047 -4.337
v 0 37.637 -4.747
v 0 37.122 -5.009
v 0 38.38 0
v -2.4 28.82 0
v -3.25 28.82 0
v -3.25 29.9 0
v -5.1 31.75 0
v -5.1 36.55 0
v -2.4 38.38 0
v -2.4 37.3 0
v -5.009 31.178 0
v -4.747 30.663 0
v -4.337 30.253 0
v -3.822 29.991 0
v -3.25 38.38 0
v -3.822 38.309 0
v -4.747 37.637 0
v -5.009 37.122 0
v -4.926 36.5 -1.32
v -4.417 36.5 -2.55
v -3.606 36.5 -3.606
v -2.55 36.5 -4.417
v -1.32 36.5 -4.926
v 0 36.5 -5.1
v -5.1 36.5 0
v -4.926 31.8 -1.32
v -3.606 31.8 -3.606
v -1.32 31.8 -4.926
v -4.417 31.8 -2.55
v -2.55 31.8 -4.417
v 0 31.8 -5.1
v -5.1 31.8 0
v 2.318 28.82 0.621
v 2.078 28.82 1.2
v 3.139 28.82 0.841
v 2.815 28.82 1.625
v 3.139 29.9 0.841
v 2.815 29.9 1.625
v 2.318 37.3 0.621
v 2.078 37.3 1.2
v 2.298 29.9 2.298
v 1.697 28.82 1.697
v 1.697 37.3 1.697
v 2.298 28.82 2.298
v 1.2 28.82 2.078
v 1.625 28.82 2.815
v 1.625 29.9 2.815
v 1.2 37.3 2.078
v 0.841 29.9 3.139
v 0.621 28.82 2.318
v 0.621 37.3 2.318
v 0.841 28.82 3.139
v 0 28.82 2.4
v 0 28.82 3.25
v 0 29.9 3.25
v 0 37.3 2.4
v 3.25 28.82 0
v 2.4 37.3 0
v 2.4 28.82 0
v 3.25 29.9 0
v -2.318 28.82 0.621
v -2.078 28.82 1.2
v -3.139 28.82 0.841
v -2.815 28.82 1.625
v -3.139 29.9 0.841
v -2.815 29.9 1.625
v -2.318 37.3 0.621
v -2.078 37.3 1.2
v -2.298 29.9 2.298
v -1.697 28.82 1.697
v -1.697 37.3 1.697
v -2.298 28.82 2.298
v -1.2 28.82 2.078
v -1.625 28.82 2.815
v -1.625 29.9 2.815
v -1.2 37.3 2.078
v -0.841 29.9 3.139
v -0.621 28.82 2.318
v -0.621 37.3 2.318
v -0.841 28.82 3.139
v -3.25 28.82 0
v -2.4 37.3 0
v -2.4 28.82 0
v -3.25 29.9 0
v 2.318 28.82 -0.621
v 2.078 28.82 -1.2
v 3.139 28.82 -0.841
v 2.815 28.82 -1.625
v 3.139 29.9 -0.841
v 2.815 29.9 -1.625
v 2.318 37.3 -0.621
v 2.078 37.3 -1.2
v 2.298 29.9 -2.298
v 1.697 28.82 -1.697
v 1.697 37.3 -1.697
v 2.298 28.82 -2.298
v 1.2 28.82 -2.078
v 1.625 28.82 -2.815
v 1.625 29.9 -2.815
v 1.2 37.3 -2.078
v 0.841 29.9 -3.139
v 0.621 28.82 -2.318
v 0.621 37.3 -2.318
v 0.841 28.82 -3.139
v 0 28.82 -2.4
v 0 28.82 -3.25
v 0 29.9 -3.25
v 0 37.3 -2.4
v -2.318 28.82 -0.621
v -2.078 28.82 -1.2
v -3.139 28.82 -0.841
v -2.815 28.82 -1.625
v -3.139 29.9 -0.841
v -2.815 29.9 -1.625
v -2.318 37.3 -0.621
v -2.078 37.3 -1.2
v -2.298 29.9 -2.298
v -1.697 28.82 -1.697
v -1.697 37.3 -1.697
v -2.298 28.82 -2.298
v -1.2 28.82 -2.078
v -1.625 28.82 -2.815
v -1.625 29.9 -2.815
v -1.2 37.3 -2.078
v -0.841 29.9 -3.139
v -0.621 28.82 -2.318
v -0.621 37.3 -2.318
v -0.841 28.82 -3.139
v 0.918 39.95 -2.217
v 0.821 40.2 -1.982
v 0.89 40.127 -2.148
v 1.517 40.2 -1.517
v 1.697 39.95 -1.697
v 1.644 40.127 -1.644
v 2.217 39.95 -0.918
v 1.982 40.2 -0.821
v 2.148 40.127 -0.89
v 2.145 40.2 0
v 2.4 39.95 0
v 2.325 40.127 0
v 2.217 39.95 0.918
v 1.982 40.2 0.821
v 2.148 40.127 0.89
v 1.697 39.95 1.697
v 1.517 40.2 1.517
v 1.644 40.127 1.644
v 0.918 39.95 2.217
v 0.821 40.2 1.982
v 0.89 40.127 2.148
v 0 39.95 2.4
v 0 40.2 2.145
v 0 40.127 2.325
v -0.821 40.2 1.982
v -0.918 39.95 2.217
v -0.89 40.127 2.148
v -1.697 39.95 1.697
v -1.517 40.2 1.517
v -1.644 40.127 1.644
v -2.217 39.95 0.918
v -1.982 40.2 0.821
v -2.148 40.127 0.89
v -2.4 39.95 0
v -2.145 40.2 0
v -2.325 40.127 0
v -2.217 39.95 -0.918
v -1.982 40.2 -0.821
v -2.148 40.127 -0.89
v -1.517 40.2 -1.517
v -1.697 39.95 -1.697
v -1.644 40.127 -1.644
v -0.918 39.95 -2.217
v -0.821 40.2 -1.982
v -0.89 40.127 -2.148
v 0 39.95 -2.4
v 0 40.2 -2.145
v 0 40.127 -2.325
v 0 38.53 -2.4
v 0 38.38 -2.553
v 0 38.424 -2.445
v -0.977 38.38 -2.359
v -0.918 38.53 -2.217
v -0.936 38.424 -2.259
v -1.805 38.38 -1.805
v -1.697 38.53 -1.697
v -1.729 38.424 -1.729
v -2.359 38.38 -0.977
v -2.217 38.53 -0.918
v -2.259 38.424 -0.936
v -2.553 38.38 0
v -2.4 38.53 0
v -2.445 38.424 0
v -2.359 38.38 0.977
v -2.217 38.53 0.918
v -2.259 38.424 0.936
v -1.805 38.38 1.805
v -1.697 38.53 1.697
v -1.729 38.424 1.729
v -0.977 38.38 2.359
v -0.918 38.53 2.217
v -0.936 38.424 2.259
v 0 38.38 2.553
v 0 38.53 2.4
v 0 38.424 2.445
v 0.977 38.38 2.359
v 0.918 38.53 2.217
v 0.936 38.424 2.259
v 1.805 38.38 1.805
v 1.697 38.53 1.697
v 1.729 38.424 1.729
v 2.359 38.38 0.977
v 2.217 38.53 0.918
v 2.259 38.424 0.936
v 2.553 38.38 0
v 2.4 38.53 0
v 2.445 38.424 0
v 2.359 38.38 -0.977
v 2.217 38.53 -0.918
v 2.259 38.424 -0.936
v 1.805 38.38 -1.805
v 1.697 38.53 -1.697
v 1.729 38.424 -1.729
v 0.977 38.38 -2.359
v 0.918 38.53 -2.217
v 0.936 38.424 -2.259
v 0 38.38 -1.6
v -0.612 38.38 -1.478
v -1.131 38.38 -1.131
v -1.478 38.38 -0.612
v -1.6 38.38 0
v -1.478 38.38 0.612
v -1.131 38.38 1.131
v -0.612 38.38 1.478
v 0 38.38 1.6
v 0.612 38.38 1.478
v 1.131 38.38 1.131
v 1.478 38.38 0.612
v 1.6 38.38 0
v 1.478 38.38 -0.612
v 1.131 38.38 -1.131
v 0.612 38.38 -1.478
v 0 40 -1.6
v 0 40.2 -1.804
v 0 40.141 -1.66
v -0.69 40.2 -1.667
v -0.612 40 -1.478
v -0.635 40.141 -1.533
v -1.276 40.2 -1.276
v -1.131 40 -1.131
v -1.174 40.141 -1.174
v -1.667 40.2 -0.69
v -1.478 40 -0.612
v -1.533 40.141 -0.635
v -1.804 40.2 0
v -1.6 40 0
v -1.66 40.141 0
v -1.667 40.2 0.69
v -1.478 40 0.612
v -1.533 40.141 0.635
v -1.276 40.2 1.276
v -1.131 40 1.131
v -1.174 40.141 1.174
v -0.69 40.2 1.667
v -0.612 40 1.478
v -0.635 40.141 1.533
v 0 40.2 1.804
v 0 40 1.6
v 0 40.141 1.66
v 0.69 40.2 1.667
v 0.612 40 1.478
v 0.635 40.141 1.533
v 1.276 40.2 1.276
v 1.131 40 1.131
v 1.174 40.141 1.174
v 1.667 40.2 0.69
v 1.478 40 0.612
v 1.533 40.141 0.635
v 1.804 40.2 0
v 1.6 40 0
v 1.66 40.141 0
v 1.667 40.2 -0.69
v 1.478 40 -0.612
v 1.533 40.141 -0.635
v 1.276 40.2 -1.276
v 1.131 40 -1.131
v 1.174 40.141 -1.174
v 0.69 40.2 -1.667
v 0.612 40 -1.478
v 0.635 40.141 -1.533
vt 0.78 0.915
vt 0.77 0.915
vt 0.785 0.883
vt 0.77 0.915
vt 0.775 0.883
vt 0.785 0.883
vt 0.756 0.944
vt 0.77 0.915
vt 0.765 0.944
vt 0.77 0.915
vt 0.78 0.915
vt 0.765 0.944
vt 0.765 0.944
vt 0.742 0.967
vt 0.756 0.944
vt 0.742 0.967
vt 0.734 0.967
vt 0.756 0.944
vt 0.742 0.967
vt 0.713 0.982
vt 0.734 0.967
vt 0.713 0.982
vt 0.706 0.982
vt 0.734 0.967
vt 0 0
vt 0 0
vt 0 0
vt 0 0
vt 0 0
vt 0 0
vt 0 0
vt 0 0
vt 0 0
vt 0 0
vt 0 0
vt 0 0
vt 0 0
vt 0 0
vt 0 0
vt 0 0
vt 0 0
vt 0 0
vt 0.713 0.515
vt 0.742 0.529
vt 0.706 0.515
vt 0.742 0.529
vt 0.734 0.529
vt 0.706 0.515
vt 0.742 0.529
vt 0.765 0.552
vt 0.734 0.529
vt 0.765 0.552
vt 0.756 0.552
vt 0.734 0.529
vt 0.765 0.552
vt 0.78 0.581
vt 0.756 0.552
vt 0.78 0.581
vt 0.77 0.581
vt 0.756 0.552
vt 0.78 0.581
vt 0.785 0.614
vt 0.77 0.581
vt 0.785 0.614
vt 0.775 0.614
vt 0.77 0.581
vt 0 0
vt 0 0
vt 0 0
vt 0 0
vt 0 0
vt 0 0
vt 0.785 0.616
vt 0.775 0.616
vt 0.785 0.614
vt 0.775 0.616
vt 0.775 0.614
vt 0.785 0.614
vt 0 0
vt 0 0
vt 0 0
vt 0 0
vt 0 0
vt 0 0
vt 0 0
vt 0 0
vt 0 0
vt 0 0
vt 0 0
vt 0 0
vt 0 0
vt 0 0
vt 0 0
vt 0 0
vt 0 0
vt 0 0
vt 0 0
vt 0 0
vt 0 0
vt 0 0
vt 0 0
vt 0 0
vt 0.775 0.616
vt 0.747 0.616
vt 0.775 0.614
vt 0.747 0.616
vt 0.747 0.614
vt 0.775 0.614
vt 0 0
vt 0 0
vt 0 0
vt 0 0
vt 0 0
vt 0 0
vt 0.77 0.581
vt 0.775 0.614
vt 0.742 0.581
vt 0.775 0.614
vt 0.747 0.614
vt 0.742 0.581
vt 0.756 0.552
vt 0.77 0.581
vt 0.73 0.552
vt 0.77 0.581
vt 0.742 0.581
vt 0.73 0.552
vt 0.734 0.529
vt 0.756 0.552
vt 0.71 0.529
vt 0.756 0.552
vt 0.73 0.552
vt 0.71 0.529
vt 0.706 0.515
vt 0.734 0.529
vt 0.685 0.515
vt 0.734 0.529
vt 0.71 0.529
vt 0.685 0.515
vt 0 0
vt 0 0
vt 0 0
vt 0 0
vt 0 0
vt 0 0
vt 0 0
vt 0 0
vt 0 0
vt 0 0
vt 0 0
vt 0 0
vt 0 0
vt 0 0
vt 0 0
vt 0 0
vt 0 0
vt 0 0
vt 0.734 0.967
vt 0.706 0.982
vt 0.71 0.967
vt 0.706 0.982
vt 0.685 0.982
vt 0.71 0.967
vt 0.756 0.944
vt 0.734 0.967
vt 0.73 0.944
vt 0.734 0.967
vt 0.71 0.967
vt 0.73 0.944
vt 0.77 0.915
vt 0.756 0.944
vt 0.742 0.915
vt 0.756 0.944
vt 0.73 0.944
vt 0.742 0.915
vt 0.77 0.915
vt 0.742 0.915
vt 0.775 0.883
vt 0.742 0.915
vt 0.747 0.883
vt 0.775 0.883
vt 0.742 0.915
vt 0.698 0.915
vt 0.747 0.883
vt 0.698 0.915
vt 0.701 0.883
vt 0.747 0.883
vt 0.742 0.915
vt 0.73 0.944
vt 0.698 0.915
vt 0.73 0.944
vt 0.687 0.944
vt 0.698 0.915
vt 0.73 0.944
vt 0.71 0.967
vt 0.687 0.944
vt 0.71 0.967
vt 0.671 0.967
vt 0.687 0.944
vt 0.71 0.967
vt 0.685 0.982
vt 0.671 0.967
vt 0.685 0.982
vt 0.65 0.982
vt 0.671 0.967
vt 0 0
vt 0 0
vt 0 0
vt 0 0
vt 0 0
vt 0 0
vt 0 0
vt 0 0
vt 0 0
vt 0 0
vt 0 0
vt 0 0
vt 0 0
vt 0 0
vt 0 0
vt 0 0
vt 0 0
vt 0 0
vt 0.685 0.515
vt 0.71 0.529
vt 0.65 0.515
vt 0.71 0.529
vt 0.671 0.529
vt 0.65 0.515
vt 0.71 0.529
vt 0.73 0.552
vt 0.671 0.529
vt 0.73 0.552
vt 0.687 0.552
vt 0.671 0.529
vt 0.73 0.552
vt 0.742 0.581
vt 0.687 0.552
vt 0.742 0.581
vt 0.698 0.581
vt 0.687 0.552
vt 0.742 0.581
vt 0.747 0.614
vt 0.698 0.581
vt 0.747 0.614
vt 0.701 0.614
vt 0.698 0.581
vt 0 0
vt 0 0
vt 0 0
vt 0 0
vt 0 0
vt 0 0
vt 0.747 0.616
vt 0.701 0.616
vt 0.747 0.614
vt 0.701 0.616
vt 0.701 0.614
vt 0.747 0.614
vt 0 0
vt 0 0
vt 0 0
vt 0 0
vt 0 0
vt 0 0
vt 0 0
vt 0 0
vt 0 0
vt 0 0
vt 0 0
vt 0 0
vt 0 0
vt 0 0
vt 0 0
vt 0 0
vt 0 0
vt 0 0
vt 0 0
vt 0 0
vt 0 0
vt 0 0
vt 0 0
vt 0 0
vt 0.701 0.616
vt 0.642 0.616
vt 0.701 0.614
vt 0.642 0.616
vt 0.642 0.614
vt 0.701 0.614
vt 0 0
vt 0 0
vt 0 0
vt 0 0
vt 0 0
vt 0 0
vt 0.698 0.581
vt 0.701 0.614
vt 0.639 0.581
vt 0.701 0.614
vt 0.642 0.614
vt 0.639 0.581
vt 0.687 0.552
vt 0.698 0.581
vt 0.632 0.552
vt 0.698 0.581
vt 0.639 0.581
vt 0.632 0.552
vt 0.671 0.529
vt 0.687 0.552
vt 0.62 0.529
vt 0.687 0.552
vt 0.632 0.552
vt 0.62 0.529
vt 0.65 0.515
vt 0.671 0.529
vt 0.606 0.515
vt 0.671 0.529
vt 0.62 0.529
vt 0.606 0.515
vt 0 0
vt 0 0
vt 0 0
vt 0 0
vt 0 0
vt 0 0
vt 0 0
vt 0 0
vt 0 0
vt 0 0
vt 0 0
vt 0 0
vt 0 0
vt 0 0
vt 0 0
vt 0 0
vt 0 0
vt 0 0
vt 0.671 0.967
vt 0.65 0.982
vt 0.62 0.967
vt 0.65 0.982
vt 0.606 0.982
vt 0.62 0.967
vt 0.687 0.944
vt 0.671 0.967
vt 0.632 0.944
vt 0.671 0.967
vt 0.62 0.967
vt 0.632 0.944
vt 0.698 0.915
vt 0.687 0.944
vt 0.639 0.915
vt 0.687 0.944
vt 0.632 0.944
vt 0.639 0.915
vt 0.698 0.915
vt 0.639 0.915
vt 0.701 0.883
vt 0.639 0.915
vt 0.642 0.883
vt 0.701 0.883
vt 0.639 0.915
vt 0.571 0.915
vt 0.642 0.883
vt 0.571 0.915
vt 0.573 0.883
vt 0.642 0.883
vt 0.639 0.915
vt 0.632 0.944
vt 0.571 0.915
vt 0.632 0.944
vt 0.568 0.944
vt 0.571 0.915
vt 0.632 0.944
vt 0.62 0.967
vt 0.568 0.944
vt 0.62 0.967
vt 0.562 0.967
vt 0.568 0.944
vt 0.62 0.967
vt 0.606 0.982
vt 0.562 0.967
vt 0.606 0.982
vt 0.554 0.982
vt 0.562 0.967
vt 0 0
vt 0 0
vt 0 0
vt 0 0
vt 0 0
vt 0 0
vt 0 0
vt 0 0
vt 0 0
vt 0 0
vt 0 0
vt 0 0
vt 0 0
vt 0 0
vt 0 0
vt 0 0
vt 0 0
vt 0 0
vt 0.606 0.515
vt 0.62 0.529
vt 0.554 0.515
vt 0.62 0.529
vt 0.562 0.529
vt 0.554 0.515
vt 0.62 0.529
vt 0.632 0.552
vt 0.562 0.529
vt 0.632 0.552
vt 0.568 0.552
vt 0.562 0.529
vt 0.632 0.552
vt 0.639 0.581
vt 0.568 0.552
vt 0.639 0.581
vt 0.571 0.581
vt 0.568 0.552
vt 0.639 0.581
vt 0.642 0.614
vt 0.571 0.581
vt 0.642 0.614
vt 0.573 0.614
vt 0.571 0.581
vt 0 0
vt 0 0
vt 0 0
vt 0 0
vt 0 0
vt 0 0
vt 0.642 0.616
vt 0.573 0.616
vt 0.642 0.614
vt 0.573 0.616
vt 0.573 0.614
vt 0.642 0.614
vt 0 0
vt 0 0
vt 0 0
vt 0 0
vt 0 0
vt 0 0
vt 0 0
vt 0 0
vt 0 0
vt 0 0
vt 0 0
vt 0 0
vt 0 0
vt 0 0
vt 0 0
vt 0 0
vt 0 0
vt 0 0
vt 0 0
vt 0 0
vt 0 0
vt 0 0
vt 0 0
vt 0 0
vt 0.573 0.616
vt 0.499 0.616
vt 0.573 0.614
vt 0.499 0.616
vt 0.499 0.614
vt 0.573 0.614
vt 0 0
vt 0 0
vt 0 0
vt 0 0
vt 0 0
vt 0 0
vt 0.571 0.581
vt 0.573 0.614
vt 0.499 0.581
vt 0.573 0.614
vt 0.499 0.614
vt 0.499 0.581
vt 0.568 0.552
vt 0.571 0.581
vt 0.499 0.552
vt 0.571 0.581
vt 0.499 0.581
vt 0.499 0.552
vt 0.562 0.529
vt 0.568 0.552
vt 0.499 0.529
vt 0.568 0.552
vt 0.499 0.552
vt 0.499 0.529
vt 0.554 0.515
vt 0.562 0.529
vt 0.499 0.515
vt 0.562 0.529
vt 0.499 0.529
vt 0.499 0.515
vt 0 0
vt 0 0
vt 0 0
vt 0 0
vt 0 0
vt 0 0
vt 0 0
vt 0 0
vt 0 0
vt 0 0
vt 0 0
vt 0 0
vt 0 0
vt 0 0
vt 0 0
vt 0 0
vt 0 0
vt 0 0
vt 0.562 0.967
vt 0.554 0.982
vt 0.499 0.967
vt 0.554 0.982
vt 0.499 0.982
vt 0.499 0.967
vt 0.568 0.944
vt 0.562 0.967
vt 0.499 0.944
vt 0.562 0.967
vt 0.499 0.967
vt 0.499 0.944
vt 0.571 0.915
vt 0.568 0.944
vt 0.499 0.915
vt 0.568 0.944
vt 0.499 0.944
vt 0.499 0.915
vt 0.571 0.915
vt 0.499 0.915
vt 0.573 0.883
vt 0.499 0.915
vt 0.499 0.883
vt 0.573 0.883
vt 0 0
vt 0 0
vt 0 0
vt 0 0
vt 0 0
vt 0 0
vt 0 0
vt 0 0
vt 0 0
vt 0 0
vt 0 0
vt 0 0
vt 0 0
vt 0 0
vt 0 0
vt 0 0
vt 0 0
vt 0 0
vt 0 0
vt 0 0
vt 0 0
vt 0 0
vt 0 0
vt 0 0
vt 0 0
vt 0 0
vt 0 0
vt 0 0
vt 0 0
vt 0 0
vt 0 0
vt 0 0
vt 0 0
vt 0 0
vt 0 0
vt 0 0
vt 0.573 0.883
vt 0.499 0.883
vt 0.573 0.881
vt 0.499 0.883
vt 0.499 0.881
vt 0.573 0.881
vt 0.642 0.883
vt 0.573 0.883
vt 0.642 0.881
vt 0.573 0.883
vt 0.573 0.881
vt 0.642 0.881
vt 0.701 0.883
vt 0.642 0.883
vt 0.701 0.881
vt 0.642 0.883
vt 0.642 0.881
vt 0.701 0.881
vt 0.747 0.883
vt 0.701 0.883
vt 0.747 0.881
vt 0.701 0.883
vt 0.701 0.881
vt 0.747 0.881
vt 0.775 0.883
vt 0.747 0.883
vt 0.775 0.881
vt 0.747 0.883
vt 0.747 0.881
vt 0.775 0.881
vt 0.785 0.883
vt 0.775 0.883
vt 0.785 0.881
vt 0.775 0.883
vt 0.775 0.881
vt 0.785 0.881
vt 0.573 0.881
vt 0.499 0.881
vt 0.573 0.616
vt 0.499 0.881
vt 0.499 0.616
vt 0.573 0.616
vt 0.642 0.881
vt 0.573 0.881
vt 0.642 0.616
vt 0.573 0.881
vt 0.573 0.616
vt 0.642 0.616
vt 0.701 0.881
vt 0.642 0.881
vt 0.701 0.616
vt 0.642 0.881
vt 0.642 0.616
vt 0.701 0.616
vt 0.747 0.881
vt 0.701 0.881
vt 0.747 0.616
vt 0.701 0.881
vt 0.701 0.616
vt 0.747 0.616
vt 0.775 0.881
vt 0.747 0.881
vt 0.775 0.616
vt 0.747 0.881
vt 0.747 0.616
vt 0.775 0.616
vt 0.785 0.881
vt 0.775 0.881
vt 0.785 0.616
vt 0.775 0.881
vt 0.775 0.616
vt 0.785 0.616
vt 0.217 0.915
vt 0.212 0.883
vt 0.227 0.915
vt 0.212 0.883
vt 0.222 0.883
vt 0.227 0.915
vt 0.217 0.915
vt 0.227 0.915
vt 0.232 0.944
vt 0.227 0.915
vt 0.241 0.944
vt 0.232 0.944
vt 0.232 0.944
vt 0.241 0.944
vt 0.255 0.967
vt 0.241 0.944
vt 0.263 0.967
vt 0.255 0.967
vt 0.255 0.967
vt 0.263 0.967
vt 0.284 0.982
vt 0.263 0.967
vt 0.291 0.982
vt 0.284 0.982
vt 0 0
vt 0 0
vt 0 0
vt 0 0
vt 0 0
vt 0 0
vt 0 0
vt 0 0
vt 0 0
vt 0 0
vt 0 0
vt 0 0
vt 0 0
vt 0 0
vt 0 0
vt 0 0
vt 0 0
vt 0 0
vt 0.284 0.515
vt 0.291 0.515
vt 0.255 0.529
vt 0.291 0.515
vt 0.263 0.529
vt 0.255 0.529
vt 0.255 0.529
vt 0.263 0.529
vt 0.232 0.552
vt 0.263 0.529
vt 0.241 0.552
vt 0.232 0.552
vt 0.232 0.552
vt 0.241 0.552
vt 0.217 0.581
vt 0.241 0.552
vt 0.227 0.581
vt 0.217 0.581
vt 0.217 0.581
vt 0.227 0.581
vt 0.212 0.614
vt 0.227 0.581
vt 0.222 0.614
vt 0.212 0.614
vt 0 0
vt 0 0
vt 0 0
vt 0 0
vt 0 0
vt 0 0
vt 0.212 0.616
vt 0.212 0.614
vt 0.222 0.616
vt 0.212 0.614
vt 0.222 0.614
vt 0.222 0.616
vt 0 0
vt 0 0
vt 0 0
vt 0 0
vt 0 0
vt 0 0
vt 0 0
vt 0 0
vt 0 0
vt 0 0
vt 0 0
vt 0 0
vt 0 0
vt 0 0
vt 0 0
vt 0 0
vt 0 0
vt 0 0
vt 0 0
vt 0 0
vt 0 0
vt 0 0
vt 0 0
vt 0 0
vt 0.222 0.616
vt 0.222 0.614
vt 0.25 0.616
vt 0.222 0.614
vt 0.25 0.614
vt 0.25 0.616
vt 0 0
vt 0 0
vt 0 0
vt 0 0
vt 0 0
vt 0 0
vt 0.227 0.581
vt 0.255 0.581
vt 0.222 0.614
vt 0.255 0.581
vt 0.25 0.614
vt 0.222 0.614
vt 0.241 0.552
vt 0.268 0.552
vt 0.227 0.581
vt 0.268 0.552
vt 0.255 0.581
vt 0.227 0.581
vt 0.263 0.529
vt 0.287 0.529
vt 0.241 0.552
vt 0.287 0.529
vt 0.268 0.552
vt 0.241 0.552
vt 0.291 0.515
vt 0.313 0.515
vt 0.263 0.529
vt 0.313 0.515
vt 0.287 0.529
vt 0.263 0.529
vt 0 0
vt 0 0
vt 0 0
vt 0 0
vt 0 0
vt 0 0
vt 0 0
vt 0 0
vt 0 0
vt 0 0
vt 0 0
vt 0 0
vt 0 0
vt 0 0
vt 0 0
vt 0 0
vt 0 0
vt 0 0
vt 0.263 0.967
vt 0.287 0.967
vt 0.291 0.982
vt 0.287 0.967
vt 0.313 0.982
vt 0.291 0.982
vt 0.241 0.944
vt 0.268 0.944
vt 0.263 0.967
vt 0.268 0.944
vt 0.287 0.967
vt 0.263 0.967
vt 0.227 0.915
vt 0.255 0.915
vt 0.241 0.944
vt 0.255 0.915
vt 0.268 0.944
vt 0.241 0.944
vt 0.227 0.915
vt 0.222 0.883
vt 0.255 0.915
vt 0.222 0.883
vt 0.25 0.883
vt 0.255 0.915
vt 0.255 0.915
vt 0.25 0.883
vt 0.299 0.915
vt 0.25 0.883
vt 0.296 0.883
vt 0.299 0.915
vt 0.255 0.915
vt 0.299 0.915
vt 0.268 0.944
vt 0.299 0.915
vt 0.31 0.944
vt 0.268 0.944
vt 0.268 0.944
vt 0.31 0.944
vt 0.287 0.967
vt 0.31 0.944
vt 0.326 0.967
vt 0.287 0.967
vt 0.287 0.967
vt 0.326 0.967
vt 0.313 0.982
vt 0.326 0.967
vt 0.347 0.982
vt 0.313 0.982
vt 0 0
vt 0 0
vt 0 0
vt 0 0
vt 0 0
vt 0 0
vt 0 0
vt 0 0
vt 0 0
vt 0 0
vt 0 0
vt 0 0
vt 0 0
vt 0 0
vt 0 0
vt 0 0
vt 0 0
vt 0 0
vt 0.313 0.515
vt 0.347 0.515
vt 0.287 0.529
vt 0.347 0.515
vt 0.326 0.529
vt 0.287 0.529
vt 0.287 0.529
vt 0.326 0.529
vt 0.268 0.552
vt 0.326 0.529
vt 0.31 0.552
vt 0.268 0.552
vt 0.268 0.552
vt 0.31 0.552
vt 0.255 0.581
vt 0.31 0.552
vt 0.299 0.581
vt 0.255 0.581
vt 0.255 0.581
vt 0.299 0.581
vt 0.25 0.614
vt 0.299 0.581
vt 0.296 0.614
vt 0.25 0.614
vt 0 0
vt 0 0
vt 0 0
vt 0 0
vt 0 0
vt 0 0
vt 0.25 0.616
vt 0.25 0.614
vt 0.296 0.616
vt 0.25 0.614
vt 0.296 0.614
vt 0.296 0.616
vt 0 0
vt 0 0
vt 0 0
vt 0 0
vt 0 0
vt 0 0
vt 0 0
vt 0 0
vt 0 0
vt 0 0
vt 0 0
vt 0 0
vt 0 0
vt 0 0
vt 0 0
vt 0 0
vt 0 0
vt 0 0
vt 0 0
vt 0 0
vt 0 0
vt 0 0
vt 0 0
vt 0 0
vt 0.296 0.616
vt 0.296 0.614
vt 0.355 0.616
vt 0.296 0.614
vt 0.355 0.614
vt 0.355 0.616
vt 0 0
vt 0 0
vt 0 0
vt 0 0
vt 0 0
vt 0 0
vt 0.299 0.581
vt 0.358 0.581
vt 0.296 0.614
vt 0.358 0.581
vt 0.355 0.614
vt 0.296 0.614
vt 0.31 0.552
vt 0.365 0.552
vt 0.299 0.581
vt 0.365 0.552
vt 0.358 0.581
vt 0.299 0.581
vt 0.326 0.529
vt 0.377 0.529
vt 0.31 0.552
vt 0.377 0.529
vt 0.365 0.552
vt 0.31 0.552
vt 0.347 0.515
vt 0.391 0.515
vt 0.326 0.529
vt 0.391 0.515
vt 0.377 0.529
vt 0.326 0.529
vt 0 0
vt 0 0
vt 0 0
vt 0 0
vt 0 0
vt 0 0
vt 0 0
vt 0 0
vt 0 0
vt 0 0
vt 0 0
vt 0 0
vt 0 0
vt 0 0
vt 0 0
vt 0 0
vt 0 0
vt 0 0
vt 0.326 0.967
vt 0.377 0.967
vt 0.347 0.982
vt 0.377 0.967
vt 0.391 0.982
vt 0.347 0.982
vt 0.31 0.944
vt 0.365 0.944
vt 0.326 0.967
vt 0.365 0.944
vt 0.377 0.967
vt 0.326 0.967
vt 0.299 0.915
vt 0.358 0.915
vt 0.31 0.944
vt 0.358 0.915
vt 0.365 0.944
vt 0.31 0.944
vt 0.299 0.915
vt 0.296 0.883
vt 0.358 0.915
vt 0.296 0.883
vt 0.355 0.883
vt 0.358 0.915
vt 0.358 0.915
vt 0.355 0.883
vt 0.426 0.915
vt 0.355 0.883
vt 0.424 0.883
vt 0.426 0.915
vt 0.358 0.915
vt 0.426 0.915
vt 0.365 0.944
vt 0.426 0.915
vt 0.429 0.944
vt 0.365 0.944
vt 0.365 0.944
vt 0.429 0.944
vt 0.377 0.967
vt 0.429 0.944
vt 0.435 0.967
vt 0.377 0.967
vt 0.377 0.967
vt 0.435 0.967
vt 0.391 0.982
vt 0.435 0.967
vt 0.443 0.982
vt 0.391 0.982
vt 0 0
vt 0 0
vt 0 0
vt 0 0
vt 0 0
vt 0 0
vt 0 0
vt 0 0
vt 0 0
vt 0 0
vt 0 0
vt 0 0
vt 0 0
vt 0 0
vt 0 0
vt 0 0
vt 0 0
vt 0 0
vt 0.391 0.515
vt 0.443 0.515
vt 0.377 0.529
vt 0.443 0.515
vt 0.435 0.529
vt 0.377 0.529
vt 0.377 0.529
vt 0.435 0.529
vt 0.365 0.552
vt 0.435 0.529
vt 0.429 0.552
vt 0.365 0.552
vt 0.365 0.552
vt 0.429 0.552
vt 0.358 0.581
vt 0.429 0.552
vt 0.426 0.581
vt 0.358 0.581
vt 0.358 0.581
vt 0.426 0.581
vt 0.355 0.614
vt 0.426 0.581
vt 0.424 0.614
vt 0.355 0.614
vt 0 0
vt 0 0
vt 0 0
vt 0 0
vt 0 0
vt 0 0
vt 0.355 0.616
vt 0.355 0.614
vt 0.424 0.616
vt 0.355 0.614
vt 0.424 0.614
vt 0.424 0.616
vt 0 0
vt 0 0
vt 0 0
vt 0 0
vt 0 0
vt 0 0
vt 0 0
vt 0 0
vt 0 0
vt 0 0
vt 0 0
vt 0 0
vt 0 0
vt 0 0
vt 0 0
vt 0 0
vt 0 0
vt 0 0
vt 0 0
vt 0 0
vt 0 0
vt 0 0
vt 0 0
vt 0 0
vt 0.424 0.616
vt 0.424 0.614
vt 0.499 0.616
vt 0.424 0.614
vt 0.499 0.614
vt 0.499 0.616
vt 0 0
vt 0 0
vt 0 0
vt 0 0
vt 0 0
vt 0 0
vt 0.426 0.581
vt 0.499 0.581
vt 0.424 0.614
vt 0.499 0.581
vt 0.499 0.614
vt 0.424 0.614
vt 0.429 0.552
vt 0.499 0.552
vt 0.426 0.581
vt 0.499 0.552
vt 0.499 0.581
vt 0.426 0.581
vt 0.435 0.529
vt 0.499 0.529
vt 0.429 0.552
vt 0.499 0.529
vt 0.499 0.552
vt 0.429 0.552
vt 0.443 0.515
vt 0.499 0.515
vt 0.435 0.529
vt 0.499 0.515
vt 0.499 0.529
vt 0.435 0.529
vt 0 0
vt 0 0
vt 0 0
vt 0 0
vt 0 0
vt 0 0
vt 0 0
vt 0 0
vt 0 0
vt 0 0
vt 0 0
vt 0 0
vt 0 0
vt 0 0
vt 0 0
vt 0 0
vt 0 0
vt 0 0
vt 0.435 0.967
vt 0.499 0.967
vt 0.443 0.982
vt 0.499 0.967
vt 0.499 0.982
vt 0.443 0.982
vt 0.429 0.944
vt 0.499 0.944
vt 0.435 0.967
vt 0.499 0.944
vt 0.499 0.967
vt 0.435 0.967
vt 0.426 0.915
vt 0.499 0.915
vt 0.429 0.944
vt 0.499 0.915
vt 0.499 0.944
vt 0.429 0.944
vt 0.426 0.915
vt 0.424 0.883
vt 0.499 0.915
vt 0.424 0.883
vt 0.499 0.883
vt 0.499 0.915
vt 0 0
vt 0 0
vt 0 0
vt 0 0
vt 0 0
vt 0 0
vt 0 0
vt 0 0
vt 0 0
vt 0 0
vt 0 0
vt 0 0
vt 0 0
vt 0 0
vt 0 0
vt 0 0
vt 0 0
vt 0 0
vt 0 0
vt 0 0
vt 0 0
vt 0 0
vt 0 0
vt 0 0
vt 0 0
vt 0 0
vt 0 0
vt 0 0
vt 0 0
vt 0 0
vt 0 0
vt 0 0
vt 0 0
vt 0 0
vt 0 0
vt 0 0
vt 0.424 0.883
vt 0.424 0.881
vt 0.499 0.883
vt 0.424 0.881
vt 0.499 0.881
vt 0.499 0.883
vt 0.355 0.883
vt 0.355 0.881
vt 0.424 0.883
vt 0.355 0.881
vt 0.424 0.881
vt 0.424 0.883
vt 0.296 0.883
vt 0.296 0.881
vt 0.355 0.883
vt 0.296 0.881
vt 0.355 0.881
vt 0.355 0.883
vt 0.25 0.883
vt 0.25 0.881
vt 0.296 0.883
vt 0.25 0.881
vt 0.296 0.881
vt 0.296 0.883
vt 0.222 0.883
vt 0.222 0.881
vt 0.25 0.883
vt 0.222 0.881
vt 0.25 0.881
vt 0.25 0.883
vt 0.212 0.883
vt 0.212 0.881
vt 0.222 0.883
vt 0.212 0.881
vt 0.222 0.881
vt 0.222 0.883
vt 0.424 0.881
vt 0.424 0.616
vt 0.499 0.881
vt 0.424 0.616
vt 0.499 0.616
vt 0.499 0.881
vt 0.355 0.881
vt 0.355 0.616
vt 0.424 0.881
vt 0.355 0.616
vt 0.424 0.616
vt 0.424 0.881
vt 0.296 0.881
vt 0.296 0.616
vt 0.355 0.881
vt 0.296 0.616
vt 0.355 0.616
vt 0.355 0.881
vt 0.25 0.881
vt 0.25 0.616
vt 0.296 0.881
vt 0.25 0.616
vt 0.296 0.616
vt 0.296 0.881
vt 0.222 0.881
vt 0.222 0.616
vt 0.25 0.881
vt 0.222 0.616
vt 0.25 0.616
vt 0.25 0.881
vt 0.212 0.881
vt 0.212 0.616
vt 0.222 0.881
vt 0.212 0.616
vt 0.222 0.616
vt 0.222 0.881
vt 0.217 0.419
vt 0.212 0.387
vt 0.227 0.419
vt 0.212 0.387
vt 0.222 0.387
vt 0.227 0.419
vt 0.217 0.419
vt 0.227 0.419
vt 0.232 0.448
vt 0.227 0.419
vt 0.241 0.448
vt 0.232 0.448
vt 0.232 0.448
vt 0.241 0.448
vt 0.255 0.471
vt 0.241 0.448
vt 0.263 0.471
vt 0.255 0.471
vt 0.255 0.471
vt 0.263 0.471
vt 0.284 0.486
vt 0.263 0.471
vt 0.291 0.486
vt 0.284 0.486
vt 0 0
vt 0 0
vt 0 0
vt 0 0
vt 0 0
vt 0 0
vt 0 0
vt 0 0
vt 0 0
vt 0 0
vt 0 0
vt 0 0
vt 0 0
vt 0 0
vt 0 0
vt 0 0
vt 0 0
vt 0 0
vt 0.284 0.018
vt 0.291 0.018
vt 0.255 0.033
vt 0.291 0.018
vt 0.263 0.033
vt 0.255 0.033
vt 0.255 0.033
vt 0.263 0.033
vt 0.232 0.056
vt 0.263 0.033
vt 0.241 0.056
vt 0.232 0.056
vt 0.232 0.056
vt 0.241 0.056
vt 0.217 0.085
vt 0.241 0.056
vt 0.227 0.085
vt 0.217 0.085
vt 0.217 0.085
vt 0.227 0.085
vt 0.212 0.117
vt 0.227 0.085
vt 0.222 0.117
vt 0.212 0.117
vt 0 0
vt 0 0
vt 0 0
vt 0 0
vt 0 0
vt 0 0
vt 0.212 0.12
vt 0.212 0.117
vt 0.222 0.12
vt 0.212 0.117
vt 0.222 0.117
vt 0.222 0.12
vt 0 0
vt 0 0
vt 0 0
vt 0 0
vt 0 0
vt 0 0
vt 0 0
vt 0 0
vt 0 0
vt 0 0
vt 0 0
vt 0 0
vt 0 0
vt 0 0
vt 0 0
vt 0 0
vt 0 0
vt 0 0
vt 0 0
vt 0 0
vt 0 0
vt 0 0
vt 0 0
vt 0 0
vt 0.222 0.12
vt 0.222 0.117
vt 0.25 0.12
vt 0.222 0.117
vt 0.25 0.117
vt 0.25 0.12
vt 0 0
vt 0 0
vt 0 0
vt 0 0
vt 0 0
vt 0 0
vt 0.227 0.085
vt 0.255 0.085
vt 0.222 0.117
vt 0.255 0.085
vt 0.25 0.117
vt 0.222 0.117
vt 0.241 0.056
vt 0.268 0.056
vt 0.227 0.085
vt 0.268 0.056
vt 0.255 0.085
vt 0.227 0.085
vt 0.263 0.033
vt 0.287 0.033
vt 0.241 0.056
vt 0.287 0.033
vt 0.268 0.056
vt 0.241 0.056
vt 0.291 0.018
vt 0.313 0.018
vt 0.263 0.033
vt 0.313 0.018
vt 0.287 0.033
vt 0.263 0.033
vt 0 0
vt 0 0
vt 0 0
vt 0 0
vt 0 0
vt 0 0
vt 0 0
vt 0 0
vt 0 0
vt 0 0
vt 0 0
vt 0 0
vt 0 0
vt 0 0
vt 0 0
vt 0 0
vt 0 0
vt 0 0
vt 0.263 0.471
vt 0.287 0.471
vt 0.291 0.486
vt 0.287 0.471
vt 0.313 0.486
vt 0.291 0.486
vt 0.241 0.448
vt 0.268 0.448
vt 0.263 0.471
vt 0.268 0.448
vt 0.287 0.471
vt 0.263 0.471
vt 0.227 0.419
vt 0.255 0.419
vt 0.241 0.448
vt 0.255 0.419
vt 0.268 0.448
vt 0.241 0.448
vt 0.227 0.419
vt 0.222 0.387
vt 0.255 0.419
vt 0.222 0.387
vt 0.25 0.387
vt 0.255 0.419
vt 0.255 0.419
vt 0.25 0.387
vt 0.299 0.419
vt 0.25 0.387
vt 0.296 0.387
vt 0.299 0.419
vt 0.255 0.419
vt 0.299 0.419
vt 0.268 0.448
vt 0.299 0.419
vt 0.31 0.448
vt 0.268 0.448
vt 0.268 0.448
vt 0.31 0.448
vt 0.287 0.471
vt 0.31 0.448
vt 0.326 0.471
vt 0.287 0.471
vt 0.287 0.471
vt 0.326 0.471
vt 0.313 0.486
vt 0.326 0.471
vt 0.347 0.486
vt 0.313 0.486
vt 0 0
vt 0 0
vt 0 0
vt 0 0
vt 0 0
vt 0 0
vt 0 0
vt 0 0
vt 0 0
vt 0 0
vt 0 0
vt 0 0
vt 0 0
vt 0 0
vt 0 0
vt 0 0
vt 0 0
vt 0 0
vt 0.313 0.018
vt 0.347 0.018
vt 0.287 0.033
vt 0.347 0.018
vt 0.326 0.033
vt 0.287 0.033
vt 0.287 0.033
vt 0.326 0.033
vt 0.268 0.056
vt 0.326 0.033
vt 0.31 0.056
vt 0.268 0.056
vt 0.268 0.056
vt 0.31 0.056
vt 0.255 0.085
vt 0.31 0.056
vt 0.299 0.085
vt 0.255 0.085
vt 0.255 0.085
vt 0.299 0.085
vt 0.25 0.117
vt 0.299 0.085
vt 0.296 0.117
vt 0.25 0.117
vt 0 0
vt 0 0
vt 0 0
vt 0 0
vt 0 0
vt 0 0
vt 0.25 0.12
vt 0.25 0.117
vt 0.296 0.12
vt 0.25 0.117
vt 0.296 0.117
vt 0.296 0.12
vt 0 0
vt 0 0
vt 0 0
vt 0 0
vt 0 0
vt 0 0
vt 0 0
vt 0 0
vt 0 0
vt 0 0
vt 0 0
vt 0 0
vt 0 0
vt 0 0
vt 0 0
vt 0 0
vt 0 0
vt 0 0
vt 0 0
vt 0 0
vt 0 0
vt 0 0
vt 0 0
vt 0 0
vt 0.296 0.12
vt 0.296 0.117
vt 0.355 0.12
vt 0.296 0.117
vt 0.355 0.117
vt 0.355 0.12
vt 0 0
vt 0 0
vt 0 0
vt 0 0
vt 0 0
vt 0 0
vt 0.299 0.085
vt 0.358 0.085
vt 0.296 0.117
vt 0.358 0.085
vt 0.355 0.117
vt 0.296 0.117
vt 0.31 0.056
vt 0.365 0.056
vt 0.299 0.085
vt 0.365 0.056
vt 0.358 0.085
vt 0.299 0.085
vt 0.326 0.033
vt 0.377 0.033
vt 0.31 0.056
vt 0.377 0.033
vt 0.365 0.056
vt 0.31 0.056
vt 0.347 0.018
vt 0.391 0.018
vt 0.326 0.033
vt 0.391 0.018
vt 0.377 0.033
vt 0.326 0.033
vt 0 0
vt 0 0
vt 0 0
vt 0 0
vt 0 0
vt 0 0
vt 0 0
vt 0 0
vt 0 0
vt 0 0
vt 0 0
vt 0 0
vt 0 0
vt 0 0
vt 0 0
vt 0 0
vt 0 0
vt 0 0
vt 0.326 0.471
vt 0.377 0.471
vt 0.347 0.486
vt 0.377 0.471
vt 0.391 0.486
vt 0.347 0.486
vt 0.31 0.448
vt 0.365 0.448
vt 0.326 0.471
vt 0.365 0.448
vt 0.377 0.471
vt 0.326 0.471
vt 0.299 0.419
vt 0.358 0.419
vt 0.31 0.448
vt 0.358 0.419
vt 0.365 0.448
vt 0.31 0.448
vt 0.299 0.419
vt 0.296 0.387
vt 0.358 0.419
vt 0.296 0.387
vt 0.355 0.387
vt 0.358 0.419
vt 0.358 0.419
vt 0.355 0.387
vt 0.426 0.419
vt 0.355 0.387
vt 0.424 0.387
vt 0.426 0.419
vt 0.358 0.419
vt 0.426 0.419
vt 0.365 0.448
vt 0.426 0.419
vt 0.429 0.448
vt 0.365 0.448
vt 0.365 0.448
vt 0.429 0.448
vt 0.377 0.471
vt 0.429 0.448
vt 0.435 0.471
vt 0.377 0.471
vt 0.377 0.471
vt 0.435 0.471
vt 0.391 0.486
vt 0.435 0.471
vt 0.443 0.486
vt 0.391 0.486
vt 0 0
vt 0 0
vt 0 0
vt 0 0
vt 0 0
vt 0 0
vt 0 0
vt 0 0
vt 0 0
vt 0 0
vt 0 0
vt 0 0
vt 0 0
vt 0 0
vt 0 0
vt 0 0
vt 0 0
vt 0 0
vt 0.391 0.018
vt 0.443 0.018
vt 0.377 0.033
vt 0.443 0.018
vt 0.435 0.033
vt 0.377 0.033
vt 0.377 0.033
vt 0.435 0.033
vt 0.365 0.056
vt 0.435 0.033
vt 0.429 0.056
vt 0.365 0.056
vt 0.365 0.056
vt 0.429 0.056
vt 0.358 0.085
vt 0.429 0.056
vt 0.426 0.085
vt 0.358 0.085
vt 0.358 0.085
vt 0.426 0.085
vt 0.355 0.117
vt 0.426 0.085
vt 0.424 0.117
vt 0.355 0.117
vt 0 0
vt 0 0
vt 0 0
vt 0 0
vt 0 0
vt 0 0
vt 0.355 0.12
vt 0.355 0.117
vt 0.424 0.12
vt 0.355 0.117
vt 0.424 0.117
vt 0.424 0.12
vt 0 0
vt 0 0
vt 0 0
vt 0 0
vt 0 0
vt 0 0
vt 0 0
vt 0 0
vt 0 0
vt 0 0
vt 0 0
vt 0 0
vt 0 0
vt 0 0
vt 0 0
vt 0 0
vt 0 0
vt 0 0
vt 0 0
vt 0 0
vt 0 0
vt 0 0
vt 0 0
vt 0 0
vt 0.424 0.12
vt 0.424 0.117
vt 0.499 0.12
vt 0.424 0.117
vt 0.499 0.117
vt 0.499 0.12
vt 0 0
vt 0 0
vt 0 0
vt 0 0
vt 0 0
vt 0 0
vt 0.426 0.085
vt 0.499 0.085
vt 0.424 0.117
vt 0.499 0.085
vt 0.499 0.117
vt 0.424 0.117
vt 0.429 0.056
vt 0.499 0.056
vt 0.426 0.085
vt 0.499 0.056
vt 0.499 0.085
vt 0.426 0.085
vt 0.435 0.033
vt 0.499 0.033
vt 0.429 0.056
vt 0.499 0.033
vt 0.499 0.056
vt 0.429 0.056
vt 0.443 0.018
vt 0.499 0.018
vt 0.435 0.033
vt 0.499 0.018
vt 0.499 0.033
vt 0.435 0.033
vt 0 0
vt 0 0
vt 0 0
vt 0 0
vt 0 0
vt 0 0
vt 0 0
vt 0 0
vt 0 0
vt 0 0
vt 0 0
vt 0 0
vt 0 0
vt 0 0
vt 0 0
vt 0 0
vt 0 0
vt 0 0
vt 0.435 0.471
vt 0.499 0.471
vt 0.443 0.486
vt 0.499 0.471
vt 0.499 0.486
vt 0.443 0.486
vt 0.429 0.448
vt 0.499 0.448
vt 0.435 0.471
vt 0.499 0.448
vt 0.499 0.471
vt 0.435 0.471
vt 0.426 0.419
vt 0.499 0.419
vt 0.429 0.448
vt 0.499 0.419
vt 0.499 0.448
vt 0.429 0.448
vt 0.426 0.419
vt 0.424 0.387
vt 0.499 0.419
vt 0.424 0.387
vt 0.499 0.387
vt 0.499 0.419
vt 0 0
vt 0 0
vt 0 0
vt 0 0
vt 0 0
vt 0 0
vt 0 0
vt 0 0
vt 0 0
vt 0 0
vt 0 0
vt 0 0
vt 0 0
vt 0 0
vt 0 0
vt 0 0
vt 0 0
vt 0 0
vt 0 0
vt 0 0
vt 0 0
vt 0 0
vt 0 0
vt 0 0
vt 0 0
vt 0 0
vt 0 0
vt 0 0
vt 0 0
vt 0 0
vt 0 0
vt 0 0
vt 0 0
vt 0 0
vt 0 0
vt 0 0
vt 0.424 0.387
vt 0.424 0.384
vt 0.499 0.387
vt 0.424 0.384
vt 0.499 0.384
vt 0.499 0.387
vt 0.355 0.387
vt 0.355 0.384
vt 0.424 0.387
vt 0.355 0.384
vt 0.424 0.384
vt 0.424 0.387
vt 0.296 0.387
vt 0.296 0.384
vt 0.355 0.387
vt 0.296 0.384
vt 0.355 0.384
vt 0.355 0.387
vt 0.25 0.387
vt 0.25 0.384
vt 0.296 0.387
vt 0.25 0.384
vt 0.296 0.384
vt 0.296 0.387
vt 0.222 0.387
vt 0.222 0.384
vt 0.25 0.387
vt 0.222 0.384
vt 0.25 0.384
vt 0.25 0.387
vt 0.212 0.387
vt 0.212 0.384
vt 0.222 0.387
vt 0.212 0.384
vt 0.222 0.384
vt 0.222 0.387
vt 0.424 0.384
vt 0.424 0.12
vt 0.499 0.384
vt 0.424 0.12
vt 0.499 0.12
vt 0.499 0.384
vt 0.355 0.384
vt 0.355 0.12
vt 0.424 0.384
vt 0.355 0.12
vt 0.424 0.12
vt 0.424 0.384
vt 0.296 0.384
vt 0.296 0.12
vt 0.355 0.384
vt 0.296 0.12
vt 0.355 0.12
vt 0.355 0.384
vt 0.25 0.384
vt 0.25 0.12
vt 0.296 0.384
vt 0.25 0.12
vt 0.296 0.12
vt 0.296 0.384
vt 0.222 0.384
vt 0.222 0.12
vt 0.25 0.384
vt 0.222 0.12
vt 0.25 0.12
vt 0.25 0.384
vt 0.212 0.384
vt 0.212 0.12
vt 0.222 0.384
vt 0.212 0.12
vt 0.222 0.12
vt 0.222 0.384
vt 0.78 0.419
vt 0.77 0.419
vt 0.785 0.387
vt 0.77 0.419
vt 0.775 0.387
vt 0.785 0.387
vt 0.78 0.419
vt 0.765 0.448
vt 0.77 0.419
vt 0.765 0.448
vt 0.756 0.448
vt 0.77 0.419
vt 0.765 0.448
vt 0.742 0.471
vt 0.756 0.448
vt 0.742 0.471
vt 0.734 0.471
vt 0.756 0.448
vt 0.742 0.471
vt 0.713 0.486
vt 0.734 0.471
vt 0.713 0.486
vt 0.706 0.486
vt 0.734 0.471
vt 0 0
vt 0 0
vt 0 0
vt 0 0
vt 0 0
vt 0 0
vt 0 0
vt 0 0
vt 0 0
vt 0 0
vt 0 0
vt 0 0
vt 0 0
vt 0 0
vt 0 0
vt 0 0
vt 0 0
vt 0 0
vt 0.713 0.018
vt 0.742 0.033
vt 0.706 0.018
vt 0.742 0.033
vt 0.734 0.033
vt 0.706 0.018
vt 0.742 0.033
vt 0.765 0.056
vt 0.734 0.033
vt 0.765 0.056
vt 0.756 0.056
vt 0.734 0.033
vt 0.765 0.056
vt 0.78 0.085
vt 0.756 0.056
vt 0.78 0.085
vt 0.77 0.085
vt 0.756 0.056
vt 0.78 0.085
vt 0.785 0.117
vt 0.77 0.085
vt 0.785 0.117
vt 0.775 0.117
vt 0.77 0.085
vt 0 0
vt 0 0
vt 0 0
vt 0 0
vt 0 0
vt 0 0
vt 0.785 0.12
vt 0.775 0.12
vt 0.785 0.117
vt 0.775 0.12
vt 0.775 0.117
vt 0.785 0.117
vt 0 0
vt 0 0
vt 0 0
vt 0 0
vt 0 0
vt 0 0
vt 0 0
vt 0 0
vt 0 0
vt 0 0
vt 0 0
vt 0 0
vt 0 0
vt 0 0
vt 0 0
vt 0 0
vt 0 0
vt 0 0
vt 0 0
vt 0 0
vt 0 0
vt 0 0
vt 0 0
vt 0 0
vt 0.775 0.12
vt 0.747 0.12
vt 0.775 0.117
vt 0.747 0.12
vt 0.747 0.117
vt 0.775 0.117
vt 0 0
vt 0 0
vt 0 0
vt 0 0
vt 0 0
vt 0 0
vt 0.77 0.085
vt 0.775 0.117
vt 0.742 0.085
vt 0.775 0.117
vt 0.747 0.117
vt 0.742 0.085
vt 0.756 0.056
vt 0.77 0.085
vt 0.73 0.056
vt 0.77 0.085
vt 0.742 0.085
vt 0.73 0.056
vt 0.734 0.033
vt 0.756 0.056
vt 0.71 0.033
vt 0.756 0.056
vt 0.73 0.056
vt 0.71 0.033
vt 0.706 0.018
vt 0.734 0.033
vt 0.685 0.018
vt 0.734 0.033
vt 0.71 0.033
vt 0.685 0.018
vt 0 0
vt 0 0
vt 0 0
vt 0 0
vt 0 0
vt 0 0
vt 0 0
vt 0 0
vt 0 0
vt 0 0
vt 0 0
vt 0 0
vt 0 0
vt 0 0
vt 0 0
vt 0 0
vt 0 0
vt 0 0
vt 0.734 0.471
vt 0.706 0.486
vt 0.71 0.471
vt 0.706 0.486
vt 0.685 0.486
vt 0.71 0.471
vt 0.756 0.448
vt 0.734 0.471
vt 0.73 0.448
vt 0.734 0.471
vt 0.71 0.471
vt 0.73 0.448
vt 0.77 0.419
vt 0.756 0.448
vt 0.742 0.419
vt 0.756 0.448
vt 0.73 0.448
vt 0.742 0.419
vt 0.77 0.419
vt 0.742 0.419
vt 0.775 0.387
vt 0.742 0.419
vt 0.747 0.387
vt 0.775 0.387
vt 0.742 0.419
vt 0.698 0.419
vt 0.747 0.387
vt 0.698 0.419
vt 0.701 0.387
vt 0.747 0.387
vt 0.742 0.419
vt 0.73 0.448
vt 0.698 0.419
vt 0.73 0.448
vt 0.687 0.448
vt 0.698 0.419
vt 0.73 0.448
vt 0.71 0.471
vt 0.687 0.448
vt 0.71 0.471
vt 0.671 0.471
vt 0.687 0.448
vt 0.71 0.471
vt 0.685 0.486
vt 0.671 0.471
vt 0.685 0.486
vt 0.65 0.486
vt 0.671 0.471
vt 0 0
vt 0 0
vt 0 0
vt 0 0
vt 0 0
vt 0 0
vt 0 0
vt 0 0
vt 0 0
vt 0 0
vt 0 0
vt 0 0
vt 0 0
vt 0 0
vt 0 0
vt 0 0
vt 0 0
vt 0 0
vt 0.685 0.018
vt 0.71 0.033
vt 0.65 0.018
vt 0.71 0.033
vt 0.671 0.033
vt 0.65 0.018
vt 0.71 0.033
vt 0.73 0.056
vt 0.671 0.033
vt 0.73 0.056
vt 0.687 0.056
vt 0.671 0.033
vt 0.73 0.056
vt 0.742 0.085
vt 0.687 0.056
vt 0.742 0.085
vt 0.698 0.085
vt 0.687 0.056
vt 0.742 0.085
vt 0.747 0.117
vt 0.698 0.085
vt 0.747 0.117
vt 0.701 0.117
vt 0.698 0.085
vt 0 0
vt 0 0
vt 0 0
vt 0 0
vt 0 0
vt 0 0
vt 0.747 0.12
vt 0.701 0.12
vt 0.747 0.117
vt 0.701 0.12
vt 0.701 0.117
vt 0.747 0.117
vt 0 0
vt 0 0
vt 0 0
vt 0 0
vt 0 0
vt 0 0
vt 0 0
vt 0 0
vt 0 0
vt 0 0
vt 0 0
vt 0 0
vt 0 0
vt 0 0
vt 0 0
vt 0 0
vt 0 0
vt 0 0
vt 0 0
vt 0 0
vt 0 0
vt 0 0
vt 0 0
vt 0 0
vt 0.701 0.12
vt 0.642 0.12
vt 0.701 0.117
vt 0.642 0.12
vt 0.642 0.117
vt 0.701 0.117
vt 0 0
vt 0 0
vt 0 0
vt 0 0
vt 0 0
vt 0 0
vt 0.698 0.085
vt 0.701 0.117
vt 0.639 0.085
vt 0.701 0.117
vt 0.642 0.117
vt 0.639 0.085
vt 0.687 0.056
vt 0.698 0.085
vt 0.632 0.056
vt 0.698 0.085
vt 0.639 0.085
vt 0.632 0.056
vt 0.671 0.033
vt 0.687 0.056
vt 0.62 0.033
vt 0.687 0.056
vt 0.632 0.056
vt 0.62 0.033
vt 0.65 0.018
vt 0.671 0.033
vt 0.606 0.018
vt 0.671 0.033
vt 0.62 0.033
vt 0.606 0.018
vt 0 0
vt 0 0
vt 0 0
vt 0 0
vt 0 0
vt 0 0
vt 0 0
vt 0 0
vt 0 0
vt 0 0
vt 0 0
vt 0 0
vt 0 0
vt 0 0
vt 0 0
vt 0 0
vt 0 0
vt 0 0
vt 0.671 0.471
vt 0.65 0.486
vt 0.62 0.471
vt 0.65 0.486
vt 0.606 0.486
vt 0.62 0.471
vt 0.687 0.448
vt 0.671 0.471
vt 0.632 0.448
vt 0.671 0.471
vt 0.62 0.471
vt 0.632 0.448
vt 0.698 0.419
vt 0.687 0.448
vt 0.639 0.419
vt 0.687 0.448
vt 0.632 0.448
vt 0.639 0.419
vt 0.698 0.419
vt 0.639 0.419
vt 0.701 0.387
vt 0.639 0.419
vt 0.642 0.387
vt 0.701 0.387
vt 0.639 0.419
vt 0.571 0.419
vt 0.642 0.387
vt 0.571 0.419
vt 0.573 0.387
vt 0.642 0.387
vt 0.639 0.419
vt 0.632 0.448
vt 0.571 0.419
vt 0.632 0.448
vt 0.568 0.448
vt 0.571 0.419
vt 0.632 0.448
vt 0.62 0.471
vt 0.568 0.448
vt 0.62 0.471
vt 0.562 0.471
vt 0.568 0.448
vt 0.62 0.471
vt 0.606 0.486
vt 0.562 0.471
vt 0.606 0.486
vt 0.554 0.486
vt 0.562 0.471
vt 0 0
vt 0 0
vt 0 0
vt 0 0
vt 0 0
vt 0 0
vt 0 0
vt 0 0
vt 0 0
vt 0 0
vt 0 0
vt 0 0
vt 0 0
vt 0 0
vt 0 0
vt 0 0
vt 0 0
vt 0 0
vt 0.606 0.018
vt 0.62 0.033
vt 0.554 0.018
vt 0.62 0.033
vt 0.562 0.033
vt 0.554 0.018
vt 0.62 0.033
vt 0.632 0.056
vt 0.562 0.033
vt 0.632 0.056
vt 0.568 0.056
vt 0.562 0.033
vt 0.632 0.056
vt 0.639 0.085
vt 0.568 0.056
vt 0.639 0.085
vt 0.571 0.085
vt 0.568 0.056
vt 0.639 0.085
vt 0.642 0.117
vt 0.571 0.085
vt 0.642 0.117
vt 0.573 0.117
vt 0.571 0.085
vt 0 0
vt 0 0
vt 0 0
vt 0 0
vt 0 0
vt 0 0
vt 0.642 0.12
vt 0.573 0.12
vt 0.642 0.117
vt 0.573 0.12
vt 0.573 0.117
vt 0.642 0.117
vt 0 0
vt 0 0
vt 0 0
vt 0 0
vt 0 0
vt 0 0
vt 0 0
vt 0 0
vt 0 0
vt 0 0
vt 0 0
vt 0 0
vt 0 0
vt 0 0
vt 0 0
vt 0 0
vt 0 0
vt 0 0
vt 0 0
vt 0 0
vt 0 0
vt 0 0
vt 0 0
vt 0 0
vt 0.573 0.12
vt 0.499 0.12
vt 0.573 0.117
vt 0.499 0.12
vt 0.499 0.117
vt 0.573 0.117
vt 0 0
vt 0 0
vt 0 0
vt 0 0
vt 0 0
vt 0 0
vt 0.571 0.085
vt 0.573 0.117
vt 0.499 0.085
vt 0.573 0.117
vt 0.499 0.117
vt 0.499 0.085
vt 0.568 0.056
vt 0.571 0.085
vt 0.499 0.056
vt 0.571 0.085
vt 0.499 0.085
vt 0.499 0.056
vt 0.562 0.033
vt 0.568 0.056
vt 0.499 0.033
vt 0.568 0.056
vt 0.499 0.056
vt 0.499 0.033
vt 0.554 0.018
vt 0.562 0.033
vt 0.499 0.018
vt 0.562 0.033
vt 0.499 0.033
vt 0.499 0.018
vt 0 0
vt 0 0
vt 0 0
vt 0 0
vt 0 0
vt 0 0
vt 0 0
vt 0 0
vt 0 0
vt 0 0
vt 0 0
vt 0 0
vt 0 0
vt 0 0
vt 0 0
vt 0 0
vt 0 0
vt 0 0
vt 0.562 0.471
vt 0.554 0.486
vt 0.499 0.471
vt 0.554 0.486
vt 0.499 0.486
vt 0.499 0.471
vt 0.568 0.448
vt 0.562 0.471
vt 0.499 0.448
vt 0.562 0.471
vt 0.499 0.471
vt 0.499 0.448
vt 0.571 0.419
vt 0.568 0.448
vt 0.499 0.419
vt 0.568 0.448
vt 0.499 0.448
vt 0.499 0.419
vt 0.571 0.419
vt 0.499 0.419
vt 0.573 0.387
vt 0.499 0.419
vt 0.499 0.387
vt 0.573 0.387
vt 0 0
vt 0 0
vt 0 0
vt 0 0
vt 0 0
vt 0 0
vt 0 0
vt 0 0
vt 0 0
vt 0 0
vt 0 0
vt 0 0
vt 0 0
vt 0 0
vt 0 0
vt 0 0
vt 0 0
vt 0 0
vt 0 0
vt 0 0
vt 0 0
vt 0 0
vt 0 0
vt 0 0
vt 0 0
vt 0 0
vt 0 0
vt 0 0
vt 0 0
vt 0 0
vt 0 0
vt 0 0
vt 0 0
vt 0 0
vt 0 0
vt 0 0
vt 0.573 0.387
vt 0.499 0.387
vt 0.573 0.384
vt 0.499 0.387
vt 0.499 0.384
vt 0.573 0.384
vt 0.642 0.387
vt 0.573 0.387
vt 0.642 0.384
vt 0.573 0.387
vt 0.573 0.384
vt 0.642 0.384
vt 0.701 0.387
vt 0.642 0.387
vt 0.701 0.384
vt 0.642 0.387
vt 0.642 0.384
vt 0.701 0.384
vt 0.747 0.387
vt 0.701 0.387
vt 0.747 0.384
vt 0.701 0.387
vt 0.701 0.384
vt 0.747 0.384
vt 0.775 0.387
vt 0.747 0.387
vt 0.775 0.384
vt 0.747 0.387
vt 0.747 0.384
vt 0.775 0.384
vt 0.785 0.387
vt 0.775 0.387
vt 0.785 0.384
vt 0.775 0.387
vt 0.775 0.384
vt 0.785 0.384
vt 0.573 0.384
vt 0.499 0.384
vt 0.573 0.12
vt 0.499 0.384
vt 0.499 0.12
vt 0.573 0.12
vt 0.642 0.384
vt 0.573 0.384
vt 0.642 0.12
vt 0.573 0.384
vt 0.573 0.12
vt 0.642 0.12
vt 0.701 0.384
vt 0.642 0.384
vt 0.701 0.12
vt 0.642 0.384
vt 0.642 0.12
vt 0.701 0.12
vt 0.747 0.384
vt 0.701 0.384
vt 0.747 0.12
vt 0.701 0.384
vt 0.701 0.12
vt 0.747 0.12
vt 0.775 0.384
vt 0.747 0.384
vt 0.775 0.12
vt 0.747 0.384
vt 0.747 0.12
vt 0.775 0.12
vt 0.785 0.384
vt 0.775 0.384
vt 0.785 0.12
vt 0.775 0.384
vt 0.775 0.12
vt 0.785 0.12
vt 0 0
vt 0 0
vt 0 0
vt 0 0
vt 0 0
vt 0 0
vt 0 0
vt 0 0
vt 0 0
vt 0 0
vt 0 0
vt 0 0
vt 0 0
vt 0 0
vt 0 0
vt 0 0
vt 0 0
vt 0 0
vt 0 0
vt 0 0
vt 0 0
vt 0 0
vt 0 0
vt 0 0
vt 0 0
vt 0 0
vt 0 0
vt 0 0
vt 0 0
vt 0 0
vt 0 0
vt 0 0
vt 0 0
vt 0 0
vt 0 0
vt 0 0
vt 0 0
vt 0 0
vt 0 0
vt 0 0
vt 0 0
vt 0 0
vt 0 0
vt 0 0
vt 0 0
vt 0 0
vt 0 0
vt 0 0
vt 0 0
vt 0 0
vt 0 0
vt 0 0
vt 0 0
vt 0 0
vt 0 0
vt 0 0
vt 0 0
vt 0 0
vt 0 0
vt 0 0
vt 0 0
vt 0 0
vt 0 0
vt 0 0
vt 0 0
vt 0 0
vt 0 0
vt 0 0
vt 0 0
vt 0 0
vt 0 0
vt 0 0
vt 0 0
vt 0 0
vt 0 0
vt 0 0
vt 0 0
vt 0 0
vt 0 0
vt 0 0
vt 0 0
vt 0 0
vt 0 0
vt 0 0
vt 0 0
vt 0 0
vt 0 0
vt 0 0
vt 0 0
vt 0 0
vt 0 0
vt 0 0
vt 0 0
vt 0 0
vt 0 0
vt 0 0
vt 0 0
vt 0 0
vt 0 0
vt 0 0
vt 0 0
vt 0 0
vt 0 0
vt 0 0
vt 0 0
vt 0 0
vt 0 0
vt 0 0
vt 0 0
vt 0 0
vt 0 0
vt 0 0
vt 0 0
vt 0 0
vt 0 0
vt 0 0
vt 0 0
vt 0 0
vt 0 0
vt 0 0
vt 0 0
vt 0 0
vt 0 0
vt 0 0
vt 0 0
vt 0 0
vt 0 0
vt 0 0
vt 0 0
vt 0 0
vt 0 0
vt 0 0
vt 0 0
vt 0 0
vt 0 0
vt 0 0
vt 0 0
vt 0 0
vt 0 0
vt 0 0
vt 0 0
vt 0 0
vt 0 0
vt 0 0
vt 0 0
vt 0 0
vt 0 0
vt 0 0
vt 0 0
vt 0 0
vt 0 0
vt 0 0
vt 0 0
vt 0 0
vt 0 0
vt 0 0
vt 0 0
vt 0 0
vt 0 0
vt 0 0
vt 0 0
vt 0 0
vt 0 0
vt 0 0
vt 0 0
vt 0 0
vt 0 0
vt 0 0
vt 0 0
vt 0 0
vt 0 0
vt 0 0
vt 0 0
vt 0 0
vt 0 0
vt 0 0
vt 0 0
vt 0 0
vt 0 0
vt 0 0
vt 0 0
vt 0 0
vt 0 0
vt 0 0
vt 0 0
vt 0 0
vt 0 0
vt 0 0
vt 0 0
vt 0 0
vt 0 0
vt 0 0
vt 0 0
vt 0 0
vt 0 0
vt 0 0
vt 0 0
vt 0 0
vt 0 0
vt 0 0
vt 0 0
vt 0 0
vt 0 0
vt 0 0
vt 0 0
vt 0 0
vt 0 0
vt 0 0
vt 0 0
vt 0 0
vt 0 0
vt 0 0
vt 0 0
vt 0 0
vt 0 0
vt 0 0
vt 0 0
vt 0 0
vt 0 0
vt 0 0
vt 0 0
vt 0 0
vt 0 0
vt 0 0
vt 0 0
vt 0 0
vt 0 0
vt 0 0
vt 0 0
vt 0 0
vt 0 0
vt 0 0
vt 0 0
vt 0 0
vt 0 0
vt 0 0
vt 0 0
vt 0 0
vt 0 0
vt 0 0
vt 0 0
vt 0 0
vt 0 0
vt 0 0
vt 0 0
vt 0 0
vt 0 0
vt 0 0
vt 0 0
vt 0 0
vt 0 0
vt 0 0
vt 0 0
vt 0 0
vt 0 0
vt 0 0
vt 0 0
vt 0 0
vt 0 0
vt 0 0
vt 0 0
vt 0 0
vt 0 0
vt 0 0
vt 0 0
vt 0 0
vt 0 0
vt 0 0
vt 0 0
vt 0 0
vt 0 0
vt 0 0
vt 0 0
vt 0 0
vt 0 0
vt 0 0
vt 0 0
vt 0 0
vt 0 0
vt 0 0
vt 0 0
vt 0 0
vt 0 0
vt 0 0
vt 0 0
vt 0 0
vt 0 0
vt 0 0
vt 0 0
vt 0 0
vt 0 0
vt 0 0
vt 0 0
vt 0 0
vt 0 0
vt 0 0
vt 0 0
vt 0 0
vt 0 0
vt 0 0
vt 0 0
vt 0 0
vt 0 0
vt 0 0
vt 0 0
vt 0 0
vt 0 0
vt 0 0
vt 0 0
vt 0 0
vt 0 0
vt 0 0
vt 0 0
vt 0 0
vt 0 0
vt 0 0
vt 0 0
vt 0 0
vt 0 0
vt 0 0
vt 0 0
vt 0 0
vt 0 0
vt 0 0
vt 0 0
vt 0 0
vt 0 0
vt 0 0
vt 0 0
vt 0 0
vt 0 0
vt 0 0
vt 0 0
vt 0 0
vt 0 0
vt 0 0
vt 0 0
vt 0 0
vt 0 0
vt 0 0
vt 0 0
vt 0 0
vt 0 0
vt 0 0
vt 0 0
vt 0 0
vt 0 0
vt 0 0
vt 0 0
vt 0 0
vt 0 0
vt 0 0
vt 0 0
vt 0 0
vt 0 0
vt 0 0
vt 0 0
vt 0 0
vt 0 0
vt 0 0
vt 0 0
vt 0 0
vt 0 0
vt 0 0
vt 0 0
vt 0 0
vt 0 0
vt 0 0
vt 0 0
vt 0 0
vt 0 0
vt 0 0
vt 0 0
vt 0 0
vt 0 0
vt 0 0
vt 0 0
vt 0 0
vt 0 0
vt 0 0
vt 0 0
vt 0 0
vt 0 0
vt 0 0
vt 0 0
vt 0 0
vt 0 0
vt 0 0
vt 0 0
vt 0 0
vt 0 0
vt 0 0
vt 0 0
vt 0 0
vt 0 0
vt 0 0
vt 0 0
vt 0 0
vt 0 0
vt 0 0
vt 0 0
vt 0 0
vt 0 0
vt 0 0
vt 0 0
vt 0 0
vt 0 0
vt 0 0
vt 0 0
vt 0 0
vt 0 0
vt 0 0
vt 0 0
vt 0 0
vt 0 0
vt 0 0
vt 0 0
vt 0 0
vt 0 0
vt 0 0
vt 0 0
vt 0 0
vt 0 0
vt 0 0
vt 0 0
vt 0 0
vt 0 0
vt 0 0
vt 0 0
vt 0 0
vt 0 0
vt 0 0
vt 0 0
vt 0 0
vt 0 0
vt 0 0
vt 0 0
vt 0 0
vt 0 0
vt 0 0
vt 0 0
vt 0 0
vt 0 0
vt 0 0
vt 0 0
vt 0 0
vt 0 0
vt 0 0
vt 0 0
vt 0 0
vt 0 0
vt 0 0
vt 0 0
vt 0 0
vt 0 0
vt 0 0
vt 0 0
vt 0 0
vt 0 0
vt 0 0
vt 0 0
vt 0 0
vt 0 0
vt 0 0
vt 0 0
vt 0 0
vt 0 0
vt 0 0
vt 0 0
vt 0 0
vt 0 0
vt 0 0
vt 0 0
vt 0 0
vt 0 0
vt 0 0
vt 0 0
vt 0 0
vt 0 0
vt 0 0
vt 0 0
vt 0 0
vt 0 0
vt 0 0
vt 0 0
vt 0 0
vt 0 0
vt 0 0
vt 0 0
vt 0 0
vt 0 0
vt 0 0
vt 0 0
vt 0 0
vt 0 0
vt 0 0
vt 0 0
vt 0 0
vt 0 0
vt 0 0
vt 0 0
vt 0 0
vt 0 0
vt 0 0
vt 0 0
vt 0 0
vt 0 0
vt 0 0
vt 0 0
vt 0 0
vt 0 0
vt 0 0
vt 0 0
vt 0 0
vt 0 0
vt 0 0
vt 0 0
vt 0 0
vt 0 0
vt 0 0
vt 0 0
vt 0 0
vt 0 0
vt 0 0
vt 0 0
vt 0 0
vt 0 0
vt 0 0
vt 0 0
vt 0 0
vt 0 0
vt 0 0
vt 0 0
vt 0 0
vt 0 0
vt 0 0
vt 0 0
vt 0 0
vt 0 0
vt 0 0
vt 0 0
vt 0 0
vt 0 0
vt 0 0
vt 0 0
vt 0 0
vt 0 0
vt 0 0
vt 0 0
vt 0 0
vt 0 0
vt 0 0
vt 0 0
vt 0 0
vt 0 0
vt 0 0
vt 0 0
vt 0 0
vt 0 0
vt 0 0
vt 0 0
vt 0 0
vt 0 0
vt 0 0
vt 0 0
vt 0 0
vt 0 0
vt 0 0
vt 0 0
vt 0 0
vt 0 0
vt 0 0
vt 0 0
vt 0 0
vt 0 0
vt 0 0
vt 0 0
vt 0 0
vt 0 0
vt 0 0
vt 0 0
vt 0 0
vt 0 0
vt 0 0
vt 0 0
vt 0 0
vt 0 0
vt 0 0
vt 0 0
vt 0 0
vt 0 0
vt 0 0
vt 0 0
vt 0 0
vt 0 0
vt 0 0
vt 0 0
vt 0 0
vt 0 0
vt 0 0
vt 0 0
vt 0 0
vt 0 0
vt 0 0
vt 0 0
vt 0 0
vt 0 0
vt 0 0
vt 0 0
vt 0 0
vt 0 0
vt 0 0
vt 0 0
vt 0 0
vt 0 0
vt 0 0
vt 0 0
vt 0 0
vt 0 0
vt 0 0
vt 0 0
vt 0 0
vt 0 0
vt 0 0
vt 0 0
vt 0 0
vt 0 0
vt 0 0
vt 0 0
vt 0 0
vt 0 0
vt 0 0
vt 0 0
vt 0 0
vt 0 0
vt 0 0
vt 0 0
vt 0 0
vt 0 0
vt 0 0
vt 0 0
vt 0 0
vt 0 0
vt 0 0
vt 0 0
vt 0 0
vt 0 0
vt 0 0
vt 0 0
vt 0 0
vt 0 0
vt 0 0
vt 0 0
vt 0 0
vt 0 0
vt 0 0
vt 0 0
vt 0 0
vt 0 0
vt 0 0
vt 0 0
vt 0 0
vt 0 0
vt 0 0
vt 0 0
vt 0 0
vt 0 0
vt 0 0
vt 0 0
vt 0 0
vt 0 0
vt 0 0
vt 0 0
vt 0 0
vt 0 0
vt 0 0
vt 0 0
vt 0 0
vt 0 0
vt 0 0
vt 0 0
vt 0 0
vt 0 0
vt 0 0
vt 0 0
vt 0 0
vt 0 0
vt 0 0
vt 0 0
vt 0 0
vt 0 0
vt 0 0
vt 0 0
vt 0 0
vt 0 0
vt 0 0
vt 0 0
vt 0 0
vt 0 0
vt 0 0
vt 0 0
vt 0 0
vt 0 0
vt 0 0
vt 0 0
vt 0 0
vt 0 0
vt 0 0
vt 0 0
vt 0 0
vt 0 0
vt 0 0
vt 0 0
vt 0 0
vt 0 0
vt 0 0
vt 0 0
vt 0 0
vt 0 0
vt 0 0
vt 0 0
vt 0 0
vt 0 0
vt 0 0
vt 0 0
vt 0 0
vt 0 0
vt 0 0
vt 0 0
vt 0 0
vt 0 0
vt 0 0
vt 0 0
vt 0 0
vt 0 0
vt 0 0
vt 0 0
vt 0 0
vt 0 0
vt 0 0
vt 0 0
vt 0 0
vt 0 0
vt 0 0
vt 0 0
vt 0 0
vt 0 0
vt 0 0
vt 0 0
vt 0 0
vt 0 0
vt 0 0
vt 0 0
vt 0 0
vt 0 0
vt 0 0
vt 0 0
vt 0 0
vt 0 0
vt 0 0
vt 0 0
vt 0 0
vt 0 0
vt 0 0
vt 0 0
vt 0 0
vt 0 0
vt 0 0
vt 0 0
vt 0 0
vt 0 0
vt 0 0
vt 0 0
vt 0 0
vt 0 0
vt 0 0
vt 0 0
vt 0 0
vt 0 0
vt 0 0
vt 0 0
vt 0 0
vt 0 0
vt 0 0
vt 0 0
vt 0 0
vt 0 0
vt 0 0
vt 0 0
vt 0 0
vt 0 0
vt 0 0
vt 0 0
vt 0 0
vt 0 0
vt 0 0
vt 0 0
vt 0 0
vt 0 0
vt 0 0
vt 0 0
vt 0 0
vt 0 0
vt 0 0
vt 0 0
vt 0 0
vt 0 0
vt 0 0
vt 0 0
vt 0 0
vt 0 0
vt 0 0
vt 0 0
vt 0 0
vt 0 0
vt 0 0
vt 0 0
vt 0 0
vt 0 0
vt 0 0
vt 0 0
vt 0 0
vt 0 0
vt 0 0
vt 0 0
vt 0 0
vt 0 0
vt 0 0
vt 0 0
vt 0 0
vt 0 0
vt 0 0
vt 0 0
vt 0 0
vt 0 0
vt 0 0
vt 0 0
vt 0 0
vt 0 0
vt 0 0
vt 0 0
vt 0 0
vt 0 0
vt 0 0
vt 0 0
vt 0 0
vt 0 0
vt 0 0
vt 0 0
vt 0 0
vt 0 0
vt 0 0
vt 0 0
vt 0 0
vt 0 0
vt 0 0
vt 0 0
vt 0 0
vt 0 0
vt 0 0
vt 0 0
vt 0 0
vt 0 0
vt 0 0
usemtl MB_24_official_226
s off
f 7585/8605 7292/8606 7575/8607
f 7292/8608 7303/8609 7575/8610
f 7293/8611 7292/8612 7584/8613
f 7292/8614 7585/8615 7584/8616
f 7584/8617 7490/8618 7293/8619
f 7490/8620 7294/8621 7293/8622
f 7490/8623 7583/8624 7294/8625
f 7583/8626 7295/8627 7294/8628
f 7583/8629 7582/8630 7295/8631
f 7582/8632 7296/8633 7295/8634
f 7582/8635 7576/8636 7296/8637
f 7576/8638 7302/8639 7296/8640
f 7581/8641 7297/8642 7573/8643
f 7297/8644 7730/8645 7573/8646
f 7581/8647 7580/8648 7297/8649
f 7580/8650 7298/8651 7297/8652
f 7580/8653 7579/8654 7298/8655
f 7579/8656 7299/8657 7298/8658
f 7579/8659 7578/8660 7299/8661
f 7578/8662 7300/8663 7299/8664
f 7578/8665 7574/8666 7300/8667
f 7574/8668 7304/8669 7300/8670
f 7577/8671 7571/8672 7732/8673
f 7571/8674 7726/8675 7732/8676
f 7597/8677 7377/8678 7574/8679
f 7377/8680 7304/8681 7574/8682
f 7753/8683 7305/8684 7572/8685
f 7305/8686 7728/8687 7572/8688
f 7750/8689 7306/8690 7752/8691
f 7306/8692 7307/8693 7752/8694
f 7306/8695 7729/8696 7307/8697
f 7729/8698 7727/8699 7307/8700
f 7305/8701 7731/8702 7728/8703
f 7731/8704 7309/8705 7728/8706
f 7377/8707 7380/8708 7304/8709
f 7380/8710 7311/8711 7304/8712
f 7732/8713 7726/8714 7733/8715
f 7726/8716 7308/8717 7733/8718
f 7300/8719 7304/8720 7315/8721
f 7304/8722 7311/8723 7315/8724
f 7299/8725 7300/8726 7316/8727
f 7300/8728 7315/8729 7316/8730
f 7298/8731 7299/8732 7317/8733
f 7299/8734 7316/8735 7317/8736
f 7297/8737 7298/8738 7318/8739
f 7298/8740 7317/8741 7318/8742
f 7297/8743 7318/8744 7730/8745
f 7318/8746 7310/8747 7730/8748
f 7296/8749 7302/8750 7319/8751
f 7302/8752 7313/8753 7319/8754
f 7295/8755 7296/8756 7320/8757
f 7296/8758 7319/8759 7320/8760
f 7294/8761 7295/8762 7321/8763
f 7295/8764 7320/8765 7321/8766
f 7293/8767 7294/8768 7322/8769
f 7294/8770 7321/8771 7322/8772
f 7292/8773 7293/8774 7323/8775
f 7293/8776 7322/8777 7323/8778
f 7292/8779 7323/8780 7303/8781
f 7323/8782 7312/8783 7303/8784
f 7323/8785 7324/8786 7312/8787
f 7324/8788 7335/8789 7312/8790
f 7323/8791 7322/8792 7324/8793
f 7322/8794 7325/8795 7324/8796
f 7322/8797 7321/8798 7325/8799
f 7321/8800 7326/8801 7325/8802
f 7321/8803 7320/8804 7326/8805
f 7320/8806 7327/8807 7326/8808
f 7320/8809 7319/8810 7327/8811
f 7319/8812 7328/8813 7327/8814
f 7319/8815 7313/8816 7328/8817
f 7313/8818 7334/8819 7328/8820
f 7318/8821 7329/8822 7310/8823
f 7329/8824 7734/8825 7310/8826
f 7318/8827 7317/8828 7329/8829
f 7317/8830 7330/8831 7329/8832
f 7317/8833 7316/8834 7330/8835
f 7316/8836 7331/8837 7330/8838
f 7316/8839 7315/8840 7331/8841
f 7315/8842 7332/8843 7331/8844
f 7315/8845 7311/8846 7332/8847
f 7311/8848 7336/8849 7332/8850
f 7733/8851 7308/8852 7736/8853
f 7308/8854 7735/8855 7736/8856
f 7380/8857 7378/8858 7311/8859
f 7378/8860 7336/8861 7311/8862
f 7731/8863 7337/8864 7309/8865
f 7337/8866 7737/8867 7309/8868
f 7729/8869 7338/8870 7727/8871
f 7338/8872 7339/8873 7727/8874
f 7338/8875 7739/8876 7339/8877
f 7739/8878 7738/8879 7339/8880
f 7337/8881 7740/8882 7737/8883
f 7740/8884 7341/8885 7737/8886
f 7378/8887 7381/8888 7336/8889
f 7381/8890 7343/8891 7336/8892
f 7736/8893 7735/8894 7741/8895
f 7735/8896 7340/8897 7741/8898
f 7332/8899 7336/8900 7347/8901
f 7336/8902 7343/8903 7347/8904
f 7331/8905 7332/8906 7348/8907
f 7332/8908 7347/8909 7348/8910
f 7330/8911 7331/8912 7349/8913
f 7331/8914 7348/8915 7349/8916
f 7329/8917 7330/8918 7350/8919
f 7330/8920 7349/8921 7350/8922
f 7329/8923 7350/8924 7734/8925
f 7350/8926 7342/8927 7734/8928
f 7328/8929 7334/8930 7351/8931
f 7334/8932 7345/8933 7351/8934
f 7327/8935 7328/8936 7352/8937
f 7328/8938 7351/8939 7352/8940
f 7326/8941 7327/8942 7353/8943
f 7327/8944 7352/8945 7353/8946
f 7325/8947 7326/8948 7354/8949
f 7326/8950 7353/8951 7354/8952
f 7324/8953 7325/8954 7355/8955
f 7325/8956 7354/8957 7355/8958
f 7324/8959 7355/8960 7335/8961
f 7355/8962 7344/8963 7335/8964
f 7355/8965 7356/8966 7344/8967
f 7356/8968 7367/8969 7344/8970
f 7355/8971 7354/8972 7356/8973
f 7354/8974 7357/8975 7356/8976
f 7354/8977 7353/8978 7357/8979
f 7353/8980 7358/8981 7357/8982
f 7353/8983 7352/8984 7358/8985
f 7352/8986 7359/8987 7358/8988
f 7352/8989 7351/8990 7359/8991
f 7351/8992 7360/8993 7359/8994
f 7351/8995 7345/8996 7360/8997
f 7345/8998 7366/8999 7360/9000
f 7350/9001 7361/9002 7342/9003
f 7361/9004 7742/9005 7342/9006
f 7350/9007 7349/9008 7361/9009
f 7349/9010 7362/9011 7361/9012
f 7349/9013 7348/9014 7362/9015
f 7348/9016 7363/9017 7362/9018
f 7348/9019 7347/9020 7363/9021
f 7347/9022 7364/9023 7363/9024
f 7347/9025 7343/9026 7364/9027
f 7343/9028 7368/9029 7364/9030
f 7741/9031 7340/9032 7744/9033
f 7340/9034 7743/9035 7744/9036
f 7381/9037 7379/9038 7343/9039
f 7379/9040 7368/9041 7343/9042
f 7740/9043 7369/9044 7341/9045
f 7369/9046 7745/9047 7341/9048
f 7739/9049 7370/9050 7738/9051
f 7370/9052 7371/9053 7738/9054
f 7370/9055 7747/9056 7371/9057
f 7747/9058 7746/9059 7371/9060
f 7369/9061 7748/9062 7745/9063
f 7748/9064 7463/9065 7745/9066
f 7379/9067 7489/9068 7368/9069
f 7489/9070 7465/9071 7368/9072
f 7744/9073 7743/9074 7749/9075
f 7743/9076 7462/9077 7749/9078
f 7364/9079 7368/9080 7469/9081
f 7368/9082 7465/9083 7469/9084
f 7363/9085 7364/9086 7470/9087
f 7364/9088 7469/9089 7470/9090
f 7362/9091 7363/9092 7471/9093
f 7363/9094 7470/9095 7471/9096
f 7361/9097 7362/9098 7472/9099
f 7362/9100 7471/9101 7472/9102
f 7361/9103 7472/9104 7742/9105
f 7472/9106 7464/9107 7742/9108
f 7360/9109 7366/9110 7473/9111
f 7366/9112 7467/9113 7473/9114
f 7359/9115 7360/9116 7474/9117
f 7360/9118 7473/9119 7474/9120
f 7358/9121 7359/9122 7475/9123
f 7359/9124 7474/9125 7475/9126
f 7357/9127 7358/9128 7476/9129
f 7358/9130 7475/9131 7476/9132
f 7356/9133 7357/9134 7477/9135
f 7357/9136 7476/9137 7477/9138
f 7356/9139 7477/9140 7367/9141
f 7477/9142 7466/9143 7367/9144
f 7365/9145 7468/9146 7609/9147
f 7346/9148 7365/9149 7609/9150
f 7333/9151 7346/9152 7609/9153
f 7314/9154 7333/9155 7609/9156
f 7301/9157 7314/9158 7609/9159
f 7334/9160 7313/9161 7696/9162
f 7302/9163 7576/9164 7696/9165
f 7751/9166 7301/9167 7609/9168
f 7467/9169 7366/9170 7696/9171
f 7366/9172 7345/9173 7696/9174
f 7313/9175 7302/9176 7696/9177
f 7345/9178 7334/9179 7696/9180
f 7367/9181 7466/9182 7376/9183
f 7466/9184 7483/9185 7376/9186
f 7344/9187 7367/9188 7375/9189
f 7367/9190 7376/9191 7375/9192
f 7335/9193 7344/9194 7374/9195
f 7344/9196 7375/9197 7374/9198
f 7312/9199 7335/9200 7373/9201
f 7335/9202 7374/9203 7373/9204
f 7303/9205 7312/9206 7372/9207
f 7312/9208 7373/9209 7372/9210
f 7575/9211 7303/9212 7591/9213
f 7303/9214 7372/9215 7591/9216
f 7376/9217 7483/9218 7379/9219
f 7483/9220 7489/9221 7379/9222
f 7375/9223 7376/9224 7381/9225
f 7376/9226 7379/9227 7381/9228
f 7374/9229 7375/9230 7378/9231
f 7375/9232 7381/9233 7378/9234
f 7373/9235 7374/9236 7380/9237
f 7374/9238 7378/9239 7380/9240
f 7372/9241 7373/9242 7377/9243
f 7373/9244 7380/9245 7377/9246
f 7591/9247 7372/9248 7597/9249
f 7372/9250 7377/9251 7597/9252
f 7711/9253 7701/9254 7382/9255
f 7701/9256 7393/9257 7382/9258
f 7711/9259 7382/9260 7710/9261
f 7382/9262 7383/9263 7710/9264
f 7710/9265 7383/9266 7598/9267
f 7383/9268 7384/9269 7598/9270
f 7598/9271 7384/9272 7709/9273
f 7384/9274 7385/9275 7709/9276
f 7709/9277 7385/9278 7708/9279
f 7385/9280 7386/9281 7708/9282
f 7708/9283 7386/9284 7702/9285
f 7386/9286 7392/9287 7702/9288
f 7707/9289 7699/9290 7387/9291
f 7699/9292 7758/9293 7387/9294
f 7707/9295 7387/9296 7706/9297
f 7387/9298 7388/9299 7706/9300
f 7706/9301 7388/9302 7705/9303
f 7388/9304 7389/9305 7705/9306
f 7705/9307 7389/9308 7704/9309
f 7389/9310 7390/9311 7704/9312
f 7704/9313 7390/9314 7700/9315
f 7390/9316 7394/9317 7700/9318
f 7703/9319 7760/9320 7697/9321
f 7760/9322 7754/9323 7697/9324
f 7725/9325 7700/9326 7484/9327
f 7700/9328 7394/9329 7484/9330
f 7777/9331 7698/9332 7395/9333
f 7698/9334 7756/9335 7395/9336
f 7774/9337 7776/9338 7396/9339
f 7776/9340 7397/9341 7396/9342
f 7396/9343 7397/9344 7757/9345
f 7397/9346 7755/9347 7757/9348
f 7395/9349 7756/9350 7759/9351
f 7756/9352 7399/9353 7759/9354
f 7484/9355 7394/9356 7487/9357
f 7394/9358 7401/9359 7487/9360
f 7760/9361 7761/9362 7754/9363
f 7761/9364 7398/9365 7754/9366
f 7390/9367 7405/9368 7394/9369
f 7405/9370 7401/9371 7394/9372
f 7389/9373 7406/9374 7390/9375
f 7406/9376 7405/9377 7390/9378
f 7388/9379 7407/9380 7389/9381
f 7407/9382 7406/9383 7389/9384
f 7387/9385 7408/9386 7388/9387
f 7408/9388 7407/9389 7388/9390
f 7387/9391 7758/9392 7408/9393
f 7758/9394 7400/9395 7408/9396
f 7386/9397 7409/9398 7392/9399
f 7409/9400 7403/9401 7392/9402
f 7385/9403 7410/9404 7386/9405
f 7410/9406 7409/9407 7386/9408
f 7384/9409 7411/9410 7385/9411
f 7411/9412 7410/9413 7385/9414
f 7383/9415 7412/9416 7384/9417
f 7412/9418 7411/9419 7384/9420
f 7382/9421 7413/9422 7383/9423
f 7413/9424 7412/9425 7383/9426
f 7382/9427 7393/9428 7413/9429
f 7393/9430 7402/9431 7413/9432
f 7413/9433 7402/9434 7414/9435
f 7402/9436 7425/9437 7414/9438
f 7413/9439 7414/9440 7412/9441
f 7414/9442 7415/9443 7412/9444
f 7412/9445 7415/9446 7411/9447
f 7415/9448 7416/9449 7411/9450
f 7411/9451 7416/9452 7410/9453
f 7416/9454 7417/9455 7410/9456
f 7410/9457 7417/9458 7409/9459
f 7417/9460 7418/9461 7409/9462
f 7409/9463 7418/9464 7403/9465
f 7418/9466 7424/9467 7403/9468
f 7408/9469 7400/9470 7419/9471
f 7400/9472 7762/9473 7419/9474
f 7408/9475 7419/9476 7407/9477
f 7419/9478 7420/9479 7407/9480
f 7407/9481 7420/9482 7406/9483
f 7420/9484 7421/9485 7406/9486
f 7406/9487 7421/9488 7405/9489
f 7421/9490 7422/9491 7405/9492
f 7405/9493 7422/9494 7401/9495
f 7422/9496 7426/9497 7401/9498
f 7761/9499 7764/9500 7398/9501
f 7764/9502 7763/9503 7398/9504
f 7487/9505 7401/9506 7485/9507
f 7401/9508 7426/9509 7485/9510
f 7759/9511 7399/9512 7427/9513
f 7399/9514 7765/9515 7427/9516
f 7757/9517 7755/9518 7428/9519
f 7755/9520 7429/9521 7428/9522
f 7428/9523 7429/9524 7767/9525
f 7429/9526 7766/9527 7767/9528
f 7427/9529 7765/9530 7768/9531
f 7765/9532 7431/9533 7768/9534
f 7485/9535 7426/9536 7488/9537
f 7426/9538 7433/9539 7488/9540
f 7764/9541 7769/9542 7763/9543
f 7769/9544 7430/9545 7763/9546
f 7422/9547 7437/9548 7426/9549
f 7437/9550 7433/9551 7426/9552
f 7421/9553 7438/9554 7422/9555
f 7438/9556 7437/9557 7422/9558
f 7420/9559 7439/9560 7421/9561
f 7439/9562 7438/9563 7421/9564
f 7419/9565 7440/9566 7420/9567
f 7440/9568 7439/9569 7420/9570
f 7419/9571 7762/9572 7440/9573
f 7762/9574 7432/9575 7440/9576
f 7418/9577 7441/9578 7424/9579
f 7441/9580 7435/9581 7424/9582
f 7417/9583 7442/9584 7418/9585
f 7442/9586 7441/9587 7418/9588
f 7416/9589 7443/9590 7417/9591
f 7443/9592 7442/9593 7417/9594
f 7415/9595 7444/9596 7416/9597
f 7444/9598 7443/9599 7416/9600
f 7414/9601 7445/9602 7415/9603
f 7445/9604 7444/9605 7415/9606
f 7414/9607 7425/9608 7445/9609
f 7425/9610 7434/9611 7445/9612
f 7445/9613 7434/9614 7446/9615
f 7434/9616 7457/9617 7446/9618
f 7445/9619 7446/9620 7444/9621
f 7446/9622 7447/9623 7444/9624
f 7444/9625 7447/9626 7443/9627
f 7447/9628 7448/9629 7443/9630
f 7443/9631 7448/9632 7442/9633
f 7448/9634 7449/9635 7442/9636
f 7442/9637 7449/9638 7441/9639
f 7449/9640 7450/9641 7441/9642
f 7441/9643 7450/9644 7435/9645
f 7450/9646 7456/9647 7435/9648
f 7440/9649 7432/9650 7451/9651
f 7432/9652 7770/9653 7451/9654
f 7440/9655 7451/9656 7439/9657
f 7451/9658 7452/9659 7439/9660
f 7439/9661 7452/9662 7438/9663
f 7452/9664 7453/9665 7438/9666
f 7438/9667 7453/9668 7437/9669
f 7453/9670 7454/9671 7437/9672
f 7437/9673 7454/9674 7433/9675
f 7454/9676 7458/9677 7433/9678
f 7769/9679 7772/9680 7430/9681
f 7772/9682 7771/9683 7430/9684
f 7488/9685 7433/9686 7486/9687
f 7433/9688 7458/9689 7486/9690
f 7768/9691 7431/9692 7459/9693
f 7431/9694 7773/9695 7459/9696
f 7767/9697 7766/9698 7460/9699
f 7766/9700 7461/9701 7460/9702
f 7460/9703 7461/9704 7747/9705
f 7461/9706 7746/9707 7747/9708
f 7459/9709 7773/9710 7748/9711
f 7773/9712 7463/9713 7748/9714
f 7486/9715 7458/9716 7489/9717
f 7458/9718 7465/9719 7489/9720
f 7772/9721 7749/9722 7771/9723
f 7749/9724 7462/9725 7771/9726
f 7454/9727 7469/9728 7458/9729
f 7469/9730 7465/9731 7458/9732
f 7453/9733 7470/9734 7454/9735
f 7470/9736 7469/9737 7454/9738
f 7452/9739 7471/9740 7453/9741
f 7471/9742 7470/9743 7453/9744
f 7451/9745 7472/9746 7452/9747
f 7472/9748 7471/9749 7452/9750
f 7451/9751 7770/9752 7472/9753
f 7770/9754 7464/9755 7472/9756
f 7450/9757 7473/9758 7456/9759
f 7473/9760 7467/9761 7456/9762
f 7449/9763 7474/9764 7450/9765
f 7474/9766 7473/9767 7450/9768
f 7448/9769 7475/9770 7449/9771
f 7475/9772 7474/9773 7449/9774
f 7447/9775 7476/9776 7448/9777
f 7476/9778 7475/9779 7448/9780
f 7446/9781 7477/9782 7447/9783
f 7477/9784 7476/9785 7447/9786
f 7446/9787 7457/9788 7477/9789
f 7457/9790 7466/9791 7477/9792
f 7455/9793 7609/9794 7468/9795
f 7436/9796 7609/9797 7455/9798
f 7423/9799 7609/9800 7436/9801
f 7404/9802 7609/9803 7423/9804
f 7391/9805 7609/9806 7404/9807
f 7424/9808 7696/9809 7403/9810
f 7392/9811 7696/9812 7702/9813
f 7775/9814 7609/9815 7391/9816
f 7467/9817 7696/9818 7456/9819
f 7456/9820 7696/9821 7435/9822
f 7403/9823 7696/9824 7392/9825
f 7435/9826 7696/9827 7424/9828
f 7457/9829 7482/9830 7466/9831
f 7482/9832 7483/9833 7466/9834
f 7434/9835 7481/9836 7457/9837
f 7481/9838 7482/9839 7457/9840
f 7425/9841 7480/9842 7434/9843
f 7480/9844 7481/9845 7434/9846
f 7402/9847 7479/9848 7425/9849
f 7479/9850 7480/9851 7425/9852
f 7393/9853 7478/9854 7402/9855
f 7478/9856 7479/9857 7402/9858
f 7701/9859 7718/9860 7393/9861
f 7718/9862 7478/9863 7393/9864
f 7482/9865 7486/9866 7483/9867
f 7486/9868 7489/9869 7483/9870
f 7481/9871 7488/9872 7482/9873
f 7488/9874 7486/9875 7482/9876
f 7480/9877 7485/9878 7481/9879
f 7485/9880 7488/9881 7481/9882
f 7479/9883 7487/9884 7480/9885
f 7487/9886 7485/9887 7480/9888
f 7478/9889 7484/9890 7479/9891
f 7484/9892 7487/9893 7479/9894
f 7718/9895 7725/9896 7478/9897
f 7725/9898 7484/9899 7478/9900
f 7585/9901 7575/9902 7491/9903
f 7575/9904 7502/9905 7491/9906
f 7585/9907 7491/9908 7584/9909
f 7491/9910 7492/9911 7584/9912
f 7584/9913 7492/9914 7490/9915
f 7492/9916 7493/9917 7490/9918
f 7490/9919 7493/9920 7583/9921
f 7493/9922 7494/9923 7583/9924
f 7583/9925 7494/9926 7582/9927
f 7494/9928 7495/9929 7582/9930
f 7582/9931 7495/9932 7576/9933
f 7495/9934 7501/9935 7576/9936
f 7581/9937 7573/9938 7496/9939
f 7573/9940 7782/9941 7496/9942
f 7581/9943 7496/9944 7580/9945
f 7496/9946 7497/9947 7580/9948
f 7580/9949 7497/9950 7579/9951
f 7497/9952 7498/9953 7579/9954
f 7579/9955 7498/9956 7578/9957
f 7498/9958 7499/9959 7578/9960
f 7578/9961 7499/9962 7574/9963
f 7499/9964 7503/9965 7574/9966
f 7577/9967 7784/9968 7571/9969
f 7784/9970 7778/9971 7571/9972
f 7597/9973 7574/9974 7592/9975
f 7574/9976 7503/9977 7592/9978
f 7753/9979 7572/9980 7504/9981
f 7572/9982 7780/9983 7504/9984
f 7750/9985 7752/9986 7505/9987
f 7752/9988 7506/9989 7505/9990
f 7505/9991 7506/9992 7781/9993
f 7506/9994 7779/9995 7781/9996
f 7504/9997 7780/9998 7783/9999
f 7780/10000 7508/10001 7783/10002
f 7592/10003 7503/10004 7595/10005
f 7503/10006 7510/10007 7595/10008
f 7784/10009 7785/10010 7778/10011
f 7785/10012 7507/10013 7778/10014
f 7499/10015 7514/10016 7503/10017
f 7514/10018 7510/10019 7503/10020
f 7498/10021 7515/10022 7499/10023
f 7515/10024 7514/10025 7499/10026
f 7497/10027 7516/10028 7498/10029
f 7516/10030 7515/10031 7498/10032
f 7496/10033 7517/10034 7497/10035
f 7517/10036 7516/10037 7497/10038
f 7496/10039 7782/10040 7517/10041
f 7782/10042 7509/10043 7517/10044
f 7495/10045 7518/10046 7501/10047
f 7518/10048 7512/10049 7501/10050
f 7494/10051 7519/10052 7495/10053
f 7519/10054 7518/10055 7495/10056
f 7493/10057 7520/10058 7494/10059
f 7520/10060 7519/10061 7494/10062
f 7492/10063 7521/10064 7493/10065
f 7521/10066 7520/10067 7493/10068
f 7491/10069 7522/10070 7492/10071
f 7522/10072 7521/10073 7492/10074
f 7491/10075 7502/10076 7522/10077
f 7502/10078 7511/10079 7522/10080
f 7522/10081 7511/10082 7523/10083
f 7511/10084 7534/10085 7523/10086
f 7522/10087 7523/10088 7521/10089
f 7523/10090 7524/10091 7521/10092
f 7521/10093 7524/10094 7520/10095
f 7524/10096 7525/10097 7520/10098
f 7520/10099 7525/10100 7519/10101
f 7525/10102 7526/10103 7519/10104
f 7519/10105 7526/10106 7518/10107
f 7526/10108 7527/10109 7518/10110
f 7518/10111 7527/10112 7512/10113
f 7527/10114 7533/10115 7512/10116
f 7517/10117 7509/10118 7528/10119
f 7509/10120 7786/10121 7528/10122
f 7517/10123 7528/10124 7516/10125
f 7528/10126 7529/10127 7516/10128
f 7516/10129 7529/10130 7515/10131
f 7529/10132 7530/10133 7515/10134
f 7515/10135 7530/10136 7514/10137
f 7530/10138 7531/10139 7514/10140
f 7514/10141 7531/10142 7510/10143
f 7531/10144 7535/10145 7510/10146
f 7785/10147 7788/10148 7507/10149
f 7788/10150 7787/10151 7507/10152
f 7595/10153 7510/10154 7593/10155
f 7510/10156 7535/10157 7593/10158
f 7783/10159 7508/10160 7536/10161
f 7508/10162 7789/10163 7536/10164
f 7781/10165 7779/10166 7537/10167
f 7779/10168 7538/10169 7537/10170
f 7537/10171 7538/10172 7791/10173
f 7538/10174 7790/10175 7791/10176
f 7536/10177 7789/10178 7792/10179
f 7789/10180 7540/10181 7792/10182
f 7593/10183 7535/10184 7596/10185
f 7535/10186 7542/10187 7596/10188
f 7788/10189 7793/10190 7787/10191
f 7793/10192 7539/10193 7787/10194
f 7531/10195 7546/10196 7535/10197
f 7546/10198 7542/10199 7535/10200
f 7530/10201 7547/10202 7531/10203
f 7547/10204 7546/10205 7531/10206
f 7529/10207 7548/10208 7530/10209
f 7548/10210 7547/10211 7530/10212
f 7528/10213 7549/10214 7529/10215
f 7549/10216 7548/10217 7529/10218
f 7528/10219 7786/10220 7549/10221
f 7786/10222 7541/10223 7549/10224
f 7527/10225 7550/10226 7533/10227
f 7550/10228 7544/10229 7533/10230
f 7526/10231 7551/10232 7527/10233
f 7551/10234 7550/10235 7527/10236
f 7525/10237 7552/10238 7526/10239
f 7552/10240 7551/10241 7526/10242
f 7524/10243 7553/10244 7525/10245
f 7553/10246 7552/10247 7525/10248
f 7523/10249 7554/10250 7524/10251
f 7554/10252 7553/10253 7524/10254
f 7523/10255 7534/10256 7554/10257
f 7534/10258 7543/10259 7554/10260
f 7554/10261 7543/10262 7555/10263
f 7543/10264 7566/10265 7555/10266
f 7554/10267 7555/10268 7553/10269
f 7555/10270 7556/10271 7553/10272
f 7553/10273 7556/10274 7552/10275
f 7556/10276 7557/10277 7552/10278
f 7552/10279 7557/10280 7551/10281
f 7557/10282 7558/10283 7551/10284
f 7551/10285 7558/10286 7550/10287
f 7558/10288 7559/10289 7550/10290
f 7550/10291 7559/10292 7544/10293
f 7559/10294 7565/10295 7544/10296
f 7549/10297 7541/10298 7560/10299
f 7541/10300 7794/10301 7560/10302
f 7549/10303 7560/10304 7548/10305
f 7560/10306 7561/10307 7548/10308
f 7548/10309 7561/10310 7547/10311
f 7561/10312 7562/10313 7547/10314
f 7547/10315 7562/10316 7546/10317
f 7562/10318 7563/10319 7546/10320
f 7546/10321 7563/10322 7542/10323
f 7563/10324 7567/10325 7542/10326
f 7793/10327 7796/10328 7539/10329
f 7796/10330 7795/10331 7539/10332
f 7596/10333 7542/10334 7594/10335
f 7542/10336 7567/10337 7594/10338
f 7792/10339 7540/10340 7568/10341
f 7540/10342 7797/10343 7568/10344
f 7791/10345 7790/10346 7569/10347
f 7790/10348 7570/10349 7569/10350
f 7569/10351 7570/10352 7799/10353
f 7570/10354 7798/10355 7799/10356
f 7568/10357 7797/10358 7800/10359
f 7797/10360 7681/10361 7800/10362
f 7594/10363 7567/10364 7724/10365
f 7567/10366 7683/10367 7724/10368
f 7796/10369 7801/10370 7795/10371
f 7801/10372 7680/10373 7795/10374
f 7563/10375 7687/10376 7567/10377
f 7687/10378 7683/10379 7567/10380
f 7562/10381 7688/10382 7563/10383
f 7688/10384 7687/10385 7563/10386
f 7561/10387 7689/10388 7562/10389
f 7689/10390 7688/10391 7562/10392
f 7560/10393 7690/10394 7561/10395
f 7690/10396 7689/10397 7561/10398
f 7560/10399 7794/10400 7690/10401
f 7794/10402 7682/10403 7690/10404
f 7559/10405 7691/10406 7565/10407
f 7691/10408 7685/10409 7565/10410
f 7558/10411 7692/10412 7559/10413
f 7692/10414 7691/10415 7559/10416
f 7557/10417 7693/10418 7558/10419
f 7693/10420 7692/10421 7558/10422
f 7556/10423 7694/10424 7557/10425
f 7694/10426 7693/10427 7557/10428
f 7555/10429 7695/10430 7556/10431
f 7695/10432 7694/10433 7556/10434
f 7555/10435 7566/10436 7695/10437
f 7566/10438 7684/10439 7695/10440
f 7564/10441 7609/10442 7686/10443
f 7545/10444 7609/10445 7564/10446
f 7532/10447 7609/10448 7545/10449
f 7513/10450 7609/10451 7532/10452
f 7500/10453 7609/10454 7513/10455
f 7533/10456 7696/10457 7512/10458
f 7501/10459 7696/10460 7576/10461
f 7751/10462 7609/10463 7500/10464
f 7685/10465 7696/10466 7565/10467
f 7565/10468 7696/10469 7544/10470
f 7512/10471 7696/10472 7501/10473
f 7544/10474 7696/10475 7533/10476
f 7566/10477 7590/10478 7684/10479
f 7590/10480 7717/10481 7684/10482
f 7543/10483 7589/10484 7566/10485
f 7589/10486 7590/10487 7566/10488
f 7534/10489 7588/10490 7543/10491
f 7588/10492 7589/10493 7543/10494
f 7511/10495 7587/10496 7534/10497
f 7587/10498 7588/10499 7534/10500
f 7502/10501 7586/10502 7511/10503
f 7586/10504 7587/10505 7511/10506
f 7575/10507 7591/10508 7502/10509
f 7591/10510 7586/10511 7502/10512
f 7590/10513 7594/10514 7717/10515
f 7594/10516 7724/10517 7717/10518
f 7589/10519 7596/10520 7590/10521
f 7596/10522 7594/10523 7590/10524
f 7588/10525 7593/10526 7589/10527
f 7593/10528 7596/10529 7589/10530
f 7587/10531 7595/10532 7588/10533
f 7595/10534 7593/10535 7588/10536
f 7586/10537 7592/10538 7587/10539
f 7592/10540 7595/10541 7587/10542
f 7591/10543 7597/10544 7586/10545
f 7597/10546 7592/10547 7586/10548
f 7711/10549 7599/10550 7701/10551
f 7599/10552 7611/10553 7701/10554
f 7711/10555 7710/10556 7599/10557
f 7710/10558 7600/10559 7599/10560
f 7710/10561 7598/10562 7600/10563
f 7598/10564 7601/10565 7600/10566
f 7598/10567 7709/10568 7601/10569
f 7709/10570 7602/10571 7601/10572
f 7709/10573 7708/10574 7602/10575
f 7708/10576 7603/10577 7602/10578
f 7708/10579 7702/10580 7603/10581
f 7702/10582 7610/10583 7603/10584
f 7707/10585 7604/10586 7699/10587
f 7604/10588 7806/10589 7699/10590
f 7707/10591 7706/10592 7604/10593
f 7706/10594 7605/10595 7604/10596
f 7706/10597 7705/10598 7605/10599
f 7705/10600 7606/10601 7605/10602
f 7705/10603 7704/10604 7606/10605
f 7704/10606 7607/10607 7606/10608
f 7704/10609 7700/10610 7607/10611
f 7700/10612 7612/10613 7607/10614
f 7703/10615 7697/10616 7808/10617
f 7697/10618 7802/10619 7808/10620
f 7725/10621 7719/10622 7700/10623
f 7719/10624 7612/10625 7700/10626
f 7777/10627 7613/10628 7698/10629
f 7613/10630 7804/10631 7698/10632
f 7774/10633 7614/10634 7776/10635
f 7614/10636 7615/10637 7776/10638
f 7614/10639 7805/10640 7615/10641
f 7805/10642 7803/10643 7615/10644
f 7613/10645 7807/10646 7804/10647
f 7807/10648 7617/10649 7804/10650
f 7719/10651 7722/10652 7612/10653
f 7722/10654 7619/10655 7612/10656
f 7808/10657 7802/10658 7809/10659
f 7802/10660 7616/10661 7809/10662
f 7607/10663 7612/10664 7623/10665
f 7612/10666 7619/10667 7623/10668
f 7606/10669 7607/10670 7624/10671
f 7607/10672 7623/10673 7624/10674
f 7605/10675 7606/10676 7625/10677
f 7606/10678 7624/10679 7625/10680
f 7604/10681 7605/10682 7626/10683
f 7605/10684 7625/10685 7626/10686
f 7604/10687 7626/10688 7806/10689
f 7626/10690 7618/10691 7806/10692
f 7603/10693 7610/10694 7627/10695
f 7610/10696 7621/10697 7627/10698
f 7602/10699 7603/10700 7628/10701
f 7603/10702 7627/10703 7628/10704
f 7601/10705 7602/10706 7629/10707
f 7602/10708 7628/10709 7629/10710
f 7600/10711 7601/10712 7630/10713
f 7601/10714 7629/10715 7630/10716
f 7599/10717 7600/10718 7631/10719
f 7600/10720 7630/10721 7631/10722
f 7599/10723 7631/10724 7611/10725
f 7631/10726 7620/10727 7611/10728
f 7631/10729 7632/10730 7620/10731
f 7632/10732 7643/10733 7620/10734
f 7631/10735 7630/10736 7632/10737
f 7630/10738 7633/10739 7632/10740
f 7630/10741 7629/10742 7633/10743
f 7629/10744 7634/10745 7633/10746
f 7629/10747 7628/10748 7634/10749
f 7628/10750 7635/10751 7634/10752
f 7628/10753 7627/10754 7635/10755
f 7627/10756 7636/10757 7635/10758
f 7627/10759 7621/10760 7636/10761
f 7621/10762 7642/10763 7636/10764
f 7626/10765 7637/10766 7618/10767
f 7637/10768 7810/10769 7618/10770
f 7626/10771 7625/10772 7637/10773
f 7625/10774 7638/10775 7637/10776
f 7625/10777 7624/10778 7638/10779
f 7624/10780 7639/10781 7638/10782
f 7624/10783 7623/10784 7639/10785
f 7623/10786 7640/10787 7639/10788
f 7623/10789 7619/10790 7640/10791
f 7619/10792 7644/10793 7640/10794
f 7809/10795 7616/10796 7812/10797
f 7616/10798 7811/10799 7812/10800
f 7722/10801 7720/10802 7619/10803
f 7720/10804 7644/10805 7619/10806
f 7807/10807 7645/10808 7617/10809
f 7645/10810 7813/10811 7617/10812
f 7805/10813 7646/10814 7803/10815
f 7646/10816 7647/10817 7803/10818
f 7646/10819 7815/10820 7647/10821
f 7815/10822 7814/10823 7647/10824
f 7645/10825 7816/10826 7813/10827
f 7816/10828 7649/10829 7813/10830
f 7720/10831 7723/10832 7644/10833
f 7723/10834 7651/10835 7644/10836
f 7812/10837 7811/10838 7817/10839
f 7811/10840 7648/10841 7817/10842
f 7640/10843 7644/10844 7655/10845
f 7644/10846 7651/10847 7655/10848
f 7639/10849 7640/10850 7656/10851
f 7640/10852 7655/10853 7656/10854
f 7638/10855 7639/10856 7657/10857
f 7639/10858 7656/10859 7657/10860
f 7637/10861 7638/10862 7658/10863
f 7638/10864 7657/10865 7658/10866
f 7637/10867 7658/10868 7810/10869
f 7658/10870 7650/10871 7810/10872
f 7636/10873 7642/10874 7659/10875
f 7642/10876 7653/10877 7659/10878
f 7635/10879 7636/10880 7660/10881
f 7636/10882 7659/10883 7660/10884
f 7634/10885 7635/10886 7661/10887
f 7635/10888 7660/10889 7661/10890
f 7633/10891 7634/10892 7662/10893
f 7634/10894 7661/10895 7662/10896
f 7632/10897 7633/10898 7663/10899
f 7633/10900 7662/10901 7663/10902
f 7632/10903 7663/10904 7643/10905
f 7663/10906 7652/10907 7643/10908
f 7663/10909 7664/10910 7652/10911
f 7664/10912 7675/10913 7652/10914
f 7663/10915 7662/10916 7664/10917
f 7662/10918 7665/10919 7664/10920
f 7662/10921 7661/10922 7665/10923
f 7661/10924 7666/10925 7665/10926
f 7661/10927 7660/10928 7666/10929
f 7660/10930 7667/10931 7666/10932
f 7660/10933 7659/10934 7667/10935
f 7659/10936 7668/10937 7667/10938
f 7659/10939 7653/10940 7668/10941
f 7653/10942 7674/10943 7668/10944
f 7658/10945 7669/10946 7650/10947
f 7669/10948 7818/10949 7650/10950
f 7658/10951 7657/10952 7669/10953
f 7657/10954 7670/10955 7669/10956
f 7657/10957 7656/10958 7670/10959
f 7656/10960 7671/10961 7670/10962
f 7656/10963 7655/10964 7671/10965
f 7655/10966 7672/10967 7671/10968
f 7655/10969 7651/10970 7672/10971
f 7651/10972 7676/10973 7672/10974
f 7817/10975 7648/10976 7820/10977
f 7648/10978 7819/10979 7820/10980
f 7723/10981 7721/10982 7651/10983
f 7721/10984 7676/10985 7651/10986
f 7816/10987 7677/10988 7649/10989
f 7677/10990 7821/10991 7649/10992
f 7815/10993 7678/10994 7814/10995
f 7678/10996 7679/10997 7814/10998
f 7678/10999 7799/11000 7679/11001
f 7799/11002 7798/11003 7679/11004
f 7677/11005 7800/11006 7821/11007
f 7800/11008 7681/11009 7821/11010
f 7721/11011 7724/11012 7676/11013
f 7724/11014 7683/11015 7676/11016
f 7820/11017 7819/11018 7801/11019
f 7819/11020 7680/11021 7801/11022
f 7672/11023 7676/11024 7687/11025
f 7676/11026 7683/11027 7687/11028
f 7671/11029 7672/11030 7688/11031
f 7672/11032 7687/11033 7688/11034
f 7670/11035 7671/11036 7689/11037
f 7671/11038 7688/11039 7689/11040
f 7669/11041 7670/11042 7690/11043
f 7670/11044 7689/11045 7690/11046
f 7669/11047 7690/11048 7818/11049
f 7690/11050 7682/11051 7818/11052
f 7668/11053 7674/11054 7691/11055
f 7674/11056 7685/11057 7691/11058
f 7667/11059 7668/11060 7692/11061
f 7668/11062 7691/11063 7692/11064
f 7666/11065 7667/11066 7693/11067
f 7667/11068 7692/11069 7693/11070
f 7665/11071 7666/11072 7694/11073
f 7666/11074 7693/11075 7694/11076
f 7664/11077 7665/11078 7695/11079
f 7665/11080 7694/11081 7695/11082
f 7664/11083 7695/11084 7675/11085
f 7695/11086 7684/11087 7675/11088
f 7673/11089 7686/11090 7609/11091
f 7654/11092 7673/11093 7609/11094
f 7641/11095 7654/11096 7609/11097
f 7622/11098 7641/11099 7609/11100
f 7608/11101 7622/11102 7609/11103
f 7642/11104 7621/11105 7696/11106
f 7610/11107 7702/11108 7696/11109
f 7775/11110 7608/11111 7609/11112
f 7685/11113 7674/11114 7696/11115
f 7674/11116 7653/11117 7696/11118
f 7621/11119 7610/11120 7696/11121
f 7653/11122 7642/11123 7696/11124
f 7675/11125 7684/11126 7716/11127
f 7684/11128 7717/11129 7716/11130
f 7652/11131 7675/11132 7715/11133
f 7675/11134 7716/11135 7715/11136
f 7643/11137 7652/11138 7714/11139
f 7652/11140 7715/11141 7714/11142
f 7620/11143 7643/11144 7713/11145
f 7643/11146 7714/11147 7713/11148
f 7611/11149 7620/11150 7712/11151
f 7620/11152 7713/11153 7712/11154
f 7701/11155 7611/11156 7718/11157
f 7611/11158 7712/11159 7718/11160
f 7716/11161 7717/11162 7721/11163
f 7717/11164 7724/11165 7721/11166
f 7715/11167 7716/11168 7723/11169
f 7716/11170 7721/11171 7723/11172
f 7714/11173 7715/11174 7720/11175
f 7715/11176 7723/11177 7720/11178
f 7713/11179 7714/11180 7722/11181
f 7714/11182 7720/11183 7722/11184
f 7712/11185 7713/11186 7719/11187
f 7713/11188 7722/11189 7719/11190
f 7718/11191 7712/11192 7725/11193
f 7712/11194 7719/11195 7725/11196
f 7858/11197 7862/11198 7880/11199
f 7862/11200 7877/11201 7880/11202
f 7826/11203 7827/11204 7828/11205
f 7827/11206 7830/11207 7828/11208
f 7827/11209 7825/11210 7830/11211
f 7825/11212 7829/11213 7830/11214
f 7832/11215 7833/11216 7834/11217
f 7833/11218 7836/11219 7834/11220
f 7833/11221 7831/11222 7836/11223
f 7831/11224 7835/11225 7836/11226
f 7847/11227 7848/11228 7849/11229
f 7848/11230 7851/11231 7849/11232
f 7848/11233 7846/11234 7851/11235
f 7846/11236 7850/11237 7851/11238
f 7834/11239 7836/11240 7837/11241
f 7836/11242 7839/11243 7837/11244
f 7836/11245 7835/11246 7839/11247
f 7835/11248 7838/11249 7839/11250
f 7837/11251 7839/11252 7840/11253
f 7839/11254 7842/11255 7840/11256
f 7839/11257 7838/11258 7842/11259
f 7838/11260 7841/11261 7842/11262
f 7849/11263 7851/11264 7852/11265
f 7851/11266 7854/11267 7852/11268
f 7851/11269 7850/11270 7854/11271
f 7850/11272 7853/11273 7854/11274
f 7852/11275 7854/11276 7855/11277
f 7854/11278 7857/11279 7855/11280
f 7854/11281 7853/11282 7857/11283
f 7853/11284 7856/11285 7857/11286
f 7862/11287 7863/11288 7864/11289
f 7863/11290 7866/11291 7864/11292
f 7863/11293 7861/11294 7866/11295
f 7861/11296 7865/11297 7866/11298
f 7840/11299 7842/11300 7843/11301
f 7842/11302 7845/11303 7843/11304
f 7842/11305 7841/11306 7845/11307
f 7841/11308 7844/11309 7845/11310
f 7843/11311 7845/11312 7847/11313
f 7845/11314 7848/11315 7847/11316
f 7845/11317 7844/11318 7848/11319
f 7844/11320 7846/11321 7848/11322
f 7855/11323 7857/11324 7858/11325
f 7857/11326 7860/11327 7858/11328
f 7857/11329 7856/11330 7860/11331
f 7856/11332 7859/11333 7860/11334
f 7858/11335 7860/11336 7862/11337
f 7860/11338 7863/11339 7862/11340
f 7860/11341 7859/11342 7863/11343
f 7859/11344 7861/11345 7863/11346
f 7864/11347 7866/11348 7867/11349
f 7866/11350 7869/11351 7867/11352
f 7866/11353 7865/11354 7869/11355
f 7865/11356 7868/11357 7869/11358
f 7828/11359 7830/11360 7832/11361
f 7830/11362 7833/11363 7832/11364
f 7830/11365 7829/11366 7833/11367
f 7829/11368 7831/11369 7833/11370
f 7867/11371 7869/11372 7822/11373
f 7869/11374 7824/11375 7822/11376
f 7869/11377 7868/11378 7824/11379
f 7868/11380 7823/11381 7824/11382
f 7822/11383 7824/11384 7826/11385
f 7824/11386 7827/11387 7826/11388
f 7824/11389 7823/11390 7827/11391
f 7823/11392 7825/11393 7827/11394
f 7874/11395 7870/11396 7875/11397
f 7870/11398 7872/11399 7875/11400
f 7875/11401 7872/11402 7873/11403
f 7872/11404 7871/11405 7873/11406
f 7877/11407 7874/11408 7878/11409
f 7874/11410 7875/11411 7878/11412
f 7878/11413 7875/11414 7876/11415
f 7875/11416 7873/11417 7876/11418
f 7880/11419 7877/11420 7881/11421
f 7877/11422 7878/11423 7881/11424
f 7881/11425 7878/11426 7879/11427
f 7878/11428 7876/11429 7879/11430
f 7883/11431 7880/11432 7884/11433
f 7880/11434 7881/11435 7884/11436
f 7884/11437 7881/11438 7882/11439
f 7881/11440 7879/11441 7882/11442
f 7886/11443 7883/11444 7887/11445
f 7883/11446 7884/11447 7887/11448
f 7887/11449 7884/11450 7885/11451
f 7884/11452 7882/11453 7885/11454
f 7889/11455 7886/11456 7890/11457
f 7886/11458 7887/11459 7890/11460
f 7890/11461 7887/11462 7888/11463
f 7887/11464 7885/11465 7888/11466
f 7892/11467 7889/11468 7893/11469
f 7889/11470 7890/11471 7893/11472
f 7893/11473 7890/11474 7891/11475
f 7890/11476 7888/11477 7891/11478
f 7895/11479 7892/11480 7896/11481
f 7892/11482 7893/11483 7896/11484
f 7896/11485 7893/11486 7894/11487
f 7893/11488 7891/11489 7894/11490
f 7898/11491 7895/11492 7899/11493
f 7895/11494 7896/11495 7899/11496
f 7899/11497 7896/11498 7897/11499
f 7896/11500 7894/11501 7897/11502
f 7901/11503 7898/11504 7902/11505
f 7898/11506 7899/11507 7902/11508
f 7902/11509 7899/11510 7900/11511
f 7899/11512 7897/11513 7900/11514
f 7904/11515 7901/11516 7905/11517
f 7901/11518 7902/11519 7905/11520
f 7905/11521 7902/11522 7903/11523
f 7902/11524 7900/11525 7903/11526
f 7907/11527 7904/11528 7908/11529
f 7904/11530 7905/11531 7908/11532
f 7908/11533 7905/11534 7906/11535
f 7905/11536 7903/11537 7906/11538
f 7910/11539 7907/11540 7911/11541
f 7907/11542 7908/11543 7911/11544
f 7911/11545 7908/11546 7909/11547
f 7908/11548 7906/11549 7909/11550
f 7913/11551 7910/11552 7914/11553
f 7910/11554 7911/11555 7914/11556
f 7914/11557 7911/11558 7912/11559
f 7911/11560 7909/11561 7912/11562
f 7916/11563 7913/11564 7917/11565
f 7913/11566 7914/11567 7917/11568
f 7917/11569 7914/11570 7915/11571
f 7914/11572 7912/11573 7915/11574
f 7870/11575 7916/11576 7872/11577
f 7916/11578 7917/11579 7872/11580
f 7872/11581 7917/11582 7871/11583
f 7917/11584 7915/11585 7871/11586
f 7837/11587 7840/11588 7901/11589
f 7840/11590 7898/11591 7901/11592
f 7862/11593 7864/11594 7877/11595
f 7864/11596 7874/11597 7877/11598
f 7840/11599 7843/11600 7898/11601
f 7843/11602 7895/11603 7898/11604
f 7870/11605 7867/11606 7916/11607
f 7867/11608 7822/11609 7916/11610
f 7864/11611 7867/11612 7874/11613
f 7867/11614 7870/11615 7874/11616
f 7843/11617 7847/11618 7895/11619
f 7847/11620 7892/11621 7895/11622
f 7916/11623 7822/11624 7913/11625
f 7822/11626 7826/11627 7913/11628
f 7847/11629 7849/11630 7892/11631
f 7849/11632 7889/11633 7892/11634
f 7826/11635 7828/11636 7913/11637
f 7828/11638 7910/11639 7913/11640
f 7849/11641 7852/11642 7889/11643
f 7852/11644 7886/11645 7889/11646
f 7828/11647 7832/11648 7910/11649
f 7832/11650 7907/11651 7910/11652
f 7852/11653 7855/11654 7886/11655
f 7855/11656 7883/11657 7886/11658
f 7832/11659 7834/11660 7907/11661
f 7834/11662 7904/11663 7907/11664
f 7855/11665 7858/11666 7883/11667
f 7858/11668 7880/11669 7883/11670
f 7834/11671 7837/11672 7904/11673
f 7837/11674 7901/11675 7904/11676
f 7956/11677 7959/11678 7925/11679
f 7959/11680 7926/11681 7925/11682
f 7856/11683 7853/11684 7946/11685
f 7853/11686 7949/11687 7946/11688
f 7971/11689 7974/11690 7930/11691
f 7974/11692 7931/11693 7930/11694
f 7944/11695 7947/11696 7921/11697
f 7947/11698 7922/11699 7921/11700
f 7974/11701 7977/11702 7931/11703
f 7977/11704 7932/11705 7931/11706
f 7961/11707 7841/11708 7964/11709
f 7841/11710 7838/11711 7964/11712
f 7850/11713 7846/11714 7952/11715
f 7846/11716 7955/11717 7952/11718
f 7934/11719 7938/11720 7918/11721
f 7938/11722 7919/11723 7918/11724
f 7841/11725 7961/11726 7844/11727
f 7961/11728 7958/11729 7844/11730
f 7935/11731 7979/11732 7868/11733
f 7979/11734 7823/11735 7868/11736
f 7977/11737 7980/11738 7932/11739
f 7980/11740 7933/11741 7932/11742
f 7965/11743 7968/11744 7928/11745
f 7968/11746 7929/11747 7928/11748
f 7825/11749 7823/11750 7976/11751
f 7823/11752 7979/11753 7976/11754
f 7940/11755 7861/11756 7943/11757
f 7861/11758 7859/11759 7943/11760
f 7940/11761 7937/11762 7861/11763
f 7937/11764 7865/11765 7861/11766
f 7950/11767 7953/11768 7923/11769
f 7953/11770 7924/11771 7923/11772
f 7959/11773 7962/11774 7926/11775
f 7962/11776 7927/11777 7926/11778
f 7946/11779 7943/11780 7856/11781
f 7943/11782 7859/11783 7856/11784
f 7968/11785 7971/11786 7929/11787
f 7971/11788 7930/11789 7929/11790
f 7941/11791 7944/11792 7920/11793
f 7944/11794 7921/11795 7920/11796
f 7973/11797 7970/11798 7829/11799
f 7970/11800 7831/11801 7829/11802
f 7962/11803 7965/11804 7927/11805
f 7965/11806 7928/11807 7927/11808
f 7953/11809 7956/11810 7924/11811
f 7956/11812 7925/11813 7924/11814
f 7958/11815 7955/11816 7844/11817
f 7955/11818 7846/11819 7844/11820
f 7853/11821 7850/11822 7949/11823
f 7850/11824 7952/11825 7949/11826
f 7980/11827 7934/11828 7933/11829
f 7934/11830 7918/11831 7933/11832
f 7829/11833 7825/11834 7973/11835
f 7825/11836 7976/11837 7973/11838
f 7938/11839 7941/11840 7919/11841
f 7941/11842 7920/11843 7919/11844
f 7835/11845 7831/11846 7967/11847
f 7831/11848 7970/11849 7967/11850
f 7947/11851 7950/11852 7922/11853
f 7950/11854 7923/11855 7922/11856
f 7964/11857 7838/11858 7967/11859
f 7838/11860 7835/11861 7967/11862
f 7938/11863 7934/11864 7939/11865
f 7934/11866 7936/11867 7939/11868
f 7939/11869 7936/11870 7937/11871
f 7936/11872 7935/11873 7937/11874
f 7941/11875 7938/11876 7942/11877
f 7938/11878 7939/11879 7942/11880
f 7942/11881 7939/11882 7940/11883
f 7939/11884 7937/11885 7940/11886
f 7944/11887 7941/11888 7945/11889
f 7941/11890 7942/11891 7945/11892
f 7945/11893 7942/11894 7943/11895
f 7942/11896 7940/11897 7943/11898
f 7947/11899 7944/11900 7948/11901
f 7944/11902 7945/11903 7948/11904
f 7948/11905 7945/11906 7946/11907
f 7945/11908 7943/11909 7946/11910
f 7950/11911 7947/11912 7951/11913
f 7947/11914 7948/11915 7951/11916
f 7951/11917 7948/11918 7949/11919
f 7948/11920 7946/11921 7949/11922
f 7953/11923 7950/11924 7954/11925
f 7950/11926 7951/11927 7954/11928
f 7954/11929 7951/11930 7952/11931
f 7951/11932 7949/11933 7952/11934
f 7956/11935 7953/11936 7957/11937
f 7953/11938 7954/11939 7957/11940
f 7957/11941 7954/11942 7955/11943
f 7954/11944 7952/11945 7955/11946
f 7959/11947 7956/11948 7960/11949
f 7956/11950 7957/11951 7960/11952
f 7960/11953 7957/11954 7958/11955
f 7957/11956 7955/11957 7958/11958
f 7962/11959 7959/11960 7963/11961
f 7959/11962 7960/11963 7963/11964
f 7963/11965 7960/11966 7961/11967
f 7960/11968 7958/11969 7961/11970
f 7965/11971 7962/11972 7966/11973
f 7962/11974 7963/11975 7966/11976
f 7966/11977 7963/11978 7964/11979
f 7963/11980 7961/11981 7964/11982
f 7968/11983 7965/11984 7969/11985
f 7965/11986 7966/11987 7969/11988
f 7969/11989 7966/11990 7967/11991
f 7966/11992 7964/11993 7967/11994
f 7971/11995 7968/11996 7972/11997
f 7968/11998 7969/11999 7972/12000
f 7972/12001 7969/12002 7970/12003
f 7969/12004 7967/12005 7970/12006
f 7974/12007 7971/12008 7975/12009
f 7971/12010 7972/12011 7975/12012
f 7975/12013 7972/12014 7973/12015
f 7972/12016 7970/12017 7973/12018
f 7977/12019 7974/12020 7978/12021
f 7974/12022 7975/12023 7978/12024
f 7978/12025 7975/12026 7976/12027
f 7975/12028 7973/12029 7976/12030
f 7980/12031 7977/12032 7981/12033
f 7977/12034 7978/12035 7981/12036
f 7981/12037 7978/12038 7979/12039
f 7978/12040 7976/12041 7979/12042
f 7934/12043 7980/12044 7936/12045
f 7980/12046 7981/12047 7936/12048
f 7936/12049 7981/12050 7935/12051
f 7981/12052 7979/12053 7935/12054
f 7937/12055 7935/12056 7865/12057
f 7935/12058 7868/12059 7865/12060
