<?xml version="1.0" encoding="utf-8"?>
<COLLADA xmlns="http://www.collada.org/2005/11/COLLADASchema" version="1.4.1">
	<asset>
		<contributor>
			<author>Mecabricks User</author>
			<authoring_tool>Mecabricks 6.0</authoring_tool>
		</contributor>
		<created>2025-10-01 T 20:36:32</created>
		<modified>2025-10-01 T 20:36:32</modified>
		<unit name="millimeter" meter="0.001"/>
		<up_axis>Y_UP</up_axis>
	</asset>
	<library_effects>
		<effect id="MB|5-effect">
			<profile_COMMON>
				<technique sid="common">
					<phong>
						<diffuse>
							<color sid="diffuse">0.6653872982754769 0.5028864580233624 0.20155625378383743 1</color>
						</diffuse>
						<index_of_refraction>
							<float sid="index_of_refraction">0</float>
						</index_of_refraction>
					</phong>
				</technique>
			</profile_COMMON>
		</effect>
		<effect id="MB|26-effect">
			<profile_COMMON>
				<technique sid="common">
					<phong>
						<diffuse>
							<color sid="diffuse">0.005181516700061659 0.005181516700061659 0.005181516700061659 1</color>
						</diffuse>
						<index_of_refraction>
							<float sid="index_of_refraction">0</float>
						</index_of_refraction>
					</phong>
				</technique>
			</profile_COMMON>
		</effect>
		<effect id="MB|199-effect">
			<profile_COMMON>
				<technique sid="common">
					<phong>
						<diffuse>
							<color sid="diffuse">0.07421356837213867 0.08228270712149792 0.09305896283800832 1</color>
						</diffuse>
						<index_of_refraction>
							<float sid="index_of_refraction">0</float>
						</index_of_refraction>
					</phong>
				</technique>
			</profile_COMMON>
		</effect>
	</library_effects>
	<library_materials>
		<material id="MB|5-material" name="MB|5">
			<instance_effect url="#MB|5-effect"/>
		</material>
		<material id="MB|26-material" name="MB|26">
			<instance_effect url="#MB|26-effect"/>
		</material>
		<material id="MB|199-material" name="MB|199">
			<instance_effect url="#MB|199-effect"/>
		</material>
	</library_materials>
	<library_geometries>
		<geometry id="5D715459-B5B4-48AE-9085-3E3FAA6D5644-mesh" name="5D715459-B5B4-48AE-9085-3E3FAA6D5644">
			<mesh>
				<source id="5D715459-B5B4-48AE-9085-3E3FAA6D5644-mesh-positions">
					<float_array id="5D715459-B5B4-48AE-9085-3E3FAA6D5644-mesh-positions-array" count="1329">1.53 -2.1 0 1.94 -2.06 0 2.334 -1.94 0 2.697 -1.746 0 3.015 -1.485 0 3.015 -1.372 0.568 2.697 -1.613 0.668 2.334 -1.792 0.742 1.94 -1.903 0.788 1.53 -1.94 0.804 1.53 -1.485 1.485 1.94 -1.456 1.456 2.334 -1.372 1.372 2.697 -1.235 1.235 3.015 -1.05 1.05 3.015 -0.568 1.372 2.697 -0.668 1.613 2.334 -0.742 1.792 1.94 -0.788 1.903 1.53 -0.804 1.94 1.53 0 2.1 1.94 0 2.06 2.334 0 1.94 2.697 0 1.746 3.015 0 1.485 3.015 0.568 1.372 2.697 0.668 1.613 2.334 0.742 1.792 1.94 0.788 1.903 1.53 0.804 1.94 1.53 1.485 1.485 1.94 1.456 1.456 2.334 1.372 1.372 2.697 1.235 1.235 3.015 1.05 1.05 3.015 1.372 0.568 2.697 1.613 0.668 2.334 1.792 0.742 1.94 1.903 0.788 1.53 1.94 0.804 1.53 2.1 0 1.94 2.06 0 2.334 1.94 0 2.697 1.746 0 3.015 1.485 0 3.015 1.372 -0.568 2.697 1.613 -0.668 2.334 1.792 -0.742 1.94 1.903 -0.788 1.53 1.94 -0.804 1.53 1.485 -1.485 1.94 1.456 -1.456 2.334 1.372 -1.372 2.697 1.235 -1.235 3.015 1.05 -1.05 3.015 0.568 -1.372 2.697 0.668 -1.613 2.334 0.742 -1.792 1.94 0.788 -1.903 1.53 0.804 -1.94 1.53 0 -2.1 1.94 0 -2.06 2.334 0 -1.94 2.697 0 -1.746 3.015 0 -1.485 3.015 -0.568 -1.372 2.697 -0.668 -1.613 2.334 -0.742 -1.792 1.94 -0.788 -1.903 1.53 -0.804 -1.94 1.53 -1.485 -1.485 1.94 -1.456 -1.456 2.334 -1.372 -1.372 2.697 -1.235 -1.235 3.015 -1.05 -1.05 3.015 -1.372 -0.568 2.697 -1.613 -0.668 2.334 -1.792 -0.742 1.94 -1.903 -0.788 1.53 -1.94 -0.804 3.015 -0.937 -0.388 3.015 -0.717 -0.717 3.015 -0.388 -0.937 3.015 0 -1.014 3.015 0.388 -0.937 3.015 0.717 -0.717 3.015 0.937 -0.388 3.015 1.014 0 3.015 0.937 0.388 3.015 0.717 0.717 3.015 0.388 0.937 3.015 0 1.014 3.015 -0.388 0.937 3.015 -0.717 0.717 3.015 -0.937 0.388 3.015 -1.014 0 0.145 -1.014 0 0.145 -0.937 0.388 0.145 -0.717 0.717 0.145 -0.388 0.937 0.145 0 1.014 0.145 0.388 0.937 0.145 0.717 0.717 0.145 0.937 0.388 0.145 1.014 0 0.145 0.937 -0.388 0.145 0.717 -0.717 0.145 0.388 -0.937 0.145 0 -1.014 0.145 -0.388 -0.937 0.145 -0.717 -0.717 0.145 -0.937 -0.388 0.145 0 0 1.53 0 2 1.53 -0.765 1.848 1.53 -1.414 1.414 1.53 -1.848 0.765 1.53 -2 0 1.53 -1.848 -0.765 1.53 -1.414 -1.414 1.53 -0.765 -1.848 1.53 0 -2 1.53 0.765 -1.848 1.53 1.414 -1.414 1.53 1.848 -0.765 1.53 2 0 1.53 1.848 0.765 1.53 1.414 1.414 1.53 0.765 1.848 0.103 0 2 0.103 -0.765 1.848 0.103 -1.414 1.414 0.103 -1.848 0.765 0.103 -2 0 0.103 -1.848 -0.765 0.103 -1.414 -1.414 0.103 -0.765 -1.848 0.103 0 -2 0.103 0.765 -1.848 0.103 1.414 -1.414 0.103 1.848 -0.765 0.103 2 0 0.103 1.848 0.765 0.103 1.414 1.414 0.103 0.765 1.848 -1.97 -3.492 2.731 -2.514 -3.495 2.649 -3.02 -3.517 2.405 -3.455 -3.536 2.066 -3.789 -3.608 1.441 -3.998 -3.702 0.806 -4.07 -3.811 0.144 -3.998 -3.857 -0.484 -3.789 -3.886 -1.251 -3.51 -3.927 -1.885 -3.224 -3.948 -2.306 -2.514 -3.977 -2.512 -1.97 -3.99 -2.562 -1.426 -3.977 -2.512 -0.92 -3.952 -2.363 -0.485 -3.945 -2.001 0.081 -3.919 -1.317 0.081 -3.919 1.383 -0.202 -3.882 1.951 -0.92 -3.666 2.508 -1.426 -3.558 2.665 0.097 0.029 2.733 -0.373 0.291 2.641 -0.977 0.534 2.371 -1.495 0.744 -1.877 -0.977 0.534 -2.306 -0.373 0.291 -2.575 0.097 0.029 -2.667 0.09 -1.054 -2.575 0.088 -1.821 -2.306 -0.78 2.514 0.033 -1.651 1.921 0.033 -2.228 1.04 0.033 -2.143 1.006 0.731 -1.572 1.889 0.678 -0.72 2.49 0.527 -0.543 2.418 0.987 -1.341 1.796 1.28 -1.893 0.905 1.383 -1.495 0.744 1.942 -0.973 1.647 1.796 -0.262 2.305 1.383 0.105 2.156 1.686 -0.494 1.454 2.193 0.093 1.229 2.442 0.09 -1.054 2.641 0.088 -1.821 2.371 0.09 -2.898 1.942 0.096 -3.487 1.567 0.088 -3.487 -1.6 0.09 -2.898 -1.877 0.093 1.229 -2.377 0.105 2.156 -1.621 -0.494 1.454 -2.128 -0.973 1.647 -1.731 -0.262 2.305 -1.317 -0.543 2.418 -0.922 -1.341 1.796 -1.215 -1.893 0.905 -1.317 -2.143 1.006 -0.666 -1.572 1.889 -0.613 -0.72 2.49 -0.462 0.116 2.699 0.033 -1.97 -6.396 5.7 -2.514 -6.446 5.65 -3.02 -6.594 5.501 -3.455 -6.829 5.264 -3.789 -7.135 4.955 -3.998 -7.491 4.595 -4.07 -7.874 4.209 -3.998 -8.257 3.823 -3.789 -8.613 3.464 -3.455 -8.92 3.155 -3.02 -9.155 2.918 -2.514 -9.302 2.769 -1.97 -9.353 2.718 -1.426 -9.302 2.769 -0.92 -9.155 2.918 -0.485 -8.92 3.155 -0.151 -8.613 3.464 0.058 -8.257 3.823 0.13 -7.874 4.209 0.058 -7.491 4.595 -0.151 -7.135 4.955 -0.485 -6.829 5.264 -0.92 -6.594 5.501 -1.426 -6.446 5.65 0.077 -3.918 -0.484 0.081 -3.919 0.232 -0.485 -3.799 2.223 -1.658 -7.055 5.036 -1.368 -7.14 4.95 -1.118 -7.274 4.814 -0.927 -7.45 4.637 -0.806 -7.655 4.431 -0.765 -7.874 4.209 -0.806 -8.094 3.988 -0.927 -8.298 3.782 -1.118 -8.474 3.604 -1.368 -8.609 3.469 -1.658 -8.693 3.383 -1.97 -8.722 3.354 -2.282 -8.693 3.383 -2.572 -8.609 3.469 -2.822 -8.474 3.604 -3.013 -8.298 3.782 -3.134 -8.094 3.988 -3.175 -7.874 4.209 -3.134 -7.655 4.431 -3.013 -7.45 4.637 -2.822 -7.274 4.814 -2.572 -7.14 4.95 -2.282 -7.055 5.036 -1.97 -7.026 5.065 -1.97 -3.121 1.192 -2.282 -3.15 1.163 -2.572 -3.234 1.077 -2.822 -3.369 0.942 -3.013 -3.545 0.764 -3.134 -3.749 0.558 -3.175 -3.969 0.337 -3.134 -4.188 0.115 -3.013 -4.393 -0.091 -2.822 -4.569 -0.268 -2.572 -4.703 -0.404 -2.282 -4.788 -0.49 -1.97 -4.817 -0.519 -1.658 -4.788 -0.49 -1.368 -4.703 -0.404 -1.118 -4.569 -0.268 -0.927 -4.393 -0.091 -0.806 -4.188 0.115 -0.765 -3.969 0.337 -0.806 -3.749 0.558 -0.927 -3.545 0.764 -1.118 -3.369 0.941 -1.368 -3.234 1.077 -1.658 -3.15 1.163 -1.97 -3.969 0.337 0.093 -3.487 0.217 0.09 -2.898 0.315 0.088 -1.821 0.378 0.09 -1.054 0.418 0.097 0.029 0.432 0.093 1.229 0.389 0.105 2.156 0.277 0.091 -3.487 -0.615 0.09 -2.898 -0.689 0.088 -1.821 -0.851 0.09 -1.054 -0.953 0.097 0.029 -0.988 0.093 1.229 -0.878 0.105 2.156 -0.592 1.53 -2.1 0 1.53 -1.94 0.804 1.53 -1.485 1.485 1.53 -0.804 1.94 1.53 0 2.1 1.53 0.804 1.94 1.53 1.485 1.485 1.53 1.94 0.804 1.53 2.1 0 1.53 1.94 -0.804 1.53 1.485 -1.485 1.53 0.804 -1.94 1.53 0 -2.1 1.53 -0.804 -1.94 1.53 -1.485 -1.485 1.53 -1.94 -0.804 3.015 -0.937 -0.388 3.015 -1.014 0 3.015 -0.717 -0.717 3.015 -0.388 -0.937 3.015 0 -1.014 3.015 0.388 -0.937 3.015 0.717 -0.717 3.015 0.937 -0.388 3.015 1.014 0 3.015 0.937 0.388 3.015 0.717 0.717 3.015 0.388 0.937 3.015 0 1.014 3.015 -0.388 0.937 3.015 -0.717 0.717 3.015 -0.937 0.388 0.145 -1.014 0 0.145 -0.937 0.388 0.145 -0.717 0.717 0.145 -0.388 0.937 0.145 0 1.014 0.145 0.388 0.937 0.145 0.717 0.717 0.145 0.937 0.388 0.145 1.014 0 0.145 0.937 -0.388 0.145 0.717 -0.717 0.145 0.388 -0.937 0.145 0 -1.014 0.145 -0.388 -0.937 0.145 -0.717 -0.717 0.145 -0.937 -0.388 1.53 0 2 1.53 -0.765 1.848 1.53 -1.414 1.414 1.53 -1.848 0.765 1.53 -2 0 1.53 -1.848 -0.765 1.53 -1.414 -1.414 1.53 -0.765 -1.848 1.53 0 -2 1.53 0.765 -1.848 1.53 1.414 -1.414 1.53 1.848 -0.765 1.53 2 0 1.53 1.848 0.765 1.53 1.414 1.414 1.53 0.765 1.848 0.097 0.029 -2.667 0.09 -1.054 -2.575 0.09 -1.054 2.641 0.093 1.229 -2.377 0.097 0.029 2.733 0.105 2.156 1.686 0.116 2.699 0.033 0.093 1.229 2.442 0.105 2.156 -1.621 -1.97 -6.396 5.7 -2.514 -6.446 5.65 -3.02 -6.594 5.501 -3.455 -6.829 5.264 -3.789 -7.135 4.955 -3.998 -7.491 4.595 -4.07 -7.874 4.209 -3.998 -8.257 3.823 -3.789 -8.613 3.464 -3.455 -8.92 3.155 -3.02 -9.155 2.918 -2.514 -9.302 2.769 -1.97 -9.353 2.718 -1.426 -9.302 2.769 -0.92 -9.155 2.918 -0.485 -8.92 3.155 -0.151 -8.613 3.464 0.058 -8.257 3.823 0.13 -7.874 4.209 0.058 -7.491 4.595 -0.151 -7.135 4.955 -0.485 -6.829 5.264 -0.92 -6.594 5.501 -1.426 -6.446 5.65 -1.658 -7.055 5.036 -1.97 -7.026 5.065 -1.368 -7.14 4.95 -1.118 -7.274 4.814 -0.927 -7.45 4.637 -0.806 -7.655 4.431 -0.765 -7.874 4.209 -0.806 -8.094 3.988 -0.927 -8.298 3.782 -1.118 -8.474 3.604 -1.368 -8.609 3.469 -1.658 -8.693 3.383 -1.97 -8.722 3.354 -2.282 -8.693 3.383 -2.572 -8.609 3.469 -2.822 -8.474 3.604 -3.013 -8.298 3.782 -3.134 -8.094 3.988 -3.175 -7.874 4.209 -3.134 -7.655 4.431 -3.013 -7.45 4.637 -2.822 -7.274 4.814 -2.572 -7.14 4.95 -2.282 -7.055 5.036 -1.97 -3.121 1.192 -2.282 -3.15 1.163 -2.572 -3.234 1.077 -2.822 -3.369 0.942 -3.013 -3.545 0.764 -3.134 -3.749 0.558 -3.175 -3.969 0.337 -3.134 -4.188 0.115 -3.013 -4.393 -0.091 -2.822 -4.569 -0.268 -2.572 -4.703 -0.404 -2.282 -4.788 -0.49 -1.97 -4.817 -0.519 -1.658 -4.788 -0.49 -1.368 -4.703 -0.404 -1.118 -4.569 -0.268 -0.927 -4.393 -0.091 -0.806 -4.188 0.115 -0.765 -3.969 0.337 -0.806 -3.749 0.558 -0.927 -3.545 0.764 -1.118 -3.369 0.941 -1.368 -3.234 1.077 -1.658 -3.15 1.163</float_array>
					<technique_common>
						<accessor source="#5D715459-B5B4-48AE-9085-3E3FAA6D5644-mesh-positions-array" count="443" stride="3">
							<param name="X" type="float"/>
							<param name="Y" type="float"/>
							<param name="Z" type="float"/>
						</accessor>
					</technique_common>
				</source>
				<source id="5D715459-B5B4-48AE-9085-3E3FAA6D5644-mesh-normals">
					<float_array id="5D715459-B5B4-48AE-9085-3E3FAA6D5644-mesh-normals-array" count="1329">0.098 -0.99518 0 0.19279 -0.98123 0 0.3784 -0.92563 0 0.54997 -0.83517 0 0.88305 -0.46919 0 0.88308 -0.43348 0.17954 0.54997 -0.77157 0.31959 0.37843 -0.85516 0.3542 0.19279 -0.90652 0.37547 0.098 -0.91943 0.38081 0.098 -0.7037 0.70367 0.19279 -0.69384 0.69381 0.37843 -0.6545 0.6545 0.54997 -0.59053 0.59053 0.88308 -0.33177 0.33177 0.88308 -0.17954 0.43349 0.55001 -0.31959 0.77157 0.37843 -0.35423 0.85516 0.19279 -0.3755 0.90652 0.098 -0.38084 0.9194 0.098 0 0.99518 0.19279 0 0.98123 0.37843 0 0.9256 0.55001 0 0.83514 0.88308 0 0.46919 0.88308 0.17954 0.43349 0.55001 0.31959 0.77157 0.37843 0.35423 0.85516 0.19279 0.3755 0.90652 0.098 0.38084 0.9194 0.098 0.7037 0.70367 0.19279 0.69384 0.69381 0.37843 0.6545 0.6545 0.54997 0.59053 0.59053 0.88308 0.33177 0.33177 0.88305 0.43349 0.17954 0.54997 0.7716 0.31959 0.37843 0.85516 0.3542 0.19279 0.90652 0.37547 0.098 0.91943 0.38081 0.098 0.99518 0 0.19279 0.98123 0 0.3784 0.92563 0 0.54997 0.83517 0 0.88305 0.46919 0 0.88305 0.43349 -0.17954 0.54997 0.7716 -0.31959 0.37843 0.85516 -0.3542 0.19279 0.90652 -0.37547 0.098 0.91943 -0.38081 0.098 0.7037 -0.70366 0.19279 0.69384 -0.69381 0.37843 0.6545 -0.6545 0.54997 0.59053 -0.59053 0.88308 0.33177 -0.33177 0.88308 0.17954 -0.43348 0.54997 0.31959 -0.77157 0.37843 0.35423 -0.85516 0.19279 0.3755 -0.90652 0.098 0.38084 -0.9194 0.098 0 -0.99518 0.19279 0 -0.98123 0.37843 0 -0.9256 0.55001 0 -0.83514 0.88308 0 -0.46919 0.88308 -0.17954 -0.43348 0.54997 -0.31959 -0.77157 0.37843 -0.35423 -0.85516 0.19279 -0.3755 -0.90652 0.098 -0.38084 -0.9194 0.098 -0.7037 -0.70366 0.19279 -0.69384 -0.69381 0.37843 -0.6545 -0.6545 0.54997 -0.59053 -0.59053 0.88308 -0.33177 -0.33177 0.88308 -0.43348 -0.17954 0.54997 -0.77157 -0.31959 0.37843 -0.85516 -0.3542 0.19279 -0.90652 -0.37547 0.098 -0.91943 -0.38081 1 0 0 0.99997 0 0 1 0 0 1 0 0 1 0 0 1 0 0 0.99997 0 0 1 0 0 0.99997 0 0 1 0 0 1 0 0 1 0 0 1 0 0 1 0 0 0.99997 0 0 1 0 0 0 1 0 0 0.92386 -0.38267 0 0.70711 -0.70708 0 0.38267 -0.92386 0 0 -1 0 -0.38267 -0.92386 0 -0.70711 -0.70708 0 -0.92386 -0.38264 0 -1 0 0 -0.92386 0.38267 0 -0.70711 0.70708 0 -0.38267 0.92386 0 0 1 0 0.38267 0.92386 0 0.70711 0.70708 0 0.92386 0.38264 1 0 0 0 0 1 0 -0.38267 0.92386 0 -0.70711 0.70708 0 -0.92386 0.38264 0 -0.99997 0 0 -0.92386 -0.38267 0 -0.70711 -0.70708 0 -0.38267 -0.92386 0 0 -1 0 0.38267 -0.92386 0 0.70711 -0.70708 0 0.92386 -0.38264 0 1 0 0 0.92386 0.38267 0 0.70711 0.70708 0 0.38267 0.92386 0 0 1 0 -0.38267 0.92386 0 -0.70711 0.70708 0 -0.92386 0.38264 0 -1 0 0 -0.92386 -0.38267 0 -0.70711 -0.70708 0 -0.38267 -0.92386 0 0 -1 0 0.38267 -0.92386 0 0.70711 -0.70708 0 0.92386 -0.38264 0 1 0 0 0.92386 0.38267 0 0.70711 0.70708 0 0.38267 0.92386 -0.0202 0.40111 0.9158 -0.29206 0.45546 0.84097 -0.50413 0.45366 0.73483 -0.72509 0.40895 0.55403 -0.87051 0.33757 0.3581 -0.95193 0.25581 0.16834 -0.98758 0.15271 -0.03653 -0.9715 0.06397 -0.22816 -0.91253 -0.01242 -0.40876 -0.79839 -0.10095 -0.59358 -0.54558 -0.19987 -0.81384 -0.24296 -0.31461 -0.91757 -0.02545 -0.37614 -0.92621 0.22129 -0.42582 -0.87732 0.47472 -0.44032 -0.76205 0.6469 -0.43599 -0.6256 0.90564 -0.28376 -0.31504 0.9885 0.0127 0.15055 0.86602 0.09671 0.49052 0.54436 0.22984 0.80673 0.27824 0.31336 0.90793 -0.07132 0.10926 0.99142 -0.21033 0.2147 0.95373 -0.42619 0.3061 0.85125 -0.65371 0.3806 -0.65404 -0.43281 0.29768 -0.85089 -0.19056 0.19132 -0.96283 -0.06992 0.09009 -0.99347 0.16276 -0.10306 -0.98126 0.85272 -0.13312 -0.50508 -0.40062 0.91623 0 -0.71746 0.69655 0 -0.89065 0.45451 -0.01184 -0.86248 0.4514 0.22874 -0.68819 0.68474 0.23969 -0.36546 0.91156 0.18836 -0.2722 0.89645 0.34965 -0.6024 0.65007 0.46306 -0.77941 0.43092 0.4547 -0.62963 0.38383 0.67541 -0.46596 0.59493 0.6549 -0.14374 0.86993 0.47173 -0.12802 0.78246 0.60933 -0.28623 0.52205 0.80343 -0.17783 0.42421 0.88791 0.99997 -0.00476 0 0.84802 -0.12464 0.51506 0.90222 -0.13135 0.41072 0.95816 -0.11475 0.26219 0.92291 -0.19098 -0.33427 0.9061 -0.16199 -0.39082 -0.17783 0.42421 -0.88791 -0.12802 0.78246 -0.60933 -0.28623 0.52205 -0.80343 -0.46596 0.59493 -0.6549 -0.14374 0.86993 -0.47172 -0.2722 0.89645 -0.34965 -0.60244 0.65007 -0.46306 -0.786 0.41804 -0.4554 -0.86386 0.44182 -0.24192 -0.68819 0.68474 -0.23969 -0.36546 0.91156 -0.18836 -0.08676 0.99622 0 0.01532 0.71532 0.6986 -0.24387 0.69106 0.68038 -0.46504 0.62609 0.62587 -0.69802 0.50285 0.50978 -0.87475 0.3408 0.34437 -0.96628 0.18189 0.1821 -0.99997 -0.00238 -0.00293 -0.96728 -0.17832 -0.18033 -0.88571 -0.32905 -0.32743 -0.75268 -0.47209 -0.45885 -0.4882 -0.62319 -0.61095 -0.2017 -0.69143 -0.69369 0 -0.70284 -0.71129 0.21036 -0.68969 -0.69283 0.44179 -0.6386 -0.63005 0.64281 -0.55293 -0.53011 0.88418 -0.34522 -0.31468 0.99109 -0.10007 -0.08786 0.99994 -0.00455 -0.00729 0.96637 0.17554 0.18778 0.82421 0.39045 0.41011 0.66857 0.52461 0.52702 0.47816 0.6274 0.61455 0.25877 0.6924 0.67348 0.99558 -0.07669 -0.05383 0.99945 -0.02826 -0.01617 0.73541 0.16376 0.65749 0 -0.71007 0.70409 0 -0.71007 0.70409 0 -0.71007 0.70409 0 -0.71007 0.70409 0 -0.71007 0.70409 0 -0.71007 0.70409 0 -0.71007 0.70409 0 -0.71007 0.70409 0 -0.71007 0.70409 0 -0.71007 0.70409 0 -0.71007 0.70409 0 -0.71007 0.70409 0 -0.71007 0.70409 0 -0.71007 0.70409 0 -0.71007 0.70409 0 -0.71007 0.70409 0 -0.71007 0.70409 0 -0.71007 0.70409 0 -0.71007 0.70409 0 -0.71007 0.70409 0 -0.71007 0.70409 0 -0.71007 0.70409 0 -0.71007 0.70409 0 -0.71007 0.70409 0 -0.70412 -0.71004 0.2588 -0.68013 -0.68587 0.49999 -0.60979 -0.61492 0.70708 -0.49788 -0.50209 0.86599 -0.35206 -0.35502 0.96591 -0.18223 -0.18378 1 0 0 0.96591 0.18223 0.18378 0.86599 0.35206 0.35502 0.70708 0.49788 0.50209 0.49999 0.60979 0.61492 0.2588 0.68014 0.68587 0 0.70412 0.71004 -0.2588 0.68014 0.68587 -0.49998 0.60979 0.61492 -0.70708 0.49788 0.50209 -0.86599 0.35206 0.35502 -0.96591 0.18223 0.18378 -1 0 0 -0.96591 -0.18223 -0.18375 -0.86599 -0.35206 -0.35502 -0.70708 -0.49788 -0.50209 -0.49998 -0.60979 -0.61492 -0.2588 -0.68013 -0.68587 0 -0.71007 0.70409 0.99991 -0.01257 -0.00183 0.99997 0.00375 -0.00052 0.99997 -0.00064 0 0.99997 -0.00461 0 0.99997 -0.00137 0 0.99997 -0.00497 0 0.99985 -0.01611 0 0.99991 -0.0127 -0.00101 0.99997 0.00137 -0.00052 0.99997 -0.00064 0 0.99997 -0.00461 0 0.99997 -0.00137 0 0.99997 -0.00497 0 0.99985 -0.01611 0 -1 0 0 -1 0 0 -1 0 0 -1 0 0 -1 0 0 -1 0 0 -1 0 0 -0.99997 0 0 -0.99997 0 0 -0.99997 0 0 -1 0 0 -1 0 0 -1 0 0 -1 0 0 -1 0 0 -0.99997 0 0 0 0.92386 0.38264 0 1 0 0 0.70711 0.70708 0 0.38267 0.92386 0 0 1 0 -0.38267 0.92386 0 -0.70711 0.70708 0 -0.92386 0.38267 0 -1 0 0 -0.92386 -0.38264 0 -0.70711 -0.70708 0 -0.38267 -0.92386 0 0 -1 0 0.38267 -0.92386 0 0.70711 -0.70708 0 0.92386 -0.38267 1 0 0 0.99997 0 0 1 0 0 1 0 0 1 0 0 1 0 0 1 0 0 0.99997 0 0 1 0 0 1 0 0 1 0 0 1 0 0 1 0 0 1 0 0 1 0 0 1 0 0 -1 0 0 -1 0 0 -1 0 0 -1 0 0 -0.99997 0 0 -1 0 0 -1 0 0 -0.99997 0 0 -1 0 0 -1 0 0 -1 0 0 -0.99997 0 0 -1 0 0 -0.99997 0 0 -1 0 0 -1 0 0 0.99997 -0.00162 0 0.99997 -0.00476 0 0.18696 -0.10047 0.9772 0.99997 -0.00229 0 0.99997 -0.00162 0 0.99988 -0.01364 0 0.99979 -0.01935 0 0.99997 -0.00229 0 0.99988 -0.01364 0 0 -0.71007 0.70409 0 -0.71007 0.70409 0 -0.71007 0.70409 0 -0.71007 0.70409 0 -0.71007 0.70409 0 -0.71007 0.70409 0 -0.71007 0.70409 0 -0.71007 0.70409 0 -0.71007 0.70409 0 -0.71007 0.70409 0 -0.71007 0.70409 0 -0.71007 0.70409 0 -0.71007 0.70409 0 -0.71007 0.70409 0 -0.71007 0.70409 0 -0.71007 0.70409 0 -0.71007 0.70409 0 -0.71007 0.70409 0 -0.71007 0.70409 0 -0.71007 0.70409 0 -0.71007 0.70409 0 -0.71007 0.70409 0 -0.71007 0.70409 0 -0.71007 0.70409 -0.2588 -0.68013 -0.68587 0 -0.70412 -0.71004 -0.49998 -0.60979 -0.61492 -0.70708 -0.49788 -0.50209 -0.86599 -0.35206 -0.35502 -0.96591 -0.18223 -0.18378 -1 0 0 -0.96591 0.18223 0.18378 -0.86599 0.35206 0.35502 -0.70708 0.49788 0.50209 -0.49998 0.60979 0.61492 -0.2588 0.68014 0.68587 0 0.70412 0.71004 0.2588 0.68014 0.68587 0.49999 0.60979 0.61492 0.70708 0.49788 0.50209 0.86599 0.35206 0.35502 0.96591 0.18223 0.18375 1 0 0 0.96591 -0.18223 -0.18378 0.86599 -0.35206 -0.35502 0.70708 -0.49788 -0.50209 0.49999 -0.60979 -0.61492 0.2588 -0.68013 -0.68587 0 -0.71007 0.70409 0 -0.71007 0.70409 0 -0.71007 0.70409 0 -0.71007 0.70409 0 -0.71007 0.70409 0 -0.71007 0.70409 0 -0.71007 0.70409 0 -0.71007 0.70409 0 -0.71007 0.70409 0 -0.71007 0.70409 0 -0.71007 0.70409 0 -0.71007 0.70409 0 -0.71007 0.70409 0 -0.71007 0.70409 0 -0.71007 0.70409 0 -0.71007 0.70409 0 -0.71007 0.70409 0 -0.71007 0.70409 0 -0.71007 0.70409 0 -0.71007 0.70409 0 -0.71007 0.70409 0 -0.71007 0.70409 0 -0.71007 0.70409 0 -0.71007 0.70409</float_array>
					<technique_common>
						<accessor source="#5D715459-B5B4-48AE-9085-3E3FAA6D5644-mesh-normals-array" count="443" stride="3">
							<param name="X" type="float"/>
							<param name="Y" type="float"/>
							<param name="Z" type="float"/>
						</accessor>
					</technique_common>
				</source>
				<vertices id="5D715459-B5B4-48AE-9085-3E3FAA6D5644-mesh-vertices">
					<input semantic="POSITION" source="#5D715459-B5B4-48AE-9085-3E3FAA6D5644-mesh-positions"/>
				</vertices>
				<triangles material="MB|5-material" count="574">
					<input semantic="VERTEX" source="#5D715459-B5B4-48AE-9085-3E3FAA6D5644-mesh-vertices" offset="0"/>
					<input semantic="NORMAL" source="#5D715459-B5B4-48AE-9085-3E3FAA6D5644-mesh-normals" offset="1"/>
					<p>3 3 4 4 6 6 4 4 5 5 6 6 2 2 3 3 7 7 3 3 6 6 7 7 1 1 2 2 8 8 2 2 7 7 8 8 0 0 1 1 9 9 1 1 8 8 9 9 9 9 8 8 10 10 8 8 11 11 10 10 8 8 7 7 11 11 7 7 12 12 11 11 7 7 6 6 12 12 6 6 13 13 12 12 6 6 5 5 13 13 5 5 14 14 13 13 13 13 14 14 16 16 14 14 15 15 16 16 12 12 13 13 17 17 13 13 16 16 17 17 11 11 12 12 18 18 12 12 17 17 18 18 10 10 11 11 19 19 11 11 18 18 19 19 19 19 18 18 20 20 18 18 21 21 20 20 18 18 17 17 21 21 17 17 22 22 21 21 17 17 16 16 22 22 16 16 23 23 22 22 16 16 15 15 23 23 15 15 24 24 23 23 23 23 24 24 26 26 24 24 25 25 26 26 22 22 23 23 27 27 23 23 26 26 27 27 21 21 22 22 28 28 22 22 27 27 28 28 20 20 21 21 29 29 21 21 28 28 29 29 29 29 28 28 30 30 28 28 31 31 30 30 28 28 27 27 31 31 27 27 32 32 31 31 27 27 26 26 32 32 26 26 33 33 32 32 26 26 25 25 33 33 25 25 34 34 33 33 33 33 34 34 36 36 34 34 35 35 36 36 32 32 33 33 37 37 33 33 36 36 37 37 31 31 32 32 38 38 32 32 37 37 38 38 30 30 31 31 39 39 31 31 38 38 39 39 39 39 38 38 40 40 38 38 41 41 40 40 38 38 37 37 41 41 37 37 42 42 41 41 37 37 36 36 42 42 36 36 43 43 42 42 36 36 35 35 43 43 35 35 44 44 43 43 43 43 44 44 46 46 44 44 45 45 46 46 42 42 43 43 47 47 43 43 46 46 47 47 41 41 42 42 48 48 42 42 47 47 48 48 40 40 41 41 49 49 41 41 48 48 49 49 49 49 48 48 50 50 48 48 51 51 50 50 48 48 47 47 51 51 47 47 52 52 51 51 47 47 46 46 52 52 46 46 53 53 52 52 46 46 45 45 53 53 45 45 54 54 53 53 53 53 54 54 56 56 54 54 55 55 56 56 52 52 53 53 57 57 53 53 56 56 57 57 51 51 52 52 58 58 52 52 57 57 58 58 50 50 51 51 59 59 51 51 58 58 59 59 59 59 58 58 60 60 58 58 61 61 60 60 58 58 57 57 61 61 57 57 62 62 61 61 57 57 56 56 62 62 56 56 63 63 62 62 56 56 55 55 63 63 55 55 64 64 63 63 63 63 64 64 66 66 64 64 65 65 66 66 62 62 63 63 67 67 63 63 66 66 67 67 61 61 62 62 68 68 62 62 67 67 68 68 60 60 61 61 69 69 61 61 68 68 69 69 69 69 68 68 70 70 68 68 71 71 70 70 68 68 67 67 71 71 67 67 72 72 71 71 67 67 66 66 72 72 66 66 73 73 72 72 66 66 65 65 73 73 65 65 74 74 73 73 73 73 74 74 76 76 74 74 75 75 76 76 72 72 73 73 77 77 73 73 76 76 77 77 71 71 72 72 78 78 72 72 77 77 78 78 70 70 71 71 79 79 71 71 78 78 79 79 1 1 0 0 78 78 0 0 79 79 78 78 78 78 77 77 1 1 77 77 2 2 1 1 77 77 76 76 2 2 76 76 3 3 2 2 76 76 75 75 3 3 75 75 4 4 3 3 4 4 75 75 95 95 75 75 80 80 95 95 75 75 74 74 80 80 74 74 81 81 80 80 74 74 65 65 81 81 65 65 82 82 81 81 65 65 64 64 82 82 64 64 83 83 82 82 64 64 55 55 83 83 55 55 84 84 83 83 55 55 54 54 84 84 54 54 85 85 84 84 54 54 45 45 85 85 45 45 86 86 85 85 45 45 44 44 86 86 44 44 87 87 86 86 44 44 35 35 87 87 35 35 88 88 87 87 35 35 34 34 88 88 34 34 89 89 88 88 34 34 25 25 89 89 25 25 90 90 89 89 25 25 24 24 90 90 24 24 91 91 90 90 24 24 15 15 91 91 15 15 92 92 91 91 15 15 14 14 92 92 14 14 93 93 92 92 14 14 5 5 93 93 5 5 94 94 93 93 5 5 4 4 94 94 4 4 95 95 94 94 329 329 315 315 97 97 315 315 96 96 97 97 328 328 329 329 98 98 329 329 97 97 98 98 327 327 328 328 99 99 328 328 98 98 99 99 326 326 327 327 100 100 327 327 99 99 100 100 325 325 326 326 101 101 326 326 100 100 101 101 324 324 325 325 102 102 325 325 101 101 102 102 323 323 324 324 103 103 324 324 102 102 103 103 322 322 323 323 104 104 323 323 103 103 104 104 321 321 322 322 105 105 322 322 104 104 105 105 320 320 321 321 106 106 321 321 105 105 106 106 319 319 320 320 107 107 320 320 106 106 107 107 318 318 319 319 108 108 319 319 107 107 108 108 317 317 318 318 109 109 318 318 108 108 109 109 316 316 317 317 110 110 317 317 109 109 110 110 314 314 316 316 111 111 316 316 110 110 111 111 315 315 314 314 96 96 314 314 111 111 96 96 330 330 345 345 112 112 345 345 344 344 112 112 344 344 343 343 112 112 343 343 342 342 112 112 342 342 341 341 112 112 341 341 340 340 112 112 340 340 339 339 112 112 339 339 338 338 112 112 338 338 337 337 112 112 337 337 336 336 112 112 336 336 335 335 112 112 335 335 334 334 112 112 334 334 333 333 112 112 333 333 332 332 112 112 332 332 331 331 112 112 331 331 330 330 112 112 113 113 129 129 114 114 129 129 130 130 114 114 114 114 130 130 115 115 130 130 131 131 115 115 115 115 131 131 116 116 131 131 132 132 116 116 116 116 132 132 117 117 132 132 133 133 117 117 117 117 133 133 118 118 133 133 134 134 118 118 118 118 134 134 119 119 134 134 135 135 119 119 119 119 135 135 120 120 135 135 136 136 120 120 120 120 136 136 121 121 136 136 137 137 121 121 121 121 137 137 122 122 137 137 138 138 122 122 122 122 138 138 123 123 138 138 139 139 123 123 123 123 139 139 124 124 139 139 140 140 124 124 124 124 140 140 125 125 140 140 141 141 125 125 125 125 141 141 126 126 141 141 142 142 126 126 126 126 142 142 127 127 142 142 143 143 127 127 127 127 143 143 128 128 143 143 144 144 128 128 129 129 113 113 144 144 113 113 128 128 144 144 145 145 166 166 146 146 166 166 167 167 146 146 146 146 167 167 147 147 167 167 168 168 147 147 147 147 168 168 148 148 168 168 184 184 148 148 148 148 184 184 149 149 184 184 183 183 149 149 149 149 183 183 150 150 183 183 178 178 150 150 150 150 178 178 151 151 178 178 177 177 151 151 151 151 177 177 152 152 177 177 204 204 152 152 152 152 204 204 153 153 204 204 203 203 153 153 153 153 203 203 154 154 203 203 169 169 154 154 154 154 169 169 155 155 169 169 170 170 155 155 155 155 170 170 156 156 170 170 171 171 156 156 156 156 171 171 157 157 171 171 172 172 157 157 157 157 172 172 158 158 172 172 173 173 158 158 158 158 173 173 159 159 173 173 174 174 159 159 159 159 174 174 160 160 174 174 195 195 160 160 160 160 195 195 161 161 195 195 194 194 161 161 166 166 145 145 364 364 145 145 165 165 364 364 176 176 177 177 179 179 177 177 178 178 179 179 175 175 176 176 180 180 176 176 179 179 180 180 207 207 175 175 180 180 207 207 180 180 181 181 180 180 179 179 181 181 179 179 182 182 181 181 179 179 178 178 182 182 178 178 183 183 182 182 182 182 183 183 185 185 183 183 184 184 185 185 181 181 182 182 186 186 182 182 185 185 186 186 207 207 181 181 186 186 207 207 186 186 187 187 186 186 185 185 187 187 185 185 188 188 187 187 185 185 184 184 188 188 184 184 168 168 188 188 188 188 168 168 189 189 168 168 167 167 189 189 187 187 188 188 189 189 189 189 167 167 166 166 196 196 172 172 171 171 197 197 196 196 198 198 196 196 171 171 198 198 171 171 170 170 198 198 198 198 170 170 199 199 170 170 169 169 199 199 197 197 198 198 200 200 198 198 199 199 200 200 207 207 197 197 200 200 207 207 200 200 201 201 200 200 199 199 201 201 199 199 202 202 201 201 199 199 169 169 202 202 169 169 203 203 202 202 202 202 203 203 205 205 203 203 204 204 205 205 201 201 202 202 206 206 202 202 205 205 206 206 207 207 201 201 206 206 207 207 206 206 175 175 206 206 205 205 175 175 205 205 176 176 175 175 205 205 204 204 176 176 204 204 177 177 176 176 208 208 145 145 209 209 145 145 146 146 209 209 209 209 146 146 210 210 146 146 147 147 210 210 210 210 147 147 211 211 147 147 148 148 211 211 211 211 148 148 212 212 148 148 149 149 212 212 212 212 149 149 213 213 149 149 150 150 213 213 213 213 150 150 214 214 150 150 151 151 214 214 214 214 151 151 215 215 151 151 152 152 215 215 215 215 152 152 216 216 152 152 153 153 216 216 216 216 153 153 217 217 153 153 154 154 217 217 217 217 154 154 218 218 154 154 155 155 218 218 218 218 155 155 219 219 155 155 156 156 219 219 219 219 156 156 220 220 156 156 157 157 220 220 220 220 157 157 221 221 157 157 158 158 221 221 221 221 158 158 222 222 158 158 159 159 222 222 222 222 159 159 223 223 159 159 160 160 223 223 223 223 160 160 224 224 160 160 161 161 224 224 224 224 161 161 225 225 161 161 232 232 225 225 225 225 232 232 226 226 232 232 233 233 226 226 226 226 233 233 227 227 233 233 162 162 227 227 227 227 162 162 228 228 162 162 163 163 228 228 228 228 163 163 229 229 163 163 234 234 229 229 229 229 234 234 230 230 234 234 164 164 230 230 230 230 164 164 231 231 164 164 165 165 231 231 145 145 208 208 165 165 208 208 231 231 165 165 394 394 371 371 235 235 371 371 258 258 235 235 393 393 394 394 236 236 394 394 235 235 236 236 392 392 393 393 237 237 393 393 236 236 237 237 391 391 392 392 238 238 392 392 237 237 238 238 390 390 391 391 239 239 391 391 238 238 239 239 389 389 390 390 240 240 390 390 239 239 240 240 388 388 389 389 241 241 389 389 240 240 241 241 387 387 388 388 242 242 388 388 241 241 242 242 386 386 387 387 243 243 387 387 242 242 243 243 385 385 386 386 244 244 386 386 243 243 244 244 384 384 385 385 245 245 385 385 244 244 245 245 383 383 384 384 246 246 384 384 245 245 246 246 382 382 383 383 247 247 383 383 246 246 247 247 381 381 382 382 248 248 382 382 247 247 248 248 380 380 381 381 249 249 381 381 248 248 249 249 379 379 380 380 250 250 380 380 249 249 250 250 378 378 379 379 251 251 379 379 250 250 251 251 377 377 378 378 252 252 378 378 251 251 252 252 376 376 377 377 253 253 377 377 252 252 253 253 375 375 376 376 254 254 376 376 253 253 254 254 374 374 375 375 255 255 375 375 254 254 255 255 373 373 374 374 256 256 374 374 255 255 256 256 372 372 373 373 257 257 373 373 256 256 257 257 371 371 372 372 258 258 372 372 257 257 258 258 396 396 418 418 259 259 418 418 260 260 259 259 418 418 417 417 260 260 417 417 261 261 260 260 417 417 416 416 261 261 416 416 262 262 261 261 416 416 415 415 262 262 415 415 263 263 262 262 415 415 414 414 263 263 414 414 264 264 263 263 414 414 413 413 264 264 413 413 265 265 264 264 413 413 412 412 265 265 412 412 266 266 265 265 412 412 411 411 266 266 411 411 267 267 266 266 411 411 410 410 267 267 410 410 268 268 267 267 410 410 409 409 268 268 409 409 269 269 268 268 409 409 408 408 269 269 408 408 270 270 269 269 408 408 407 407 270 270 407 407 271 271 270 270 407 407 406 406 271 271 406 406 272 272 271 271 406 406 405 405 272 272 405 405 273 273 272 272 405 405 404 404 273 273 404 404 274 274 273 273 404 404 403 403 274 274 403 403 275 275 274 274 403 403 402 402 275 275 402 402 276 276 275 275 402 402 401 401 276 276 401 401 277 277 276 276 401 401 400 400 277 277 400 400 278 278 277 277 400 400 399 399 278 278 399 399 279 279 278 278 399 399 398 398 279 279 398 398 280 280 279 279 398 398 397 397 280 280 397 397 281 281 280 280 397 397 395 395 281 281 395 395 282 282 281 281 395 395 396 396 282 282 396 396 259 259 282 282 442 442 419 419 283 283 441 441 442 442 283 283 440 440 441 441 283 283 439 439 440 440 283 283 438 438 439 439 283 283 437 437 438 438 283 283 436 436 437 437 283 283 435 435 436 436 283 283 434 434 435 435 283 283 433 433 434 434 283 283 432 432 433 433 283 283 431 431 432 432 283 283 430 430 431 431 283 283 429 429 430 430 283 283 428 428 429 429 283 283 427 427 428 428 283 283 426 426 427 427 283 283 425 425 426 426 283 283 424 424 425 425 283 283 423 423 424 424 283 283 422 422 423 423 283 283 421 421 422 422 283 283 420 420 421 421 283 283 419 419 420 420 283 283 284 284 193 193 233 233 193 193 162 162 233 233 193 193 284 284 192 192 284 284 285 285 192 192 287 287 190 190 286 286 190 190 191 191 286 286 190 190 287 287 366 366 287 287 288 288 366 366 366 366 288 288 369 369 288 288 289 289 369 369 369 369 289 289 367 367 289 289 290 290 367 367 367 367 290 290 368 368 194 194 291 291 161 161 291 291 232 232 161 161 291 291 284 284 232 232 284 284 233 233 232 232 284 284 291 291 285 285 291 291 292 292 285 285 291 291 194 194 292 292 194 194 195 195 292 292 174 174 293 293 195 195 293 293 292 292 195 195 293 293 286 286 292 292 286 286 285 285 292 292 363 363 294 294 174 174 294 294 293 293 174 174 294 294 287 287 293 293 287 287 286 286 293 293 287 287 294 294 288 288 294 294 295 295 288 288 294 294 363 363 295 295 363 363 362 362 295 295 288 288 295 295 289 289 295 295 296 296 289 289 295 295 362 362 296 296 362 362 365 365 296 296 289 289 296 296 290 290 296 296 297 297 290 290 296 296 365 365 297 297 365 365 370 370 297 297 290 290 297 297 368 368 297 297 370 370 368 368 191 191 192 192 286 286 192 192 285 285 286 286 164 164 191 191 165 165 191 191 364 364 165 165 164 164 234 234 191 191 234 234 192 192 191 191 163 163 193 193 234 234 193 193 192 192 234 234 162 162 193 193 163 163 348 348 300 300 347 347 300 300 301 301 347 347 347 347 301 301 346 346 301 301 302 302 346 346 348 348 349 349 300 300 349 349 299 299 300 300 305 305 359 359 304 304 359 359 360 360 304 304 306 306 358 358 305 305 358 358 359 359 305 305 349 349 350 350 299 299 350 350 298 298 299 299 307 307 357 357 306 306 357 357 358 358 306 306 352 352 312 312 351 351 312 312 313 313 351 351 351 351 313 313 350 350 313 313 298 298 350 350 353 353 311 311 352 352 311 311 312 312 352 352 354 354 310 310 353 353 310 310 311 311 353 353 308 308 356 356 307 307 356 356 357 357 307 307 310 310 354 354 309 309 354 354 355 355 309 309 309 309 355 355 308 308 355 355 356 356 308 308 303 303 361 361 302 302 361 361 346 346 302 302 304 304 360 360 303 303 360 360 361 361 303 303</p>
				</triangles>
			</mesh>
		</geometry>
		<geometry id="970009BA-1C4B-4301-AD1F-770D3F6984AC-mesh" name="970009BA-1C4B-4301-AD1F-770D3F6984AC">
			<mesh>
				<source id="970009BA-1C4B-4301-AD1F-770D3F6984AC-mesh-positions">
					<float_array id="970009BA-1C4B-4301-AD1F-770D3F6984AC-mesh-positions-array" count="942">-1.4 1.517 -1.967 -1.293 0.989 -1.874 -0.99 0.542 -1.795 -0.536 0.243 -1.742 0 0.138 -1.724 0.536 0.243 -1.742 0.99 0.542 -1.795 1.293 0.989 -1.874 1.4 1.517 -1.967 1.293 2.044 -2.06 0.99 2.384 -2.139 0.536 2.384 -2.191 0 2.384 -2.21 -0.536 2.384 -2.191 -0.99 2.384 -2.139 -1.293 2.044 -2.06 -1.4 1.201 -3.755 -1.293 0.674 -3.662 -0.99 0.226 -3.583 -0.536 -0.072 -3.53 0 -0.177 -3.512 0.536 -0.072 -3.53 0.99 0.226 -3.583 1.293 0.674 -3.662 1.4 1.201 -3.755 1.293 1.729 -3.848 0.99 2.176 -3.927 0.536 2.384 -3.979 0 2.384 -3.998 -0.536 2.384 -3.979 -0.99 2.176 -3.927 -1.293 1.729 -3.848 0 1.517 -1.967 -1.109 1.654 -3.835 -0.849 2.037 -3.902 -0.459 2.294 -3.947 0 2.384 -3.963 0.459 2.294 -3.947 0.849 2.037 -3.902 1.109 1.654 -3.835 1.201 1.201 -3.755 1.109 0.749 -3.675 0.849 0.365 -3.607 0.459 0.109 -3.562 0 0.019 -3.546 -0.459 0.109 -3.562 -0.849 0.365 -3.607 -1.109 0.749 -3.675 -1.201 1.201 -3.755 -1.201 0.331 -8.481 -1.109 -0.121 -8.481 -0.849 -0.505 -8.481 -0.459 -0.761 -8.481 0 -0.851 -8.481 0.459 -0.761 -8.481 0.849 -0.505 -8.481 1.109 -0.121 -8.481 1.201 0.331 -8.481 1.109 0.784 -8.481 0.849 1.167 -8.481 0.459 1.424 -8.481 0 1.514 -8.481 -0.459 1.424 -8.481 -0.849 1.167 -8.481 -1.109 0.784 -8.481 0 0.331 -8.481 -1.6 0 -0.006 -1.545 0 -0.42 -1.386 0 -0.806 -1.131 0 -1.137 -0.8 0 -1.391 -0.414 0 -1.551 0 0 -1.606 0.414 0 -1.551 0.8 0 -1.391 1.131 0 -1.137 1.386 0 -0.806 1.545 0 -0.42 1.6 0 -0.006 1.545 0.069 0.408 1.545 0.22 0.794 -1.545 0.22 0.794 -1.545 0.069 0.408 -2.5 0 -0.006 -2.415 0 -0.653 -2.165 0 -1.256 -1.768 0 -1.774 -1.25 0 -2.171 -0.647 0 -2.421 0 0 -2.506 0.647 0 -2.421 1.25 0 -2.171 1.768 0 -1.774 2.165 0 -1.256 2.415 0 -0.653 2.5 0 -0.006 2.415 0.143 0.641 2.165 0.534 1.244 1.545 2 1.894 -1.545 2 1.894 -2.165 0.534 1.244 -2.415 0.143 0.641 -2.415 4.4 0.641 -2.165 4.4 1.244 -1.545 4.4 1.894 1.545 4.4 1.894 2.165 4.4 1.244 2.415 4.4 0.641 2.5 4.4 -0.006 2.415 4.4 -0.653 2.165 4.4 -1.256 1.768 4.4 -1.774 1.25 4.4 -2.171 0.647 4.4 -2.421 0 4.4 -2.506 -0.647 4.4 -2.421 -1.25 4.4 -2.171 -1.768 4.4 -1.774 -2.165 4.4 -1.256 -2.415 4.4 -0.653 -2.5 4.4 -0.006 -1.545 4.4 0.408 -1.545 4.4 0.794 1.545 4.4 0.794 1.545 4.4 0.408 1.6 4.4 -0.006 1.545 4.4 -0.42 1.386 4.4 -0.806 1.131 4.4 -1.137 0.8 4.4 -1.391 0.414 4.4 -1.551 0 4.4 -1.606 -0.414 4.4 -1.551 -0.8 4.4 -1.391 -1.131 4.4 -1.137 -1.386 4.4 -0.806 -1.545 4.4 -0.42 -1.6 4.4 -0.006 1.855 0.915 1.569 1.855 4.4 1.569 -1.855 0.915 1.569 -1.855 4.4 1.569 -1.545 0.632 1.344 -1.545 4.4 1.344 1.545 0.632 1.344 1.545 4.4 1.344 1.626 1.457 1.809 1.7 4.4 1.732 1.545 1.316 1.773 1.545 4.4 1.619 -1.545 1.316 1.773 -1.545 4.4 1.619 -1.626 1.457 1.809 -1.7 4.4 1.732 -1.4 1.517 -1.967 -1.293 2.044 -2.06 -0.99 2.384 -2.139 -0.99 2.384 -2.139 -0.536 2.384 -2.191 0 2.384 -2.21 0.536 2.384 -2.191 0.99 2.384 -2.139 0.99 2.384 -2.139 1.293 2.044 -2.06 1.4 1.517 -1.967 1.293 0.989 -1.874 0.99 0.542 -1.795 0.536 0.243 -1.742 0 0.138 -1.724 -0.536 0.243 -1.742 -0.99 0.542 -1.795 -1.293 0.989 -1.874 0.99 2.176 -3.927 0.99 2.176 -3.927 1.293 1.729 -3.848 1.4 1.201 -3.755 1.293 0.674 -3.662 0.99 0.226 -3.583 0.536 -0.072 -3.53 0 -0.177 -3.512 -0.536 -0.072 -3.53 -0.99 0.226 -3.583 -1.293 0.674 -3.662 -1.4 1.201 -3.755 -1.293 1.729 -3.848 -0.99 2.176 -3.927 -0.99 2.176 -3.927 -0.536 2.384 -3.979 0 2.384 -3.998 0.536 2.384 -3.979 -1.109 1.654 -3.835 -0.849 2.037 -3.902 -0.459 2.294 -3.947 0 2.384 -3.963 0.459 2.294 -3.947 0.849 2.037 -3.902 1.109 1.654 -3.835 1.201 1.201 -3.755 1.109 0.749 -3.675 0.849 0.365 -3.607 0.459 0.109 -3.562 0 0.019 -3.546 -0.459 0.109 -3.562 -0.849 0.365 -3.607 -1.109 0.749 -3.675 -1.201 1.201 -3.755 -1.201 0.331 -8.481 -1.109 0.784 -8.481 -0.849 1.167 -8.481 -0.459 1.424 -8.481 0 1.514 -8.481 0.459 1.424 -8.481 0.849 1.167 -8.481 1.109 0.784 -8.481 1.201 0.331 -8.481 1.109 -0.121 -8.481 0.849 -0.505 -8.481 0.459 -0.761 -8.481 0 -0.851 -8.481 -0.459 -0.761 -8.481 -0.849 -0.505 -8.481 -1.109 -0.121 -8.481 -1.6 0 -0.006 -1.545 0.069 0.408 -1.545 0.22 0.794 -1.545 0.632 1.344 -1.545 1.316 1.773 -1.545 2 1.894 -1.545 2 1.894 -1.545 4.4 1.894 -1.545 4.4 1.894 -1.545 4.4 1.619 -1.545 4.4 1.344 -1.545 4.4 0.794 -1.545 4.4 0.408 -1.6 4.4 -0.006 -1.545 4.4 -0.42 -1.386 4.4 -0.806 -1.131 4.4 -1.137 -0.8 4.4 -1.391 -0.414 4.4 -1.551 0 4.4 -1.606 0.414 4.4 -1.551 0.8 4.4 -1.391 1.131 4.4 -1.137 1.386 4.4 -0.806 1.545 4.4 -0.42 1.6 4.4 -0.006 1.545 4.4 0.408 1.545 4.4 0.794 1.545 4.4 1.344 1.545 4.4 1.619 1.545 4.4 1.894 1.545 4.4 1.894 1.545 2 1.894 1.545 2 1.894 1.626 1.457 1.809 1.855 0.915 1.569 2.165 0.534 1.244 2.415 0.143 0.641 2.5 0 -0.006 2.415 0 -0.653 2.165 0 -1.256 1.768 0 -1.774 1.25 0 -2.171 0.647 0 -2.421 0 0 -2.506 -0.647 0 -2.421 -1.25 0 -2.171 -1.768 0 -1.774 -2.165 0 -1.256 -2.415 0 -0.653 -2.5 0 -0.006 -2.415 0.143 0.641 -2.165 0.534 1.244 -1.855 0.915 1.569 -1.626 1.457 1.809 1.545 1.316 1.773 1.545 0.632 1.344 1.545 0.22 0.794 1.545 0.069 0.408 1.6 0 -0.006 1.545 0 -0.42 1.386 0 -0.806 1.131 0 -1.137 0.8 0 -1.391 0.414 0 -1.551 0 0 -1.606 -0.414 0 -1.551 -0.8 0 -1.391 -1.131 0 -1.137 -1.386 0 -0.806 -1.545 0 -0.42 1.7 4.4 1.732 1.855 4.4 1.569 2.165 4.4 1.244 2.415 4.4 0.641 2.5 4.4 -0.006 2.415 4.4 -0.653 2.165 4.4 -1.256 1.768 4.4 -1.774 1.25 4.4 -2.171 0.647 4.4 -2.421 0 4.4 -2.506 -0.647 4.4 -2.421 -1.25 4.4 -2.171 -1.768 4.4 -1.774 -2.165 4.4 -1.256 -2.415 4.4 -0.653 -2.5 4.4 -0.006 -2.415 4.4 0.641 -2.165 4.4 1.244 -1.855 4.4 1.569 -1.7 4.4 1.732</float_array>
					<technique_common>
						<accessor source="#970009BA-1C4B-4301-AD1F-770D3F6984AC-mesh-positions-array" count="314" stride="3">
							<param name="X" type="float"/>
							<param name="Y" type="float"/>
							<param name="Z" type="float"/>
						</accessor>
					</technique_common>
				</source>
				<source id="970009BA-1C4B-4301-AD1F-770D3F6984AC-mesh-normals">
					<float_array id="970009BA-1C4B-4301-AD1F-770D3F6984AC-mesh-normals-array" count="942">0 0.17362 0.9848 0 0.17362 0.9848 0 0.17362 0.9848 0 0.17362 0.9848 0 0.17362 0.9848 0 0.17362 0.9848 0 0.17362 0.9848 0 0.17362 0.9848 0 0.17362 0.9848 -0.00775 0.19205 0.98132 -0.04691 0.24543 0.96826 -0.08411 0.29817 0.95077 0 0.26987 0.96289 0.08411 0.29817 0.95077 0.04691 0.24543 0.96826 0.00775 0.19205 0.98132 -1 0 0 -0.92386 -0.37684 0.06644 -0.70708 -0.69634 0.12278 -0.38267 -0.90982 0.16041 0 -0.9848 0.17362 0.38267 -0.90982 0.16041 0.70708 -0.69634 0.12278 0.92386 -0.37684 0.06644 1 0 0 0.91217 0.40501 -0.0622 0.7972 0.59731 -0.08734 0.10996 0.99356 -0.02713 0 1 0 -0.10996 0.99356 -0.02713 -0.7972 0.59731 -0.08734 -0.91217 0.40501 -0.0622 0 0.20811 0.97809 0 -0.17362 -0.9848 0.00626 -0.20096 -0.97955 0.01981 -0.44063 -0.89746 0 -0.58043 -0.81429 -0.01981 -0.44063 -0.89746 -0.00626 -0.20096 -0.97955 0 -0.17362 -0.9848 0 -0.17362 -0.9848 0 -0.17362 -0.9848 0 -0.17362 -0.9848 0 -0.17362 -0.9848 0 -0.17362 -0.9848 0 -0.17362 -0.9848 0 -0.17362 -0.9848 0 -0.17362 -0.9848 0 -0.17362 -0.9848 -0.99972 -0.02258 0.00385 -0.9136 -0.4001 0.07218 -0.69085 -0.71172 0.12702 -0.37037 -0.91464 0.16196 0 -0.98474 0.17389 0.37037 -0.91464 0.16196 0.69085 -0.71172 0.12702 0.9136 -0.4001 0.07218 0.99973 -0.02258 0.00385 0.92984 0.36161 -0.06787 0.71307 0.68874 -0.13083 0.38569 0.90613 -0.17365 0 0.98199 -0.18882 -0.38569 0.9061 -0.17365 -0.71306 0.68874 -0.1308 -0.92984 0.36161 -0.06787 0 0 -1 -0.00729 -0.99499 0.0994 0 -1 0 0 -1 0 0 -1 0 0 -1 0 0 -1 0 0 -1 0 0 -0.99997 0 0 -1 0 0 -1 0 0 -1 0 0 -1 0 0.00729 -0.99499 0.0994 0.01135 -0.94601 0.32383 0.00244 -0.84454 0.53545 0.99997 0 -0.00082 -0.01135 -0.94601 0.32383 -0.00729 -0.99499 0.09955 0 -1 0 0 -1 0 0 -1 0 0 -1 0 0 -1 0 0 -1 0 0 -1 0 0 -1 0 0 -1 0 0 -1 0 0 -1 0 0.00729 -0.99499 0.09955 0.01074 -0.93768 0.3473 -0.00281 -0.80227 0.59691 0.72414 -0.00006 0.68963 1 0 0 -0.87783 0 0.47893 -0.01074 -0.93768 0.3473 -0.96591 0 0.2588 -0.83795 0 0.54573 1 0 0 0.72414 -0.00006 0.68963 0.83795 0 0.54573 0.96591 0 0.2588 1 0 0 0.96591 0 -0.2588 0.86602 0 -0.49998 0.70708 0 -0.70708 0.49999 0 -0.86602 0.2588 0 -0.96591 0 0 -1 -0.2588 0 -0.96591 -0.49998 0 -0.86602 -0.70708 0 -0.70708 -0.86602 0 -0.49998 -0.96591 0 -0.2588 -1 0 0 0.9978 0 -0.06601 0.99997 0 -0.00061 -0.99997 0 -0.00061 -0.9978 0 -0.06601 -0.99997 0 0 -0.96591 0 0.2588 -0.86602 0 0.49999 -0.70708 0 0.70708 -0.49998 0 0.86602 -0.2588 0 0.96591 0 0 1 0.2588 0 0.96591 0.49999 0 0.86602 0.70708 0 0.70708 0.86602 0 0.49999 0.96591 0 0.2588 1 0 0 0.72347 0 0.69033 0.72335 0 0.69045 -0.72347 0 0.69033 -0.72335 0 0.69045 1 0 0 0.99997 0 0 -1 0 0 -1 0 0 0.72323 -0.00003 0.6906 0.72362 -0.00003 0.69018 -1 0 0 -1 0 0 1 0 0 1 0 0 -0.72323 -0.00003 0.6906 -0.72362 -0.00003 0.69018 -0.99997 0 0 -0.91339 0.4023 -0.06183 -0.7972 0.59731 -0.08734 -0.2288 0.97183 -0.05643 -0.12055 0.99225 -0.02972 0 1 0 0.12055 0.99225 -0.02972 0.2288 0.97183 -0.05643 0.7972 0.59731 -0.08734 0.91339 0.4023 -0.06183 1 0 0 0.92386 -0.37684 0.06644 0.70708 -0.69634 0.12278 0.38267 -0.90982 0.16041 0 -0.9848 0.17362 -0.38267 -0.90982 0.16041 -0.70708 -0.69634 0.12278 -0.92386 -0.37684 0.06644 -0.00589 -0.19938 -0.97989 0.2288 0.97183 -0.05643 0 -0.17362 -0.9848 0 -0.17362 -0.9848 0 -0.17362 -0.9848 0 -0.17362 -0.9848 0 -0.17362 -0.9848 0 -0.17362 -0.9848 0 -0.17362 -0.9848 0 -0.17362 -0.9848 0 -0.17362 -0.9848 0 -0.17362 -0.9848 0 -0.17362 -0.9848 0.00589 -0.19938 -0.97989 -0.2288 0.97183 -0.05643 0.01679 -0.35206 -0.93579 0 -0.58043 -0.81429 -0.01679 -0.35206 -0.93579 -0.92135 0.38203 -0.07175 -0.70089 0.70071 -0.13315 -0.37712 0.90957 -0.17435 0 0.98199 -0.18882 0.37712 0.90957 -0.17435 0.70089 0.70071 -0.13315 0.92132 0.38203 -0.07175 0.99997 0.00089 -0.00046 0.92212 -0.38072 0.06873 0.70217 -0.70089 0.12513 0.37809 -0.91156 0.16144 0 -0.98474 0.17389 -0.37809 -0.91156 0.16144 -0.70217 -0.70089 0.12513 -0.92212 -0.38075 0.06873 -0.99997 0.00089 -0.00046 0 0 -1 0 0 -0.99997 0 0 -1 0 0 -1 0 0 -1 0 0 -1 0 0 -1 0 0 -1 0 0 -1 0 0 -1 0 0 -1 0.00015 0.00006 -1 0 0.00012 -1 -0.00015 0.00006 -1 0 0 -1 0 0 -1 0.99997 0 0.00726 0.99695 0 -0.07785 -0.00244 -0.84454 0.53545 0.01965 -0.69021 0.72332 0.06562 -0.4369 0.89709 0.12503 -0.17234 0.97705 -0.72411 -0.00006 0.68963 0 1 0 -0.72411 -0.00006 0.68963 0 1 0 0 0.99997 0 0 1 0 0 0.99997 0 0 1 0 0 0.99997 0 0 0.99997 0 0 1 0 0 1 0 0 1 0 0 1 0 0 1 0 0 1 0 0 1 0 0 1 0 0 1 0 0 1 0 0 1 0 0 1 0 0 1 0 0 0.99997 0 0 1 0 -1 0 0 -0.125 -0.17234 0.97705 -1 0 0 -0.10724 -0.25791 0.96017 -0.03687 -0.59163 0.80532 0.87783 0 0.47893 0.97443 0 0.22459 0.99994 0 -0.00967 0.96591 0 -0.2588 0.86602 0 -0.49998 0.70708 0 -0.70708 0.49999 0 -0.86602 0.2588 0 -0.96591 0 0 -1 -0.2588 0 -0.96591 -0.49998 0 -0.86602 -0.70708 0 -0.70708 -0.86602 0 -0.49998 -0.96591 0 -0.2588 -0.99994 0 -0.00967 -0.97442 0 0.22459 0.00281 -0.80227 0.59691 0.03687 -0.59163 0.80532 0.10724 -0.25791 0.96017 -0.06562 -0.4369 0.89709 -0.01965 -0.69021 0.72332 -0.99997 0 -0.00082 -0.99695 0 -0.07785 -0.99997 0 0.00726 -0.96591 0 0.2588 -0.86602 0 0.49999 -0.70708 0 0.70708 -0.49998 0 0.86602 -0.2588 0 0.96591 0 0 1 0.2588 0 0.96591 0.49999 0 0.86602 0.70708 0 0.70708 0.86602 0 0.49999 0.96591 0 0.2588 0 0.99997 0 0 1 0 0 1 0 0 1 0 0 1 0 0 1 0 0 1 0 0 1 0 0 0.99997 0 0 1 0 0 1 0 0 1 0 0 1 0 0 1 0 0 1 0 0 1 0 0 1 0 0 1 0 0 1 0 0 1 0 0 1 0</float_array>
					<technique_common>
						<accessor source="#970009BA-1C4B-4301-AD1F-770D3F6984AC-mesh-normals-array" count="314" stride="3">
							<param name="X" type="float"/>
							<param name="Y" type="float"/>
							<param name="Z" type="float"/>
						</accessor>
					</technique_common>
				</source>
				<vertices id="970009BA-1C4B-4301-AD1F-770D3F6984AC-mesh-vertices">
					<input semantic="POSITION" source="#970009BA-1C4B-4301-AD1F-770D3F6984AC-mesh-positions"/>
				</vertices>
				<triangles material="MB|26-material" count="300">
					<input semantic="VERTEX" source="#970009BA-1C4B-4301-AD1F-770D3F6984AC-mesh-vertices" offset="0"/>
					<input semantic="NORMAL" source="#970009BA-1C4B-4301-AD1F-770D3F6984AC-mesh-normals" offset="1"/>
					<p>32 32 0 0 1 1 32 32 1 1 2 2 32 32 2 2 3 3 32 32 3 3 4 4 32 32 4 4 5 5 32 32 5 5 6 6 32 32 6 6 7 7 32 32 7 7 8 8 32 32 8 8 9 9 32 32 9 9 10 10 32 32 10 10 11 11 32 32 11 11 12 12 32 32 12 12 13 13 32 32 13 13 14 14 32 32 14 14 15 15 15 15 0 0 32 32 154 154 16 16 171 171 16 16 17 17 171 171 171 171 17 17 170 170 17 17 18 18 170 170 170 170 18 18 169 169 18 18 19 19 169 169 169 169 19 19 168 168 19 19 20 20 168 168 168 168 20 20 167 167 20 20 21 21 167 167 167 167 21 21 166 166 21 21 22 22 166 166 166 166 22 22 165 165 22 22 23 23 165 165 165 165 23 23 164 164 23 23 24 24 164 164 164 164 24 24 163 163 24 24 25 25 163 163 163 163 25 25 162 162 25 25 26 26 162 162 161 161 173 173 160 160 173 173 27 27 160 160 160 160 27 27 159 159 27 27 28 28 159 159 159 159 28 28 158 158 28 28 29 29 158 158 158 158 29 29 157 157 29 29 186 186 157 157 156 156 30 30 155 155 30 30 31 31 155 155 16 16 154 154 31 31 154 154 155 155 31 31 183 183 184 184 48 48 184 184 33 33 48 48 184 184 185 185 33 33 185 185 34 34 33 33 185 185 187 187 34 34 187 187 35 35 34 34 187 187 188 188 35 35 188 188 36 36 35 35 188 188 189 189 36 36 189 189 37 37 36 36 189 189 172 172 37 37 172 172 38 38 37 37 172 172 174 174 38 38 174 174 39 39 38 38 174 174 175 175 39 39 175 175 40 40 39 39 175 175 176 176 40 40 176 176 41 41 40 40 176 176 177 177 41 41 177 177 42 42 41 41 177 177 178 178 42 42 178 178 43 43 42 42 178 178 179 179 43 43 179 179 44 44 43 43 179 179 180 180 44 44 180 180 45 45 44 44 180 180 181 181 45 45 181 181 46 46 45 45 181 181 182 182 46 46 182 182 47 47 46 46 182 182 183 183 47 47 183 183 48 48 47 47 204 204 205 205 50 50 205 205 49 49 50 50 203 203 204 204 51 51 204 204 50 50 51 51 202 202 203 203 52 52 203 203 51 51 52 52 201 201 202 202 53 53 202 202 52 52 53 53 200 200 201 201 54 54 201 201 53 53 54 54 199 199 200 200 55 55 200 200 54 54 55 55 198 198 199 199 56 56 199 199 55 55 56 56 197 197 198 198 57 57 198 198 56 56 57 57 196 196 197 197 58 58 197 197 57 57 58 58 195 195 196 196 59 59 196 196 58 58 59 59 194 194 195 195 60 60 195 195 59 59 60 60 193 193 194 194 61 61 194 194 60 60 61 61 192 192 193 193 62 62 193 193 61 61 62 62 191 191 192 192 63 63 192 192 62 62 63 63 190 190 191 191 64 64 191 191 63 63 64 64 205 205 190 190 49 49 190 190 64 64 49 49 206 206 207 207 65 65 207 207 208 208 65 65 208 208 209 209 65 65 209 209 210 210 65 65 210 210 211 211 65 65 211 211 212 212 65 65 212 212 213 213 65 65 213 213 214 214 65 65 214 214 215 215 65 65 215 215 216 216 65 65 216 216 217 217 65 65 217 217 218 218 65 65 218 218 219 219 65 65 219 219 220 220 65 65 220 220 221 221 65 65 221 221 206 206 65 65 71 71 88 88 72 72 88 88 89 89 72 72 70 70 87 87 71 71 87 87 88 88 71 71 69 69 86 86 70 70 86 86 87 87 70 70 68 68 85 85 69 69 85 85 86 86 69 69 67 67 84 84 68 68 84 84 85 85 68 68 66 66 83 83 67 67 83 83 84 84 67 67 66 66 82 82 83 83 82 82 101 101 83 83 224 224 274 274 82 82 274 274 101 101 82 82 72 72 89 89 73 73 89 89 90 90 73 73 73 73 90 90 74 74 90 90 91 91 74 74 74 74 91 91 75 75 91 91 92 92 75 75 75 75 92 92 76 76 92 92 93 93 76 76 76 76 93 93 77 77 93 93 94 94 77 77 77 77 94 94 78 78 94 94 95 95 78 78 78 78 95 95 79 79 95 95 96 96 79 79 79 79 96 96 80 80 96 96 97 97 80 80 272 272 273 273 120 120 273 273 102 102 120 120 273 273 100 100 102 102 100 100 103 103 102 102 258 258 259 259 106 106 259 259 107 107 106 106 259 259 260 260 107 107 260 260 108 108 107 107 260 260 261 261 108 108 261 261 109 109 108 108 261 261 262 262 109 109 262 262 110 110 109 109 262 262 263 263 110 110 263 263 111 111 110 110 263 263 264 264 111 111 264 264 112 112 111 111 264 264 265 265 112 112 265 265 113 113 112 112 265 265 266 266 113 113 266 266 114 114 113 113 266 266 267 267 114 114 267 267 115 115 114 114 267 267 268 268 115 115 268 268 116 116 115 115 268 268 269 269 116 116 269 269 117 117 116 116 269 269 270 270 117 117 270 270 118 118 117 117 270 270 271 271 118 118 271 271 119 119 118 118 271 271 272 272 119 119 272 272 120 120 119 119 223 223 222 222 121 121 222 222 137 137 121 121 81 81 223 223 122 122 223 223 121 121 122 122 280 280 279 279 124 124 279 279 123 123 124 124 281 281 280 280 125 125 280 280 124 124 125 125 282 282 281 281 126 126 281 281 125 125 126 126 283 283 282 282 127 127 282 282 126 126 127 127 284 284 283 283 128 128 283 283 127 127 128 128 285 285 284 284 129 129 284 284 128 128 129 129 286 286 285 285 130 130 285 285 129 129 130 130 287 287 286 286 131 131 286 286 130 130 131 131 288 288 287 287 132 132 287 287 131 131 132 132 289 289 288 288 133 133 288 288 132 132 133 133 290 290 289 289 134 134 289 289 133 133 134 134 291 291 290 290 135 135 290 290 134 134 135 135 292 292 291 291 136 136 291 291 135 135 136 136 222 222 292 292 137 137 292 292 136 136 137 137 303 303 304 304 241 241 304 304 240 240 241 241 304 304 305 305 240 240 305 305 239 239 240 240 305 305 306 306 239 239 306 306 238 238 239 239 306 306 307 307 238 238 307 307 237 237 238 238 307 307 308 308 237 237 308 308 236 236 237 237 308 308 309 309 236 236 309 309 235 235 236 236 310 310 234 234 309 309 234 234 235 235 309 309 310 310 311 311 234 234 311 311 233 233 234 234 302 302 303 303 242 242 303 303 241 241 242 242 301 301 302 302 243 243 302 302 242 242 243 243 300 300 301 301 244 244 301 301 243 243 244 244 299 299 300 300 245 245 300 300 244 244 245 245 298 298 299 299 246 246 299 299 245 245 246 246 297 297 298 298 247 247 298 298 246 246 247 247 296 296 297 297 248 248 297 297 247 247 248 248 295 295 296 296 249 249 296 296 248 248 249 249 138 138 258 258 139 139 258 258 106 106 139 139 100 100 140 140 103 103 140 140 141 141 103 103 142 142 81 81 143 143 81 81 122 122 143 143 279 279 144 144 123 123 144 144 145 145 123 123 311 311 312 312 233 233 312 312 232 232 233 233 295 295 249 249 294 294 249 249 250 250 294 294 224 224 225 225 274 274 225 225 275 275 274 274 80 80 97 97 278 278 97 97 257 257 278 278 98 98 146 146 105 105 146 146 147 147 105 105 146 146 138 138 147 147 138 138 139 139 147 147 144 144 148 148 145 145 148 148 149 149 145 145 148 148 255 255 149 149 255 255 253 253 149 149 254 254 277 277 256 256 251 251 252 252 293 293 99 99 150 150 104 104 150 150 151 151 104 104 150 150 142 142 151 151 142 142 143 143 151 151 140 140 152 152 141 141 152 152 153 153 141 141 152 152 228 228 153 153 228 228 230 230 153 153 227 227 276 276 226 226 313 313 229 229 231 231 257 257 256 256 278 278 256 256 277 277 278 278 275 275 225 225 276 276 225 225 226 226 276 276 312 312 313 313 232 232 313 313 231 231 232 232 294 294 250 250 293 293 250 250 251 251 293 293</p>
				</triangles>
			</mesh>
		</geometry>
		<geometry id="CE5EB98C-D736-463E-ADA7-F944921B82B3-mesh" name="CE5EB98C-D736-463E-ADA7-F944921B82B3">
			<mesh>
				<source id="CE5EB98C-D736-463E-ADA7-F944921B82B3-mesh-positions">
					<float_array id="CE5EB98C-D736-463E-ADA7-F944921B82B3-mesh-positions-array" count="1329">-1.53 -2.1 0 -1.94 -2.06 0 -2.334 -1.94 0 -2.697 -1.746 0 -3.015 -1.485 0 -3.015 -1.372 0.568 -2.697 -1.613 0.668 -2.334 -1.792 0.742 -1.94 -1.903 0.788 -1.53 -1.94 0.804 -1.53 -1.485 1.485 -1.94 -1.456 1.456 -2.334 -1.372 1.372 -2.697 -1.235 1.235 -3.015 -1.05 1.05 -3.015 -0.568 1.372 -2.697 -0.668 1.613 -2.334 -0.742 1.792 -1.94 -0.788 1.903 -1.53 -0.804 1.94 -1.53 0 2.1 -1.94 0 2.06 -2.334 0 1.94 -2.697 0 1.746 -3.015 0 1.485 -3.015 0.568 1.372 -2.697 0.668 1.613 -2.334 0.742 1.792 -1.94 0.788 1.903 -1.53 0.804 1.94 -1.53 1.485 1.485 -1.94 1.456 1.456 -2.334 1.372 1.372 -2.697 1.235 1.235 -3.015 1.05 1.05 -3.015 1.372 0.568 -2.697 1.613 0.668 -2.334 1.792 0.742 -1.94 1.903 0.788 -1.53 1.94 0.804 -1.53 2.1 0 -1.94 2.06 0 -2.334 1.94 0 -2.697 1.746 0 -3.015 1.485 0 -3.015 1.372 -0.568 -2.697 1.613 -0.668 -2.334 1.792 -0.742 -1.94 1.903 -0.788 -1.53 1.94 -0.804 -1.53 1.485 -1.485 -1.94 1.456 -1.456 -2.334 1.372 -1.372 -2.697 1.235 -1.235 -3.015 1.05 -1.05 -3.015 0.568 -1.372 -2.697 0.668 -1.613 -2.334 0.742 -1.792 -1.94 0.788 -1.903 -1.53 0.804 -1.94 -1.53 0 -2.1 -1.94 0 -2.06 -2.334 0 -1.94 -2.697 0 -1.746 -3.015 0 -1.485 -3.015 -0.568 -1.372 -2.697 -0.668 -1.613 -2.334 -0.742 -1.792 -1.94 -0.788 -1.903 -1.53 -0.804 -1.94 -1.53 -1.485 -1.485 -1.94 -1.456 -1.456 -2.334 -1.372 -1.372 -2.697 -1.235 -1.235 -3.015 -1.05 -1.05 -3.015 -1.372 -0.568 -2.697 -1.613 -0.668 -2.334 -1.792 -0.742 -1.94 -1.903 -0.788 -1.53 -1.94 -0.804 -3.015 -0.937 -0.388 -3.015 -0.717 -0.717 -3.015 -0.388 -0.937 -3.015 0 -1.014 -3.015 0.388 -0.937 -3.015 0.717 -0.717 -3.015 0.937 -0.388 -3.015 1.014 0 -3.015 0.937 0.388 -3.015 0.717 0.717 -3.015 0.388 0.937 -3.015 0 1.014 -3.015 -0.388 0.937 -3.015 -0.717 0.717 -3.015 -0.937 0.388 -3.015 -1.014 0 -0.145 -1.014 0 -0.145 -0.937 0.388 -0.145 -0.717 0.717 -0.145 -0.388 0.937 -0.145 0 1.014 -0.145 0.388 0.937 -0.145 0.717 0.717 -0.145 0.937 0.388 -0.145 1.014 0 -0.145 0.937 -0.388 -0.145 0.717 -0.717 -0.145 0.388 -0.937 -0.145 0 -1.014 -0.145 -0.388 -0.937 -0.145 -0.717 -0.717 -0.145 -0.937 -0.388 -0.145 0 0 -1.53 0 2 -1.53 -0.765 1.848 -1.53 -1.414 1.414 -1.53 -1.848 0.765 -1.53 -2 0 -1.53 -1.848 -0.765 -1.53 -1.414 -1.414 -1.53 -0.765 -1.848 -1.53 0 -2 -1.53 0.765 -1.848 -1.53 1.414 -1.414 -1.53 1.848 -0.765 -1.53 2 0 -1.53 1.848 0.765 -1.53 1.414 1.414 -1.53 0.765 1.848 -0.103 0 2 -0.103 -0.765 1.848 -0.103 -1.414 1.414 -0.103 -1.848 0.765 -0.103 -2 0 -0.103 -1.848 -0.765 -0.103 -1.414 -1.414 -0.103 -0.765 -1.848 -0.103 0 -2 -0.103 0.765 -1.848 -0.103 1.414 -1.414 -0.103 1.848 -0.765 -0.103 2 0 -0.103 1.848 0.765 -0.103 1.414 1.414 -0.103 0.765 1.848 1.97 -3.492 2.731 2.514 -3.495 2.649 3.02 -3.517 2.405 3.455 -3.536 2.066 3.789 -3.608 1.441 3.998 -3.702 0.806 4.07 -3.811 0.144 3.998 -3.857 -0.484 3.789 -3.886 -1.252 3.51 -3.927 -1.885 3.224 -3.948 -2.306 2.514 -3.977 -2.512 1.97 -3.99 -2.562 1.426 -3.977 -2.512 0.92 -3.952 -2.363 0.485 -3.945 -2.001 -0.081 -3.919 -1.317 -0.081 -3.919 1.383 0.203 -3.882 1.951 0.92 -3.666 2.508 1.427 -3.558 2.665 -0.097 0.029 2.733 0.373 0.291 2.641 0.977 0.534 2.371 1.495 0.744 -1.877 0.977 0.534 -2.306 0.373 0.291 -2.575 -0.097 0.029 -2.667 -0.09 -1.054 -2.575 -0.088 -1.821 -2.306 0.78 2.514 0.033 1.651 1.921 0.033 2.228 1.04 0.033 2.143 1.006 0.731 1.572 1.889 0.678 0.72 2.49 0.527 0.543 2.418 0.987 1.341 1.796 1.28 1.893 0.905 1.383 1.495 0.744 1.942 0.973 1.647 1.796 0.262 2.305 1.383 -0.105 2.156 1.686 0.494 1.454 2.193 -0.093 1.229 2.442 -0.09 -1.054 2.641 -0.088 -1.821 2.371 -0.09 -2.898 1.942 -0.096 -3.487 1.567 -0.088 -3.487 -1.6 -0.09 -2.898 -1.877 -0.093 1.229 -2.377 -0.105 2.156 -1.621 0.494 1.454 -2.128 0.973 1.647 -1.731 0.262 2.305 -1.317 0.543 2.418 -0.922 1.341 1.796 -1.215 1.893 0.905 -1.317 2.143 1.006 -0.666 1.572 1.889 -0.613 0.72 2.49 -0.462 -0.116 2.699 0.033 1.97 -6.396 5.7 2.514 -6.446 5.65 3.02 -6.594 5.501 3.455 -6.829 5.264 3.789 -7.135 4.955 3.998 -7.491 4.595 4.07 -7.874 4.209 3.998 -8.257 3.823 3.789 -8.613 3.464 3.455 -8.92 3.155 3.02 -9.155 2.918 2.514 -9.302 2.769 1.97 -9.353 2.718 1.427 -9.302 2.769 0.92 -9.155 2.918 0.485 -8.92 3.155 0.151 -8.613 3.464 -0.058 -8.257 3.823 -0.13 -7.874 4.209 -0.058 -7.491 4.595 0.151 -7.135 4.955 0.485 -6.829 5.264 0.92 -6.594 5.501 1.427 -6.446 5.65 -0.077 -3.918 -0.484 -0.081 -3.919 0.232 0.485 -3.799 2.223 1.658 -7.055 5.036 1.368 -7.14 4.95 1.118 -7.274 4.814 0.927 -7.45 4.637 0.806 -7.655 4.431 0.765 -7.874 4.209 0.806 -8.094 3.988 0.927 -8.298 3.782 1.118 -8.474 3.604 1.368 -8.609 3.469 1.658 -8.693 3.383 1.97 -8.722 3.354 2.282 -8.693 3.383 2.572 -8.609 3.469 2.822 -8.474 3.604 3.013 -8.298 3.782 3.134 -8.094 3.988 3.175 -7.874 4.209 3.134 -7.655 4.431 3.013 -7.45 4.637 2.822 -7.274 4.814 2.572 -7.14 4.95 2.282 -7.055 5.036 1.97 -7.026 5.065 1.97 -3.121 1.192 2.282 -3.15 1.163 2.572 -3.234 1.077 2.822 -3.369 0.941 3.013 -3.545 0.764 3.134 -3.749 0.558 3.175 -3.969 0.337 3.134 -4.188 0.115 3.013 -4.393 -0.091 2.822 -4.569 -0.268 2.572 -4.703 -0.404 2.282 -4.788 -0.49 1.97 -4.817 -0.519 1.658 -4.788 -0.49 1.368 -4.703 -0.404 1.118 -4.569 -0.268 0.927 -4.393 -0.091 0.806 -4.188 0.115 0.765 -3.969 0.337 0.806 -3.749 0.558 0.927 -3.545 0.764 1.118 -3.369 0.941 1.368 -3.234 1.077 1.658 -3.15 1.163 1.97 -3.969 0.337 -0.093 -3.487 0.217 -0.09 -2.898 0.315 -0.088 -1.821 0.378 -0.09 -1.054 0.418 -0.097 0.029 0.432 -0.093 1.229 0.389 -0.105 2.156 0.277 -0.091 -3.487 -0.615 -0.09 -2.898 -0.689 -0.088 -1.821 -0.851 -0.09 -1.054 -0.953 -0.097 0.029 -0.988 -0.093 1.229 -0.878 -0.105 2.156 -0.592 -1.53 -2.1 0 -1.53 -1.94 0.804 -1.53 -1.485 1.485 -1.53 -0.804 1.94 -1.53 0 2.1 -1.53 0.804 1.94 -1.53 1.485 1.485 -1.53 1.94 0.804 -1.53 2.1 0 -1.53 1.94 -0.804 -1.53 1.485 -1.485 -1.53 0.804 -1.94 -1.53 0 -2.1 -1.53 -0.804 -1.94 -1.53 -1.485 -1.485 -1.53 -1.94 -0.804 -3.015 -0.937 -0.388 -3.015 -1.014 0 -3.015 -0.717 -0.717 -3.015 -0.388 -0.937 -3.015 0 -1.014 -3.015 0.388 -0.937 -3.015 0.717 -0.717 -3.015 0.937 -0.388 -3.015 1.014 0 -3.015 0.937 0.388 -3.015 0.717 0.717 -3.015 0.388 0.937 -3.015 0 1.014 -3.015 -0.388 0.937 -3.015 -0.717 0.717 -3.015 -0.937 0.388 -0.145 -1.014 0 -0.145 -0.937 0.388 -0.145 -0.717 0.717 -0.145 -0.388 0.937 -0.145 0 1.014 -0.145 0.388 0.937 -0.145 0.717 0.717 -0.145 0.937 0.388 -0.145 1.014 0 -0.145 0.937 -0.388 -0.145 0.717 -0.717 -0.145 0.388 -0.937 -0.145 0 -1.014 -0.145 -0.388 -0.937 -0.145 -0.717 -0.717 -0.145 -0.937 -0.388 -1.53 0 2 -1.53 -0.765 1.848 -1.53 -1.414 1.414 -1.53 -1.848 0.765 -1.53 -2 0 -1.53 -1.848 -0.765 -1.53 -1.414 -1.414 -1.53 -0.765 -1.848 -1.53 0 -2 -1.53 0.765 -1.848 -1.53 1.414 -1.414 -1.53 1.848 -0.765 -1.53 2 0 -1.53 1.848 0.765 -1.53 1.414 1.414 -1.53 0.765 1.848 -0.097 0.029 -2.667 -0.09 -1.054 -2.575 -0.09 -1.054 2.641 -0.093 1.229 -2.377 -0.097 0.029 2.733 -0.105 2.156 1.686 -0.116 2.699 0.033 -0.093 1.229 2.442 -0.105 2.156 -1.621 1.97 -6.396 5.7 2.514 -6.446 5.65 3.02 -6.594 5.501 3.455 -6.829 5.264 3.789 -7.135 4.955 3.998 -7.491 4.595 4.07 -7.874 4.209 3.998 -8.257 3.823 3.789 -8.613 3.464 3.455 -8.92 3.155 3.02 -9.155 2.918 2.514 -9.302 2.769 1.97 -9.353 2.718 1.427 -9.302 2.769 0.92 -9.155 2.918 0.485 -8.92 3.155 0.151 -8.613 3.464 -0.058 -8.257 3.823 -0.13 -7.874 4.209 -0.058 -7.491 4.595 0.151 -7.135 4.955 0.485 -6.829 5.264 0.92 -6.594 5.501 1.427 -6.446 5.65 1.658 -7.055 5.036 1.97 -7.026 5.065 1.368 -7.14 4.95 1.118 -7.274 4.814 0.927 -7.45 4.637 0.806 -7.655 4.431 0.765 -7.874 4.209 0.806 -8.094 3.988 0.927 -8.298 3.782 1.118 -8.474 3.604 1.368 -8.609 3.469 1.658 -8.693 3.383 1.97 -8.722 3.354 2.282 -8.693 3.383 2.572 -8.609 3.469 2.822 -8.474 3.604 3.013 -8.298 3.782 3.134 -8.094 3.988 3.175 -7.874 4.209 3.134 -7.655 4.431 3.013 -7.45 4.637 2.822 -7.274 4.814 2.572 -7.14 4.95 2.282 -7.055 5.036 1.97 -3.121 1.192 2.282 -3.15 1.163 2.572 -3.234 1.077 2.822 -3.369 0.941 3.013 -3.545 0.764 3.134 -3.749 0.558 3.175 -3.969 0.337 3.134 -4.188 0.115 3.013 -4.393 -0.091 2.822 -4.569 -0.268 2.572 -4.703 -0.404 2.282 -4.788 -0.49 1.97 -4.817 -0.519 1.658 -4.788 -0.49 1.368 -4.703 -0.404 1.118 -4.569 -0.268 0.927 -4.393 -0.091 0.806 -4.188 0.115 0.765 -3.969 0.337 0.806 -3.749 0.558 0.927 -3.545 0.764 1.118 -3.369 0.941 1.368 -3.234 1.077 1.658 -3.15 1.163</float_array>
					<technique_common>
						<accessor source="#CE5EB98C-D736-463E-ADA7-F944921B82B3-mesh-positions-array" count="443" stride="3">
							<param name="X" type="float"/>
							<param name="Y" type="float"/>
							<param name="Z" type="float"/>
						</accessor>
					</technique_common>
				</source>
				<source id="CE5EB98C-D736-463E-ADA7-F944921B82B3-mesh-normals">
					<float_array id="CE5EB98C-D736-463E-ADA7-F944921B82B3-mesh-normals-array" count="1329">-0.09799 -0.99518 0 -0.19278 -0.98123 0 -0.3784 -0.92563 0 -0.54997 -0.83517 0 -0.88305 -0.46919 0 -0.88305 -0.43348 0.17954 -0.54997 -0.7716 0.31959 -0.37843 -0.85516 0.3542 -0.19278 -0.90652 0.37547 -0.09799 -0.91943 0.38081 -0.09799 -0.7037 0.70367 -0.19278 -0.69384 0.69381 -0.37843 -0.6545 0.6545 -0.54997 -0.59053 0.59053 -0.88308 -0.33177 0.33177 -0.88308 -0.17954 0.43349 -0.54997 -0.31959 0.77157 -0.37843 -0.35423 0.85516 -0.19278 -0.3755 0.90652 -0.09799 -0.38084 0.9194 -0.09799 0 0.99518 -0.19278 0 0.98123 -0.37843 0 0.9256 -0.55 0 0.83514 -0.88308 0 0.46919 -0.88308 0.17954 0.43349 -0.54997 0.31959 0.77157 -0.37843 0.35423 0.85516 -0.19278 0.3755 0.90652 -0.09799 0.38084 0.9194 -0.09799 0.7037 0.70367 -0.19278 0.69384 0.69381 -0.37843 0.6545 0.6545 -0.54997 0.59053 0.59053 -0.88308 0.33177 0.33177 -0.88308 0.43349 0.17954 -0.54997 0.77157 0.31959 -0.37843 0.85516 0.3542 -0.19278 0.90652 0.37547 -0.09799 0.91943 0.38081 -0.09799 0.99518 0 -0.19278 0.98123 0 -0.37843 0.92563 0 -0.54997 0.83517 0 -0.88305 0.46919 0 -0.88308 0.43349 -0.17954 -0.54997 0.77157 -0.31959 -0.37843 0.85516 -0.3542 -0.19278 0.90652 -0.37547 -0.09799 0.91943 -0.38081 -0.09799 0.7037 -0.70366 -0.19278 0.69384 -0.69381 -0.37843 0.6545 -0.6545 -0.54997 0.59053 -0.59053 -0.88308 0.33177 -0.33177 -0.88308 0.17954 -0.43348 -0.55 0.31959 -0.77157 -0.37843 0.35423 -0.85516 -0.19278 0.3755 -0.90652 -0.09799 0.38084 -0.9194 -0.09799 0 -0.99518 -0.19278 0 -0.98123 -0.37843 0 -0.9256 -0.55 0 -0.83514 -0.88308 0 -0.46919 -0.88308 -0.17954 -0.43348 -0.54997 -0.31959 -0.77157 -0.37843 -0.35423 -0.85516 -0.19278 -0.3755 -0.90652 -0.09799 -0.38084 -0.9194 -0.09799 -0.7037 -0.70366 -0.19278 -0.69384 -0.69381 -0.37843 -0.6545 -0.6545 -0.54997 -0.59053 -0.59053 -0.88308 -0.33177 -0.33177 -0.88308 -0.43348 -0.17954 -0.54997 -0.7716 -0.31959 -0.37843 -0.85516 -0.3542 -0.19278 -0.90652 -0.37547 -0.09799 -0.91943 -0.38081 -1 0 0 -1 0 0 -1 0 0 -1 0 0 -1 0 0 -0.99997 0 0 -0.99997 0 0 -1 0 0 -0.99997 0 0 -1 0 0 -1 0 0 -1 0 0 -1 0 0 -0.99997 0 0 -1 0 0 -1 0 0 0 1 0 0 0.92386 -0.38267 0 0.70711 -0.70708 0 0.38267 -0.92386 0 0 -1 0 -0.38267 -0.92386 0 -0.70711 -0.70708 0 -0.92386 -0.38264 0 -1 0 0 -0.92386 0.38267 0 -0.70711 0.70708 0 -0.38267 0.92386 0 0 1 0 0.38267 0.92386 0 0.70711 0.70708 0 0.92386 0.38264 -1 0 0 0 0 1 0 -0.38267 0.92386 0 -0.70711 0.70708 0 -0.92386 0.38264 0 -0.99997 0 0 -0.92386 -0.38267 0 -0.70711 -0.70708 0 -0.38267 -0.92386 0 0 -1 0 0.38267 -0.92386 0 0.70711 -0.70708 0 0.92386 -0.38264 0 1 0 0 0.92386 0.38267 0 0.70711 0.70708 0 0.38267 0.92386 0 0 1 0 -0.38267 0.92386 0 -0.70711 0.70708 0 -0.92386 0.38264 0 -1 0 0 -0.92386 -0.38267 0 -0.70711 -0.70708 0 -0.38267 -0.92386 0 0 -1 0 0.38267 -0.92386 0 0.70711 -0.70708 0 0.92386 -0.38264 0 1 0 0 0.92386 0.38267 0 0.70711 0.70708 0 0.38267 0.92386 0.0202 0.40111 0.9158 0.29206 0.45546 0.84097 0.50414 0.45366 0.73483 0.72509 0.40895 0.55403 0.87051 0.33757 0.3581 0.95193 0.25581 0.16834 0.98758 0.15271 -0.03653 0.9715 0.06397 -0.22816 0.91253 -0.01242 -0.40876 0.7984 -0.10095 -0.59358 0.54558 -0.19987 -0.81387 0.24296 -0.31461 -0.91757 0.02545 -0.37614 -0.92621 -0.22129 -0.42582 -0.87732 -0.47471 -0.44032 -0.76205 -0.6469 -0.43599 -0.6256 -0.90564 -0.28376 -0.31504 -0.98849 0.0127 0.15058 -0.86602 0.09671 0.49052 -0.54436 0.22984 0.80673 -0.27824 0.31336 0.90793 0.07132 0.10926 0.99142 0.21033 0.2147 0.95373 0.42619 0.3061 0.85125 0.65371 0.3806 -0.65404 0.43281 0.29768 -0.85089 0.19053 0.19132 -0.96283 0.06992 0.09009 -0.99347 -0.16276 -0.10306 -0.98126 -0.85272 -0.13312 -0.50508 0.40062 0.91623 0 0.71746 0.69655 0 0.89065 0.45451 -0.01184 0.86248 0.4514 0.22871 0.68819 0.68474 0.23969 0.36546 0.91156 0.18836 0.2722 0.89645 0.34965 0.60241 0.65007 0.46306 0.77941 0.43092 0.4547 0.62963 0.38383 0.67541 0.46596 0.59496 0.6549 0.14374 0.86993 0.47173 0.12803 0.78246 0.60933 0.28623 0.52205 0.80343 0.17783 0.42421 0.88791 -0.99997 -0.00476 0 -0.84802 -0.12464 0.51506 -0.90222 -0.13135 0.41072 -0.95816 -0.11475 0.26219 -0.92291 -0.19098 -0.33427 -0.90609 -0.16202 -0.39079 0.17783 0.42421 -0.88791 0.12803 0.78246 -0.60933 0.28623 0.52205 -0.80343 0.46596 0.59496 -0.6549 0.14374 0.86993 -0.47172 0.2722 0.89645 -0.34965 0.60241 0.65007 -0.46306 0.786 0.41804 -0.4554 0.86386 0.44182 -0.24195 0.68819 0.68474 -0.23969 0.36546 0.91156 -0.18836 0.08676 0.99622 0 -0.01532 0.71532 0.6986 0.24387 0.69106 0.68038 0.46504 0.62609 0.62587 0.69802 0.50285 0.50978 0.87475 0.3408 0.34437 0.96628 0.18189 0.1821 0.99997 -0.00238 -0.00293 0.96728 -0.17832 -0.18033 0.88571 -0.32905 -0.32743 0.75268 -0.47209 -0.45885 0.48821 -0.62319 -0.61095 0.2017 -0.69143 -0.69369 0 -0.70284 -0.71129 -0.21036 -0.68969 -0.69283 -0.44179 -0.6386 -0.63005 -0.64281 -0.55293 -0.53011 -0.88418 -0.34522 -0.31468 -0.99109 -0.10007 -0.08786 -0.99994 -0.00455 -0.00729 -0.96637 0.17554 0.18778 -0.82421 0.39045 0.41011 -0.66857 0.52461 0.52702 -0.47816 0.6274 0.61455 -0.25877 0.6924 0.67348 -0.99557 -0.07672 -0.05383 -0.99945 -0.02826 -0.01617 -0.7354 0.16376 0.65749 0 -0.71007 0.70409 0 -0.71007 0.70409 0 -0.71007 0.70409 0 -0.71007 0.70409 0 -0.71007 0.70409 0 -0.71007 0.70409 0 -0.71007 0.70409 0 -0.71007 0.70409 0 -0.71007 0.70409 0 -0.71007 0.70409 0 -0.71007 0.70409 0 -0.71007 0.70409 0 -0.71007 0.70409 0 -0.71007 0.70409 0 -0.71007 0.70409 0 -0.71007 0.70409 0 -0.71007 0.70409 0 -0.71007 0.70409 0 -0.71007 0.70409 0 -0.71007 0.70409 0 -0.71007 0.70409 0 -0.71007 0.70409 0 -0.71007 0.70409 0 -0.71007 0.70409 0 -0.70412 -0.71004 -0.2588 -0.68013 -0.68587 -0.49998 -0.60979 -0.61492 -0.70708 -0.49788 -0.50209 -0.86599 -0.35206 -0.35502 -0.96591 -0.18223 -0.18375 -0.99997 0 0 -0.96591 0.18223 0.18378 -0.86599 0.35206 0.35502 -0.70708 0.49788 0.50209 -0.49998 0.60979 0.61492 -0.2588 0.68014 0.68587 0 0.70412 0.71004 0.2588 0.68014 0.68587 0.49999 0.60979 0.61492 0.70708 0.49788 0.50209 0.86599 0.35206 0.35502 0.96591 0.18223 0.18378 1 0 0 0.96591 -0.18223 -0.18375 0.86599 -0.35206 -0.35502 0.70708 -0.49788 -0.50209 0.49999 -0.60979 -0.61492 0.2588 -0.68013 -0.68587 0 -0.71007 0.70409 -0.99991 -0.01257 -0.00183 -0.99997 0.00375 -0.00052 -0.99997 -0.00064 0 -0.99997 -0.00461 0 -0.99997 -0.0014 0 -0.99997 -0.00497 0 -0.99985 -0.01611 0 -0.99991 -0.0127 -0.00101 -0.99997 0.00137 -0.00052 -0.99997 -0.00064 0 -0.99997 -0.00461 0 -0.99997 -0.0014 0 -0.99997 -0.00497 0 -0.99985 -0.01611 0 1 0 0 1 0 0 1 0 0 1 0 0 1 0 0 1 0 0 1 0 0 0.99997 0 0 0.99997 0 0 0.99997 0 0 1 0 0 1 0 0 1 0 0 1 0 0 1 0 0 0.99997 0 0 0 0.92386 0.38264 0 1 0 0 0.70711 0.70708 0 0.38267 0.92386 0 0 1 0 -0.38267 0.92386 0 -0.70711 0.70708 0 -0.92386 0.38267 0 -1 0 0 -0.92386 -0.38264 0 -0.70711 -0.70708 0 -0.38267 -0.92386 0 0 -1 0 0.38267 -0.92386 0 0.70711 -0.70708 0 0.92386 -0.38264 -1 0 0 -0.99997 0 0 -1 0 0 -1 0 0 -1 0 0 -1 0 0 -1 0 0 -1 0 0 -1 0 0 -1 0 0 -1 0 0 -1 0 0 -1 0 0 -1 0 0 -1 0 0 -1 0 0 1 0 0 1 0 0 1 0 0 1 0 0 0.99997 0 0 1 0 0 1 0 0 1 0 0 1 0 0 1 0 0 1 0 0 0.99997 0 0 1 0 0 0.99997 0 0 1 0 0 1 0 0 -0.99997 -0.00162 0 -0.99997 -0.00476 0 -0.18696 -0.10047 0.9772 -0.99997 -0.00229 0 -0.99997 -0.00162 0 -0.99988 -0.01364 0 -0.99979 -0.01938 0 -0.99997 -0.00229 0 -0.99988 -0.01364 0 0 -0.71007 0.70409 0 -0.71007 0.70409 0 -0.71007 0.70409 0 -0.71007 0.70409 0 -0.71007 0.70409 0 -0.71007 0.70409 0 -0.71007 0.70409 0 -0.71007 0.70409 0 -0.71007 0.70409 0 -0.71007 0.70409 0 -0.71007 0.70409 0 -0.71007 0.70409 0 -0.71007 0.70409 0 -0.71007 0.70409 0 -0.71007 0.70409 0 -0.71007 0.70409 0 -0.71007 0.70409 0 -0.71007 0.70409 0 -0.71007 0.70409 0 -0.71007 0.70409 0 -0.71007 0.70409 0 -0.71007 0.70409 0 -0.71007 0.70409 0 -0.71007 0.70409 0.2588 -0.68013 -0.68587 0 -0.70412 -0.71004 0.49999 -0.60979 -0.61492 0.70708 -0.49788 -0.50209 0.86599 -0.35206 -0.35502 0.96591 -0.18223 -0.18378 1 0 0 0.96591 0.18223 0.18375 0.86599 0.35206 0.35502 0.70708 0.49788 0.50209 0.49999 0.60979 0.61492 0.2588 0.68014 0.68587 0 0.70412 0.71004 -0.2588 0.68014 0.68587 -0.49998 0.60979 0.61492 -0.70708 0.49788 0.50209 -0.86599 0.35206 0.35502 -0.96591 0.18223 0.18375 -1 0 0 -0.96591 -0.18223 -0.18378 -0.86599 -0.35206 -0.35502 -0.70708 -0.49788 -0.50209 -0.49998 -0.60979 -0.61492 -0.2588 -0.68013 -0.68587 0 -0.71007 0.70409 0 -0.71007 0.70409 0 -0.71007 0.70409 0 -0.71007 0.70409 0 -0.71007 0.70409 0 -0.71007 0.70409 0 -0.71007 0.70409 0 -0.71007 0.70409 0 -0.71007 0.70409 0 -0.71007 0.70409 0 -0.71007 0.70409 0 -0.71007 0.70409 0 -0.71007 0.70409 0 -0.71007 0.70409 0 -0.71007 0.70409 0 -0.71007 0.70409 0 -0.71007 0.70409 0 -0.71007 0.70409 0 -0.71007 0.70409 0 -0.71007 0.70409 0 -0.71007 0.70409 0 -0.71007 0.70409 0 -0.71007 0.70409 0 -0.71007 0.70409</float_array>
					<technique_common>
						<accessor source="#CE5EB98C-D736-463E-ADA7-F944921B82B3-mesh-normals-array" count="443" stride="3">
							<param name="X" type="float"/>
							<param name="Y" type="float"/>
							<param name="Z" type="float"/>
						</accessor>
					</technique_common>
				</source>
				<vertices id="CE5EB98C-D736-463E-ADA7-F944921B82B3-mesh-vertices">
					<input semantic="POSITION" source="#CE5EB98C-D736-463E-ADA7-F944921B82B3-mesh-positions"/>
				</vertices>
				<triangles material="MB|5-material" count="574">
					<input semantic="VERTEX" source="#CE5EB98C-D736-463E-ADA7-F944921B82B3-mesh-vertices" offset="0"/>
					<input semantic="NORMAL" source="#CE5EB98C-D736-463E-ADA7-F944921B82B3-mesh-normals" offset="1"/>
					<p>5 5 4 4 6 6 4 4 3 3 6 6 6 6 3 3 7 7 3 3 2 2 7 7 7 7 2 2 8 8 2 2 1 1 8 8 0 0 9 9 1 1 9 9 8 8 1 1 11 11 8 8 10 10 8 8 9 9 10 10 12 12 7 7 11 11 7 7 8 8 11 11 13 13 6 6 12 12 6 6 7 7 12 12 14 14 5 5 13 13 5 5 6 6 13 13 15 15 14 14 16 16 14 14 13 13 16 16 16 16 13 13 17 17 13 13 12 12 17 17 17 17 12 12 18 18 12 12 11 11 18 18 18 18 11 11 19 19 11 11 10 10 19 19 21 21 18 18 20 20 18 18 19 19 20 20 22 22 17 17 21 21 17 17 18 18 21 21 23 23 16 16 22 22 16 16 17 17 22 22 24 24 15 15 23 23 15 15 16 16 23 23 25 25 24 24 26 26 24 24 23 23 26 26 26 26 23 23 27 27 23 23 22 22 27 27 27 27 22 22 28 28 22 22 21 21 28 28 28 28 21 21 29 29 21 21 20 20 29 29 31 31 28 28 30 30 28 28 29 29 30 30 32 32 27 27 31 31 27 27 28 28 31 31 33 33 26 26 32 32 26 26 27 27 32 32 34 34 25 25 33 33 25 25 26 26 33 33 35 35 34 34 36 36 34 34 33 33 36 36 36 36 33 33 37 37 33 33 32 32 37 37 37 37 32 32 38 38 32 32 31 31 38 38 38 38 31 31 39 39 31 31 30 30 39 39 41 41 38 38 40 40 38 38 39 39 40 40 42 42 37 37 41 41 37 37 38 38 41 41 43 43 36 36 42 42 36 36 37 37 42 42 44 44 35 35 43 43 35 35 36 36 43 43 45 45 44 44 46 46 44 44 43 43 46 46 46 46 43 43 47 47 43 43 42 42 47 47 47 47 42 42 48 48 42 42 41 41 48 48 48 48 41 41 49 49 41 41 40 40 49 49 51 51 48 48 50 50 48 48 49 49 50 50 52 52 47 47 51 51 47 47 48 48 51 51 53 53 46 46 52 52 46 46 47 47 52 52 54 54 45 45 53 53 45 45 46 46 53 53 55 55 54 54 56 56 54 54 53 53 56 56 56 56 53 53 57 57 53 53 52 52 57 57 57 57 52 52 58 58 52 52 51 51 58 58 58 58 51 51 59 59 51 51 50 50 59 59 61 61 58 58 60 60 58 58 59 59 60 60 62 62 57 57 61 61 57 57 58 58 61 61 63 63 56 56 62 62 56 56 57 57 62 62 64 64 55 55 63 63 55 55 56 56 63 63 65 65 64 64 66 66 64 64 63 63 66 66 66 66 63 63 67 67 63 63 62 62 67 67 67 67 62 62 68 68 62 62 61 61 68 68 68 68 61 61 69 69 61 61 60 60 69 69 71 71 68 68 70 70 68 68 69 69 70 70 72 72 67 67 71 71 67 67 68 68 71 71 73 73 66 66 72 72 66 66 67 67 72 72 74 74 65 65 73 73 65 65 66 66 73 73 75 75 74 74 76 76 74 74 73 73 76 76 76 76 73 73 77 77 73 73 72 72 77 77 77 77 72 72 78 78 72 72 71 71 78 78 78 78 71 71 79 79 71 71 70 70 79 79 79 79 0 0 78 78 0 0 1 1 78 78 2 2 77 77 1 1 77 77 78 78 1 1 3 3 76 76 2 2 76 76 77 77 2 2 4 4 75 75 3 3 75 75 76 76 3 3 80 80 75 75 95 95 75 75 4 4 95 95 81 81 74 74 80 80 74 74 75 75 80 80 82 82 65 65 81 81 65 65 74 74 81 81 83 83 64 64 82 82 64 64 65 65 82 82 84 84 55 55 83 83 55 55 64 64 83 83 85 85 54 54 84 84 54 54 55 55 84 84 86 86 45 45 85 85 45 45 54 54 85 85 87 87 44 44 86 86 44 44 45 45 86 86 88 88 35 35 87 87 35 35 44 44 87 87 89 89 34 34 88 88 34 34 35 35 88 88 90 90 25 25 89 89 25 25 34 34 89 89 91 91 24 24 90 90 24 24 25 25 90 90 92 92 15 15 91 91 15 15 24 24 91 91 93 93 14 14 92 92 14 14 15 15 92 92 94 94 5 5 93 93 5 5 14 14 93 93 95 95 4 4 94 94 4 4 5 5 94 94 96 96 315 315 97 97 315 315 329 329 97 97 97 97 329 329 98 98 329 329 328 328 98 98 98 98 328 328 99 99 328 328 327 327 99 99 99 99 327 327 100 100 327 327 326 326 100 100 100 100 326 326 101 101 326 326 325 325 101 101 101 101 325 325 102 102 325 325 324 324 102 102 102 102 324 324 103 103 324 324 323 323 103 103 103 103 323 323 104 104 323 323 322 322 104 104 104 104 322 322 105 105 322 322 321 321 105 105 105 105 321 321 106 106 321 321 320 320 106 106 106 106 320 320 107 107 320 320 319 319 107 107 107 107 319 319 108 108 319 319 318 318 108 108 108 108 318 318 109 109 318 318 317 317 109 109 109 109 317 317 110 110 317 317 316 316 110 110 110 110 316 316 111 111 316 316 314 314 111 111 111 111 314 314 96 96 314 314 315 315 96 96 112 112 345 345 330 330 112 112 344 344 345 345 112 112 343 343 344 344 112 112 342 342 343 343 112 112 341 341 342 342 112 112 340 340 341 341 112 112 339 339 340 340 112 112 338 338 339 339 112 112 337 337 338 338 112 112 336 336 337 337 112 112 335 335 336 336 112 112 334 334 335 335 112 112 333 333 334 334 112 112 332 332 333 333 112 112 331 331 332 332 112 112 330 330 331 331 130 130 129 129 114 114 129 129 113 113 114 114 131 131 130 130 115 115 130 130 114 114 115 115 132 132 131 131 116 116 131 131 115 115 116 116 133 133 132 132 117 117 132 132 116 116 117 117 134 134 133 133 118 118 133 133 117 117 118 118 135 135 134 134 119 119 134 134 118 118 119 119 136 136 135 135 120 120 135 135 119 119 120 120 137 137 136 136 121 121 136 136 120 120 121 121 138 138 137 137 122 122 137 137 121 121 122 122 139 139 138 138 123 123 138 138 122 122 123 123 140 140 139 139 124 124 139 139 123 123 124 124 141 141 140 140 125 125 140 140 124 124 125 125 142 142 141 141 126 126 141 141 125 125 126 126 143 143 142 142 127 127 142 142 126 126 127 127 144 144 143 143 128 128 143 143 127 127 128 128 128 128 113 113 144 144 113 113 129 129 144 144 167 167 166 166 146 146 166 166 145 145 146 146 168 168 167 167 147 147 167 167 146 146 147 147 184 184 168 168 148 148 168 168 147 147 148 148 183 183 184 184 149 149 184 184 148 148 149 149 178 178 183 183 150 150 183 183 149 149 150 150 177 177 178 178 151 151 178 178 150 150 151 151 204 204 177 177 152 152 177 177 151 151 152 152 203 203 204 204 153 153 204 204 152 152 153 153 169 169 203 203 154 154 203 203 153 153 154 154 170 170 169 169 155 155 169 169 154 154 155 155 171 171 170 170 156 156 170 170 155 155 156 156 172 172 171 171 157 157 171 171 156 156 157 157 173 173 172 172 158 158 172 172 157 157 158 158 174 174 173 173 159 159 173 173 158 158 159 159 195 195 174 174 160 160 174 174 159 159 160 160 194 194 195 195 161 161 195 195 160 160 161 161 165 165 145 145 364 364 145 145 166 166 364 364 178 178 177 177 179 179 177 177 176 176 179 179 179 179 176 176 180 180 176 176 175 175 180 180 180 180 175 175 207 207 181 181 180 180 207 207 182 182 179 179 181 181 179 179 180 180 181 181 183 183 178 178 182 182 178 178 179 179 182 182 184 184 183 183 185 185 183 183 182 182 185 185 185 185 182 182 186 186 182 182 181 181 186 186 186 186 181 181 207 207 187 187 186 186 207 207 188 188 185 185 187 187 185 185 186 186 187 187 168 168 184 184 188 188 184 184 185 185 188 188 167 167 168 168 189 189 168 168 188 188 189 189 189 189 188 188 187 187 166 166 167 167 189 189 171 171 172 172 196 196 198 198 196 196 197 197 170 170 171 171 198 198 171 171 196 196 198 198 169 169 170 170 199 199 170 170 198 198 199 199 199 199 198 198 200 200 198 198 197 197 200 200 200 200 197 197 207 207 201 201 200 200 207 207 202 202 199 199 201 201 199 199 200 200 201 201 203 203 169 169 202 202 169 169 199 199 202 202 204 204 203 203 205 205 203 203 202 202 205 205 205 205 202 202 206 206 202 202 201 201 206 206 206 206 201 201 207 207 175 175 206 206 207 207 176 176 205 205 175 175 205 205 206 206 175 175 177 177 204 204 176 176 204 204 205 205 176 176 146 146 145 145 209 209 145 145 208 208 209 209 147 147 146 146 210 210 146 146 209 209 210 210 148 148 147 147 211 211 147 147 210 210 211 211 149 149 148 148 212 212 148 148 211 211 212 212 150 150 149 149 213 213 149 149 212 212 213 213 151 151 150 150 214 214 150 150 213 213 214 214 152 152 151 151 215 215 151 151 214 214 215 215 153 153 152 152 216 216 152 152 215 215 216 216 154 154 153 153 217 217 153 153 216 216 217 217 155 155 154 154 218 218 154 154 217 217 218 218 156 156 155 155 219 219 155 155 218 218 219 219 157 157 156 156 220 220 156 156 219 219 220 220 158 158 157 157 221 221 157 157 220 220 221 221 159 159 158 158 222 222 158 158 221 221 222 222 160 160 159 159 223 223 159 159 222 222 223 223 161 161 160 160 224 224 160 160 223 223 224 224 232 232 161 161 225 225 161 161 224 224 225 225 233 233 232 232 226 226 232 232 225 225 226 226 162 162 233 233 227 227 233 233 226 226 227 227 163 163 162 162 228 228 162 162 227 227 228 228 234 234 163 163 229 229 163 163 228 228 229 229 164 164 234 234 230 230 234 234 229 229 230 230 165 165 164 164 231 231 164 164 230 230 231 231 231 231 208 208 165 165 208 208 145 145 165 165 258 258 371 371 235 235 371 371 394 394 235 235 235 235 394 394 236 236 394 394 393 393 236 236 236 236 393 393 237 237 393 393 392 392 237 237 237 237 392 392 238 238 392 392 391 391 238 238 238 238 391 391 239 239 391 391 390 390 239 239 239 239 390 390 240 240 390 390 389 389 240 240 240 240 389 389 241 241 389 389 388 388 241 241 241 241 388 388 242 242 388 388 387 387 242 242 242 242 387 387 243 243 387 387 386 386 243 243 243 243 386 386 244 244 386 386 385 385 244 244 244 244 385 385 245 245 385 385 384 384 245 245 245 245 384 384 246 246 384 384 383 383 246 246 246 246 383 383 247 247 383 383 382 382 247 247 247 247 382 382 248 248 382 382 381 381 248 248 248 248 381 381 249 249 381 381 380 380 249 249 249 249 380 380 250 250 380 380 379 379 250 250 250 250 379 379 251 251 379 379 378 378 251 251 251 251 378 378 252 252 378 378 377 377 252 252 252 252 377 377 253 253 377 377 376 376 253 253 253 253 376 376 254 254 376 376 375 375 254 254 254 254 375 375 255 255 375 375 374 374 255 255 255 255 374 374 256 256 374 374 373 373 256 256 256 256 373 373 257 257 373 373 372 372 257 257 257 257 372 372 258 258 372 372 371 371 258 258 260 260 418 418 259 259 418 418 396 396 259 259 261 261 417 417 260 260 417 417 418 418 260 260 262 262 416 416 261 261 416 416 417 417 261 261 263 263 415 415 262 262 415 415 416 416 262 262 264 264 414 414 263 263 414 414 415 415 263 263 265 265 413 413 264 264 413 413 414 414 264 264 266 266 412 412 265 265 412 412 413 413 265 265 267 267 411 411 266 266 411 411 412 412 266 266 268 268 410 410 267 267 410 410 411 411 267 267 269 269 409 409 268 268 409 409 410 410 268 268 270 270 408 408 269 269 408 408 409 409 269 269 271 271 407 407 270 270 407 407 408 408 270 270 272 272 406 406 271 271 406 406 407 407 271 271 273 273 405 405 272 272 405 405 406 406 272 272 274 274 404 404 273 273 404 404 405 405 273 273 275 275 403 403 274 274 403 403 404 404 274 274 276 276 402 402 275 275 402 402 403 403 275 275 277 277 401 401 276 276 401 401 402 402 276 276 278 278 400 400 277 277 400 400 401 401 277 277 279 279 399 399 278 278 399 399 400 400 278 278 280 280 398 398 279 279 398 398 399 399 279 279 281 281 397 397 280 280 397 397 398 398 280 280 282 282 395 395 281 281 395 395 397 397 281 281 259 259 396 396 282 282 396 396 395 395 282 282 283 283 419 419 442 442 283 283 442 442 441 441 283 283 441 441 440 440 283 283 440 440 439 439 283 283 439 439 438 438 283 283 438 438 437 437 283 283 437 437 436 436 283 283 436 436 435 435 283 283 435 435 434 434 283 283 434 434 433 433 283 283 433 433 432 432 283 283 432 432 431 431 283 283 431 431 430 430 283 283 430 430 429 429 283 283 429 429 428 428 283 283 428 428 427 427 283 283 427 427 426 426 283 283 426 426 425 425 283 283 425 425 424 424 283 283 424 424 423 423 283 283 423 423 422 422 283 283 422 422 421 421 283 283 421 421 420 420 283 283 420 420 419 419 162 162 193 193 233 233 193 193 284 284 233 233 285 285 284 284 192 192 284 284 193 193 192 192 191 191 190 190 286 286 190 190 287 287 286 286 288 288 287 287 366 366 287 287 190 190 366 366 289 289 288 288 369 369 288 288 366 366 369 369 290 290 289 289 367 367 289 289 369 369 367 367 368 368 290 290 367 367 232 232 291 291 161 161 291 291 194 194 161 161 233 233 284 284 232 232 284 284 291 291 232 232 292 292 291 291 285 285 291 291 284 284 285 285 195 195 194 194 292 292 194 194 291 291 292 292 292 292 293 293 195 195 293 293 174 174 195 195 285 285 286 286 292 292 286 286 293 293 292 292 293 293 294 294 174 174 294 294 363 363 174 174 286 286 287 287 293 293 287 287 294 294 293 293 295 295 294 294 288 288 294 294 287 287 288 288 362 362 363 363 295 295 363 363 294 294 295 295 296 296 295 295 289 289 295 295 288 288 289 289 365 365 362 362 296 296 362 362 295 295 296 296 297 297 296 296 290 290 296 296 289 289 290 290 370 370 365 365 297 297 365 365 296 296 297 297 368 368 297 297 290 290 368 368 370 370 297 297 285 285 192 192 286 286 192 192 191 191 286 286 364 364 191 191 165 165 191 191 164 164 165 165 192 192 234 234 191 191 234 234 164 164 191 191 192 192 193 193 234 234 193 193 163 163 234 234 163 163 193 193 162 162 348 348 347 347 300 300 347 347 301 301 300 300 347 347 346 346 301 301 346 346 302 302 301 301 348 348 300 300 349 349 300 300 299 299 349 349 305 305 304 304 359 359 304 304 360 360 359 359 306 306 305 305 358 358 305 305 359 359 358 358 349 349 299 299 350 350 299 299 298 298 350 350 307 307 306 306 357 357 306 306 358 358 357 357 352 352 351 351 312 312 351 351 313 313 312 312 351 351 350 350 313 313 350 350 298 298 313 313 353 353 352 352 311 311 352 352 312 312 311 311 354 354 353 353 310 310 353 353 311 311 310 310 308 308 307 307 356 356 307 307 357 357 356 356 310 310 309 309 354 354 309 309 355 355 354 354 309 309 308 308 355 355 308 308 356 356 355 355 303 303 302 302 361 361 302 302 346 346 361 361 304 304 303 303 360 360 303 303 361 361 360 360</p>
				</triangles>
			</mesh>
		</geometry>
		<geometry id="78C089FF-8D51-409C-8F37-4F84982727D4-mesh" name="78C089FF-8D51-409C-8F37-4F84982727D4">
			<mesh>
				<source id="78C089FF-8D51-409C-8F37-4F84982727D4-mesh-positions">
					<float_array id="78C089FF-8D51-409C-8F37-4F84982727D4-mesh-positions-array" count="1530">1.062 0.44 0.02 0.813 0.813 0.02 0.44 1.062 0.02 0 1.15 0.02 -0.44 1.062 0.02 -0.813 0.813 0.02 -1.062 0.44 0.02 1.062 0.44 -5.5 0.813 0.813 -5.5 0.44 1.062 -5.5 0 1.15 -5.5 -0.44 1.062 -5.5 -0.813 0.813 -5.5 -1.062 0.44 -5.5 -1.848 0.765 0.02 -1.414 1.414 0.02 -0.765 1.848 0.02 0 2 0.02 0.765 1.848 0.02 1.414 1.414 0.02 1.848 0.765 0.02 1.848 0.765 1.5 1.414 1.414 1.5 0.765 1.848 1.5 0 2 1.5 -0.765 1.848 1.5 -1.414 1.414 1.5 -1.848 0.765 1.5 -2.003 0.36 7.003 -1.644 0.868 6.644 -2.634 0.36 5.822 -2.45 0.665 5.859 -2.109 0.876 5.931 -1.131 0.94 6.131 -0.45 1.085 3.489 -1.085 0.45 3.352 -0.613 0.969 6.478 0 0.999 6.6 0.613 1.028 6.478 1.131 1.057 6.131 1.478 1.087 5.613 1.6 1.116 5 1.478 1.146 4.387 1.131 1.175 3.869 0.613 1.175 3.522 -0.862 0.895 7.152 -1.859 0.664 6.859 -0.983 0.685 7.443 -1.063 0.371 7.637 0 0.923 7.317 0 0.706 7.641 0 0.382 7.857 0.871 0.95 7.1 0.999 0.727 7.408 1.084 0.393 7.614 1.615 0.977 6.615 1.858 0.748 6.858 2.02 0.405 7.02 2.121 1.004 5.879 2.447 0.768 6.014 2.665 0.416 6.105 2.307 1.031 5 2.669 0.789 5 2.911 0.427 5 2.142 1.058 4.112 2.485 0.81 3.97 2.715 0.438 3.874 1.647 1.086 3.353 1.916 0.831 3.084 2.096 0.45 2.904 0.809 1.086 2.828 -0.831 0.831 3.407 1.085 0.45 1.5 0.831 0.831 1.5 0.45 1.085 1.5 0 1.175 1.5 -0.45 1.085 1.5 -0.831 0.831 1.5 -1.085 0.45 1.5 1.059 0.831 2.545 1.114 0.45 1.954 1.301 0.45 2.357 1.176 0.45 2.183 0 1.162 3.428 0.831 0.831 2.137 0.894 0.831 2.39 -0.831 0.831 2.506 0.458 1.085 2.415 0.563 1.085 2.673 -1.085 0.45 2.506 0 1.168 2.506 -0.45 1.085 2.506 -2.424 0.36 6.468 -2.258 0.665 6.419 -1.97 0.855 6.331 1.109 0.46 -1.817 1.063 0.44 -1.899 0.849 0.849 -1.817 0.814 0.813 -1.738 0.459 1.109 -1.817 0.44 1.062 -1.738 0.44 1.062 -1.899 0.814 0.813 -1.899 1.063 0.44 -1.738 -1.109 0.46 -1.817 -1.063 0.44 -1.738 -1.063 0.44 -1.899 -0.849 0.849 -1.817 -0.814 0.813 -1.738 -0.814 0.813 -1.899 -0.459 1.109 -1.817 -0.44 1.062 -1.738 -0.44 1.062 -1.899 0 1.201 -1.817 0 1.15 -1.738 0 1.15 -1.899 1.062 -0.44 0.02 0.813 -0.813 0.02 0.44 -1.062 0.02 0 -1.15 0.02 -0.44 -1.062 0.02 -0.813 -0.813 0.02 -1.062 -0.44 0.02 1.062 -0.44 -5.5 0.813 -0.813 -5.5 0.44 -1.062 -5.5 0 -1.15 -5.5 -0.44 -1.062 -5.5 -0.813 -0.813 -5.5 -1.062 -0.44 -5.5 -1.848 -0.765 0.02 -1.414 -1.414 0.02 -0.765 -1.848 0.02 0 -2 0.02 0.765 -1.848 0.02 1.414 -1.414 0.02 1.848 -0.765 0.02 1.848 -0.765 1.5 1.414 -1.414 1.5 0.765 -1.848 1.5 0 -2 1.5 -0.765 -1.848 1.5 -1.414 -1.414 1.5 -1.848 -0.765 1.5 -2.003 -0.36 7.003 -1.644 -0.868 6.644 -2.634 -0.36 5.822 -2.45 -0.665 5.859 -2.109 -0.876 5.931 -1.131 -0.94 6.131 -0.45 -1.085 3.489 -1.085 -0.45 3.352 -0.613 -0.969 6.478 0 -0.999 6.6 0.613 -1.028 6.478 1.131 -1.057 6.131 1.478 -1.087 5.613 1.6 -1.116 5 1.478 -1.146 4.387 1.131 -1.175 3.869 0.613 -1.175 3.522 -0.862 -0.895 7.152 -1.859 -0.664 6.859 -0.983 -0.685 7.443 -1.063 -0.371 7.637 0 -0.922 7.317 0 -0.706 7.641 0 -0.382 7.857 0.871 -0.95 7.1 0.999 -0.727 7.408 1.084 -0.393 7.614 1.615 -0.977 6.615 1.858 -0.748 6.858 2.02 -0.405 7.02 2.121 -1.004 5.879 2.447 -0.768 6.014 2.665 -0.416 6.105 2.307 -1.031 5 2.669 -0.789 5 2.911 -0.427 5 2.142 -1.058 4.112 2.485 -0.81 3.97 2.715 -0.438 3.874 1.647 -1.086 3.353 1.916 -0.831 3.084 2.096 -0.45 2.904 0.809 -1.086 2.828 -0.831 -0.831 3.407 1.085 -0.45 1.5 0.831 -0.831 1.5 0.45 -1.085 1.5 0 -1.175 1.5 -0.45 -1.085 1.5 -0.831 -0.831 1.5 -1.085 -0.45 1.5 1.059 -0.831 2.545 1.114 -0.45 1.954 1.301 -0.45 2.357 1.176 -0.45 2.183 0 -1.162 3.428 0.831 -0.831 2.137 0.894 -0.831 2.39 -0.831 -0.831 2.506 0.458 -1.085 2.415 0.563 -1.085 2.673 -1.085 -0.45 2.506 0 -1.168 2.506 -0.45 -1.085 2.506 -2.424 -0.36 6.468 -2.258 -0.665 6.419 -1.97 -0.855 6.331 1.15 0 0.02 -1.15 0 0.02 1.15 0 -5.5 -1.15 0 -5.5 0 0 -5.5 -2 0 0.02 2 0 0.02 2 0 1.5 -2 0 1.5 -2.054 0 7.054 -2.711 0 5.805 -1.131 0 6.131 -1.091 0 7.705 0 0 7.933 1.114 0 7.687 2.077 0 7.077 2.741 0 6.136 2.996 0 5 2.795 0 3.841 2.16 0 2.84 -1.175 0 3.333 1.175 0 1.5 -1.175 0 1.5 1.478 0 5.613 1.131 0 6.131 0.613 0 6.478 0.613 0 3.522 -0.613 0 6.478 1.478 0 4.387 1.131 0 3.869 0 0 6.6 1.6 0 5 -0.45 0 3.489 -0.831 0 3.407 1.369 0 2.31 1.175 0 1.912 1.232 0 2.14 0.007 0 3.428 -1.175 0 2.506 -2.498 0 6.485 -2.45 0 5.859 -2.109 0 5.931 1.2 0 -1.817 1.151 0 -1.738 1.109 -0.46 -1.817 1.063 -0.44 -1.899 0.849 -0.849 -1.817 0.814 -0.813 -1.738 0.459 -1.109 -1.817 0.44 -1.062 -1.738 0.44 -1.062 -1.899 0.814 -0.813 -1.899 1.151 0 -1.899 1.063 -0.44 -1.738 -1.2 0 -1.817 -1.151 0 -1.899 -1.109 -0.46 -1.817 -1.063 -0.44 -1.738 -1.063 -0.44 -1.899 -0.849 -0.849 -1.817 -0.814 -0.813 -1.738 -0.814 -0.813 -1.899 -0.459 -1.109 -1.817 -0.44 -1.062 -1.738 -0.44 -1.062 -1.899 -1.151 0 -1.738 0 -1.201 -1.817 0 -1.15 -1.738 0 -1.15 -1.899 -0.439 0.909 7.27 -0.312 0.984 6.569 -0.501 0.696 7.583 -0.542 0.376 7.792 -0.556 0 7.866 -0.312 0 6.569 -0.439 -0.909 7.27 -0.312 -0.984 6.569 -0.501 -0.696 7.583 -0.542 -0.376 7.792 0.444 0.936 7.243 0.509 0.717 7.566 0.552 0.388 7.781 0.568 0 7.856 0.312 1.013 6.569 0.312 0 6.569 0.444 -0.936 7.243 0.509 -0.717 7.566 0.552 -0.388 7.781 0.312 -1.013 6.569 1.267 0.963 6.893 0.889 1.043 6.33 1.581 0.399 7.361 1.455 0.737 7.174 1.626 0 7.427 0.889 0 6.33 1.267 -0.963 6.893 0.889 -1.043 6.33 1.581 -0.399 7.361 1.455 -0.737 7.174 1.904 0.99 6.271 2.193 0.758 6.463 2.387 0.41 6.592 2.455 0 6.637 1.33 1.072 5.889 1.33 0 5.889 1.904 -0.99 6.271 2.193 -0.758 6.463 2.387 -0.41 6.592 1.33 -1.072 5.889 2.841 0.422 5.563 1.569 1.101 5.312 2.256 1.017 5.448 2.607 0.779 5.517 2.923 0 5.579 1.569 0 5.312 2.841 -0.422 5.563 1.569 -1.101 5.312 2.256 -1.017 5.448 2.607 -0.779 5.517 2.626 0.8 4.475 1.569 1.131 4.688 2.951 0 4.41 2.267 1.045 4.548 2.867 0.433 4.427 1.569 0 4.688 2.626 -0.8 4.475 1.569 -1.131 4.688 2.267 -1.045 4.548 2.867 -0.433 4.427 1.33 1.16 4.111 1.931 1.072 3.708 2.452 0.444 3.358 2.525 0 3.309 2.243 0.821 3.499 1.33 0 4.111 1.33 -1.16 4.111 1.931 -1.072 3.708 2.452 -0.444 3.358 2.243 -0.821 3.499 0.889 1.175 3.67 1.798 0 2.529 1.251 1.086 3.054 0.889 0 3.67 1.516 0.831 2.772 1.731 0.45 2.585 0.889 -1.175 3.67 1.251 -1.086 3.054 1.516 -0.831 2.772 1.731 -0.45 2.585 -1.448 0.675 7.192 -1.562 0.365 7.364 -0.889 0.954 6.33 -1.277 0.882 6.934 -0.889 0 6.33 -1.603 0 7.425 -1.448 -0.675 7.192 -1.562 -0.365 7.364 -0.889 -0.954 6.33 -1.277 -0.882 6.934 1.062 0.44 0.02 1.15 0 0.02 0.813 0.813 0.02 0.44 1.062 0.02 0 1.15 0.02 -0.44 1.062 0.02 -0.813 0.813 0.02 -1.062 0.44 0.02 -1.15 0 0.02 1.062 0.44 -5.5 1.15 0 -5.5 0.813 0.813 -5.5 0.44 1.062 -5.5 0 1.15 -5.5 -0.44 1.062 -5.5 -0.813 0.813 -5.5 -1.062 0.44 -5.5 -1.15 0 -5.5 -2 0 0.02 -1.848 0.765 0.02 -1.414 1.414 0.02 -0.765 1.848 0.02 0 2 0.02 0.765 1.848 0.02 1.414 1.414 0.02 1.848 0.765 0.02 2 0 0.02 1.848 0.765 1.5 2 0 1.5 1.414 1.414 1.5 0.765 1.848 1.5 0 2 1.5 -0.765 1.848 1.5 -1.414 1.414 1.5 -1.848 0.765 1.5 -2 0 1.5 1.33 1.16 4.111 1.131 1.175 3.869 1.569 1.131 4.688 1.478 1.146 4.387 0.889 1.175 3.67 0.613 1.175 3.522 -1.131 0.94 6.131 -1.131 0.94 6.131 -1.131 0 6.131 0.45 1.085 1.5 0 1.175 1.5 -0.831 0.831 1.5 -1.085 0.45 1.5 0.831 0.831 1.5 -2.45 0.665 5.859 -2.109 0.876 5.931 -0.312 0.984 6.569 0 0.999 6.6 -1.175 0 1.5 1.569 1.101 5.312 1.6 1.116 5 0.889 1.043 6.33 1.131 1.057 6.131 1.085 0.45 1.5 -0.45 1.085 3.489 -0.45 1.085 3.489 -0.831 0.831 3.407 1.175 0 1.5 -2.711 0 5.805 -2.634 0.36 5.822 0.312 1.013 6.569 0.613 1.028 6.478 -0.45 1.085 1.5 1.33 1.072 5.889 1.478 1.087 5.613 -0.889 0.954 6.33 -0.613 0.969 6.478 -0.45 0 3.489 -1.085 0.45 3.352 -1.175 0 3.333 0 1.162 3.428 1.062 -0.44 0.02 0.813 -0.813 0.02 0.44 -1.062 0.02 0 -1.15 0.02 -0.44 -1.062 0.02 -0.813 -0.813 0.02 -1.062 -0.44 0.02 1.062 -0.44 -5.5 0.813 -0.813 -5.5 0.44 -1.062 -5.5 0 -1.15 -5.5 -0.44 -1.062 -5.5 -0.813 -0.813 -5.5 -1.062 -0.44 -5.5 -1.848 -0.765 0.02 -1.414 -1.414 0.02 -0.765 -1.848 0.02 0 -2 0.02 0.765 -1.848 0.02 1.414 -1.414 0.02 1.848 -0.765 0.02 1.848 -0.765 1.5 1.414 -1.414 1.5 0.765 -1.848 1.5 0 -2 1.5 -0.765 -1.848 1.5 -1.414 -1.414 1.5 -1.848 -0.765 1.5 1.33 -1.16 4.111 1.131 -1.175 3.869 1.569 -1.131 4.688 1.478 -1.146 4.387 0.889 -1.175 3.67 0.613 -1.175 3.522 -1.131 -0.94 6.131 -1.131 -0.94 6.131 0.45 -1.085 1.5 0 -1.175 1.5 -0.831 -0.831 1.5 -1.085 -0.45 1.5 0.831 -0.831 1.5 -2.45 -0.665 5.859 -2.109 -0.876 5.931 -0.312 -0.984 6.569 0 -0.999 6.6 1.569 -1.101 5.312 1.6 -1.116 5 0.889 -1.043 6.33 1.131 -1.057 6.131 1.085 -0.45 1.5 -0.45 -1.085 3.489 -0.45 -1.085 3.489 -0.831 -0.831 3.407 -2.634 -0.36 5.822 0.312 -1.013 6.569 0.613 -1.028 6.478 -0.45 -1.085 1.5 1.33 -1.072 5.889 1.478 -1.087 5.613 -0.889 -0.954 6.33 -0.613 -0.969 6.478 -1.085 -0.45 3.352 0 -1.162 3.428</float_array>
					<technique_common>
						<accessor source="#78C089FF-8D51-409C-8F37-4F84982727D4-mesh-positions-array" count="510" stride="3">
							<param name="X" type="float"/>
							<param name="Y" type="float"/>
							<param name="Z" type="float"/>
						</accessor>
					</technique_common>
				</source>
				<source id="78C089FF-8D51-409C-8F37-4F84982727D4-mesh-normals">
					<float_array id="78C089FF-8D51-409C-8F37-4F84982727D4-mesh-normals-array" count="1530">0 0 -1 0 0 -1 0 0 -1 0 0 -1 0 0 -1 0 0 -1 0 0 -1 0 0 -1 0 0 -1 0 0 -1 0 0 -1 0 0 -1 0 0 -1 0 0 -1 0 0 -1 0 0 -1 0 0 -1 0 0 -1 0 0 -1 0 0 -1 0 0 -1 0 0 1 0 0 1 0 0 1 0 0 1 0 0 1 0 0 1 0 0 1 -0.662 0.365 0.654 -0.249 0.937 0.245 0.201 0 -0.98 -0.734 0.63 0.255 -0.384 0.91 0.158 0.633 0 -0.774 -0.37 0.929 0.002 -0.92 0.392 0 0.38 0 -0.925 -0.003 0 -1 -0.386 0 -0.923 -0.709 0 -0.705 -0.925 0 -0.38 0.119 0.992 0.037 0.126 0.992 -0.012 0.097 0.993 -0.073 0.037 0.993 -0.108 -0.158 0.935 0.317 -0.508 0.69 0.516 -0.283 0.701 0.655 -0.359 0.378 0.853 -0.021 0.934 0.358 -0.003 0.7 0.714 0.005 0.378 0.926 0.111 0.934 0.339 0.259 0.701 0.664 0.346 0.378 0.859 0.23 0.933 0.278 0.484 0.701 0.524 0.636 0.378 0.673 0.319 0.933 0.169 0.648 0.701 0.299 0.845 0.378 0.378 0.36 0.932 0.034 0.713 0.701 0.028 0.925 0.378 0.025 0.346 0.932 -0.107 0.669 0.701 -0.247 0.864 0.378 -0.331 0.263 0.932 -0.248 0.508 0.706 -0.493 0.667 0.384 -0.638 0.165 0.943 -0.289 -0.694 0.72 0 0 0 1 0 0 1 0 0 1 0 0 1 0 0 1 0 0 1 0 0 1 0.386 0.748 -0.54 0.907 0.402 -0.123 0.566 0.423 -0.708 0.804 0.439 -0.402 -0.054 0.998 -0.034 0.657 0.748 -0.092 0.53 0.784 -0.323 -0.707 0.707 0 0.329 0.943 -0.049 0.226 0.962 -0.156 -0.924 0.383 0 -0.008 1 0 -0.376 0.926 0.002 -0.825 0.348 0.445 -0.642 0.671 0.371 -0.311 0.927 0.209 0.923 0.384 0.006 0.79 0.326 -0.519 0.706 0.708 0.006 0.599 0.597 0.534 0.382 0.924 0.006 0.324 0.779 0.536 0.326 0.786 -0.526 0.603 0.602 -0.523 0.784 0.323 0.53 -0.923 0.384 0.006 -0.784 0.323 0.53 -0.79 0.326 -0.519 -0.706 0.708 0.006 -0.599 0.597 0.534 -0.603 0.602 -0.523 -0.382 0.924 0.006 -0.324 0.779 0.536 -0.326 0.786 -0.526 0 1 0.006 0 0.843 0.537 0 0.85 -0.526 0 0 -1 0 0 -1 0 0 -1 0 0 -1 0 0 -1 0 0 -1 0 0 -1 0 0 -1 0 0 -1 0 0 -1 0 0 -1 0 0 -1 0 0 -1 0 0 -1 0 0 -1 0 0 -1 0 0 -1 0 0 -1 0 0 -1 0 0 -1 0 0 -1 0 0 1 0 0 1 0 0 1 0 0 1 0 0 1 0 0 1 0 0 1 -0.662 -0.365 0.654 -0.249 -0.937 0.245 0.201 0 -0.98 -0.734 -0.63 0.255 -0.384 -0.91 0.158 0.633 0 -0.774 -0.37 -0.929 0.002 -0.92 -0.392 0 0.38 0 -0.925 -0.003 0 -1 -0.386 0 -0.923 -0.709 0 -0.705 -0.925 0 -0.38 0.119 -0.992 0.037 0.126 -0.992 -0.012 0.097 -0.993 -0.073 0.037 -0.993 -0.108 -0.158 -0.935 0.317 -0.508 -0.69 0.516 -0.283 -0.701 0.655 -0.359 -0.378 0.853 -0.021 -0.934 0.358 -0.003 -0.7 0.714 0.005 -0.378 0.926 0.111 -0.934 0.339 0.259 -0.701 0.664 0.346 -0.378 0.859 0.23 -0.933 0.278 0.484 -0.701 0.524 0.636 -0.378 0.673 0.319 -0.933 0.169 0.648 -0.701 0.299 0.845 -0.378 0.378 0.36 -0.932 0.034 0.713 -0.701 0.028 0.925 -0.378 0.025 0.346 -0.932 -0.107 0.669 -0.701 -0.247 0.864 -0.378 -0.331 0.263 -0.932 -0.248 0.508 -0.706 -0.493 0.667 -0.384 -0.638 0.165 -0.943 -0.289 -0.694 -0.72 0 0 0 1 0 0 1 0 0 1 0 0 1 0 0 1 0 0 1 0 0 1 0.386 -0.748 -0.54 0.907 -0.402 -0.123 0.566 -0.423 -0.708 0.804 -0.439 -0.402 -0.054 -0.998 -0.034 0.657 -0.748 -0.092 0.53 -0.784 -0.323 -0.707 -0.707 0 0.329 -0.943 -0.049 0.226 -0.962 -0.156 -0.924 -0.383 0 -0.008 -1 0 -0.376 -0.926 0.002 -0.825 -0.348 0.445 -0.642 -0.671 0.371 -0.311 -0.927 0.209 0 0 -1 0 0 -1 0 0 -1 0 0 -1 0 0 -1 0 0 -1 0 0 -1 0 0 1 0 0 1 -0.716 0 0.699 -0.952 0 0.305 0.633 0 -0.774 -0.386 0 0.922 0.007 0 1 0.376 0 0.927 0.689 0 0.725 0.914 0 0.405 1 0 0.024 0.933 0 -0.36 0.725 0 -0.688 -1 0 0 0 0 1 0 0 1 -0.924 0 -0.383 -0.707 0 -0.707 -0.383 0 -0.924 -0.318 0 0.948 0.383 0 -0.924 -0.924 0 0.383 -0.707 0 0.707 0 0 -1 -1 0 0 -0.21 0 0.978 -0.21 0 0.978 0.638 0 -0.77 0.99 0 -0.138 0.901 0 -0.434 -0.01 0 1 -1 0 0 -0.887 0 0.463 0.203 0 -0.979 0.203 0 -0.979 1 0 0.006 0.849 0 0.528 0.923 -0.384 0.006 0.79 -0.326 -0.519 0.706 -0.708 0.006 0.599 -0.597 0.534 0.382 -0.924 0.006 0.324 -0.779 0.536 0.326 -0.786 -0.526 0.603 -0.602 -0.523 0.856 0 -0.517 0.784 -0.323 0.53 -1 0 0.006 -0.856 0 -0.517 -0.923 -0.384 0.006 -0.784 -0.323 0.53 -0.79 -0.326 -0.519 -0.706 -0.708 0.006 -0.599 -0.597 0.534 -0.603 -0.602 -0.523 -0.382 -0.924 0.006 -0.324 -0.779 0.536 -0.326 -0.786 -0.526 -0.849 0 0.528 0 -1 0.006 0 -0.843 0.537 0 -0.85 -0.526 -0.096 0.936 0.339 -0.057 0.994 0.096 -0.155 0.701 0.696 -0.192 0.378 0.906 -0.205 0 0.979 0.195 0 -0.981 -0.096 -0.936 0.339 -0.057 -0.994 0.096 -0.155 -0.701 0.696 -0.192 -0.378 0.906 0.054 0.935 0.35 0.148 0.701 0.697 0.199 0.378 0.904 0.216 0 0.976 -0.011 0.993 0.116 -0.195 0 -0.981 0.054 -0.935 0.35 0.148 -0.701 0.697 0.199 -0.378 0.904 -0.011 -0.993 0.116 0.171 0.933 0.316 0.034 0.992 0.117 0.493 0.378 0.783 0.373 0.701 0.608 0.535 0 0.845 -0.556 0 -0.831 0.171 -0.933 0.316 0.034 -0.992 0.117 0.493 -0.378 0.783 0.373 -0.701 0.608 0.279 0.933 0.228 0.577 0.701 0.42 0.755 0.378 0.536 0.817 0 0.577 0.077 0.992 0.096 -0.831 0 -0.556 0.279 -0.933 0.228 0.577 -0.701 0.42 0.755 -0.378 0.536 0.077 -0.992 0.096 0.903 0.379 0.205 0.109 0.992 0.06 0.346 0.933 0.103 0.694 0.701 0.166 0.976 0 0.219 -0.981 0 -0.195 0.903 -0.379 0.205 0.109 -0.992 0.06 0.346 -0.933 0.103 0.694 -0.701 0.166 0.704 0.701 -0.111 0.125 0.992 0.013 0.985 0 -0.171 0.359 0.932 -0.037 0.912 0.378 -0.155 -0.981 0 0.195 0.704 -0.701 -0.111 0.125 -0.992 0.013 0.359 -0.932 -0.037 0.912 -0.378 -0.155 0.121 0.992 -0.037 0.318 0.932 -0.172 0.783 0.378 -0.494 0.844 0 -0.536 0.608 0.701 -0.374 -0.831 0 0.556 0.121 -0.992 -0.037 0.318 -0.932 -0.172 0.783 -0.378 -0.494 0.608 -0.701 -0.374 0.067 0.992 -0.104 0.565 0 -0.825 0.191 0.932 -0.309 -0.556 0 0.831 0.38 0.71 -0.593 0.516 0.383 -0.766 0.067 -0.992 -0.104 0.191 -0.932 -0.309 0.38 -0.71 -0.593 0.516 -0.383 -0.766 -0.406 0.701 0.586 -0.52 0.378 0.766 0.554 0 -0.832 -0.216 0.936 0.278 0.556 0 -0.831 -0.56 0 0.828 -0.406 -0.701 0.586 -0.52 -0.378 0.766 0.554 0 -0.832 -0.216 -0.936 0.278 0.924 0.383 0 1 0 0 0.707 0.707 0 0.383 0.924 0 0 1 0 -0.383 0.924 0 -0.707 0.707 0 -0.924 0.383 0 -1 0 0 0.924 0.383 0 1 0 0 0.707 0.707 0 0.383 0.924 0 0 1 0 -0.383 0.924 0 -0.707 0.707 0 -0.924 0.383 0 -1 0 0 -1 0 0 -0.924 0.383 0 -0.707 0.707 0 -0.383 0.924 0 0 1 0 0.383 0.924 0 0.707 0.707 0 0.924 0.383 0 1 0 0 0.924 0.383 0 1 0 0 0.707 0.707 0 0.383 0.924 0 0 1 0 -0.383 0.924 0 -0.707 0.707 0 -0.924 0.383 0 -1 0 0 -0.829 0 0.559 -0.706 0 0.708 -0.98 0 0.197 -0.923 0 0.386 -0.556 0 0.831 -0.319 0 0.948 0.201 0 -0.98 -0.088 0.994 0.06 0.201 0 -0.98 0.38 0.925 0 -0.001 1 0.003 -0.707 0.707 0 -0.924 0.383 0 0.698 0.716 -0.012 0.204 0 -0.979 0.202 0 -0.979 0.192 0 -0.981 -0.035 0.994 0.107 -1 0 0 -0.981 0 -0.192 -1 0 0.003 -0.559 0 -0.829 0.056 0.992 0.109 0.922 0.386 -0.028 -0.21 0 0.978 0.132 0 0.991 -0.21 0 0.978 0.999 0 -0.033 0.201 0 -0.98 -0.899 0.326 0.293 -0.197 0 -0.98 0.011 0.993 0.12 -0.379 0.925 0.002 -0.832 0 -0.554 0.095 0.992 0.08 -0.085 0.994 0.065 -0.072 0.994 0.082 0.132 0 0.991 -0.21 0 0.978 -0.21 0 0.978 -0.018 0 1 0.924 -0.383 0 0.707 -0.707 0 0.383 -0.924 0 0 -1 0 -0.383 -0.924 0 -0.707 -0.707 0 -0.924 -0.383 0 0.924 -0.383 0 0.707 -0.707 0 0.383 -0.924 0 0 -1 0 -0.383 -0.924 0 -0.707 -0.707 0 -0.924 -0.383 0 -0.924 -0.383 0 -0.707 -0.707 0 -0.383 -0.924 0 0 -1 0 0.383 -0.924 0 0.707 -0.707 0 0.924 -0.383 0 0.924 -0.383 0 0.707 -0.707 0 0.383 -0.924 0 0 -1 0 -0.383 -0.924 0 -0.707 -0.707 0 -0.924 -0.383 0 -0.829 0 0.559 -0.706 0 0.708 -0.98 0 0.197 -0.923 0 0.386 -0.556 0 0.831 -0.319 0 0.948 0.201 0 -0.98 -0.088 -0.994 0.06 0.38 -0.925 0 -0.001 -1 0.003 -0.707 -0.707 0 -0.924 -0.383 0 0.698 -0.716 -0.012 0.204 0 -0.979 0.202 0 -0.979 0.192 0 -0.981 -0.035 -0.994 0.107 -0.981 0 -0.192 -1 0 0.003 -0.559 0 -0.829 0.056 -0.992 0.109 0.922 -0.386 -0.028 -0.21 0 0.978 0.132 0 0.991 -0.21 0 0.978 -0.899 -0.326 0.293 -0.197 0 -0.98 0.011 -0.993 0.12 -0.379 -0.925 0.002 -0.832 0 -0.554 0.095 -0.992 0.08 -0.085 -0.994 0.065 -0.072 -0.994 0.082 -0.21 0 0.978 -0.018 0 1</float_array>
					<technique_common>
						<accessor source="#78C089FF-8D51-409C-8F37-4F84982727D4-mesh-normals-array" count="510" stride="3">
							<param name="X" type="float"/>
							<param name="Y" type="float"/>
							<param name="Z" type="float"/>
						</accessor>
					</technique_common>
				</source>
				<source id="78C089FF-8D51-409C-8F37-4F84982727D4-mesh-map-0">
					<float_array id="78C089FF-8D51-409C-8F37-4F84982727D4-mesh-map-0-array" count="4224">0.96 0.024 0.96 0.569 0.948 0.024 0.96 0.569 0.948 0.569 0.948 0.024 0.887 0.024 0.887 0.569 0.875 0.024 0.887 0.569 0.875 0.569 0.875 0.024 0.972 0.024 0.972 0.569 0.96 0.024 0.972 0.569 0.96 0.569 0.96 0.024 0.899 0.024 0.899 0.569 0.887 0.024 0.899 0.569 0.887 0.569 0.887 0.024 0.911 0.024 0.911 0.569 0.899 0.024 0.911 0.569 0.899 0.569 0.899 0.024 0.923 0.024 0.923 0.569 0.911 0.024 0.923 0.569 0.911 0.569 0.911 0.024 0.935 0.024 0.935 0.569 0.923 0.024 0.935 0.569 0.923 0.569 0.923 0.024 0.948 0.024 0.948 0.569 0.935 0.024 0.948 0.569 0.935 0.569 0.935 0.024 0.796 0.713 0.692 0.669 0.716 0.632 0.796 0.713 0.683 0.713 0.692 0.669 0.796 0.713 0.692 0.756 0.683 0.713 0.796 0.713 0.716 0.793 0.692 0.756 0.796 0.713 0.753 0.817 0.716 0.793 0.796 0.713 0.753 0.608 0.796 0.599 0.796 0.713 0.796 0.826 0.753 0.817 0.796 0.713 0.716 0.632 0.753 0.608 0.321 0.85 0.321 0.704 0.398 0.85 0.321 0.704 0.398 0.704 0.398 0.85 0.398 0.85 0.398 0.704 0.475 0.85 0.398 0.704 0.475 0.704 0.475 0.85 0.475 0.85 0.475 0.704 0.552 0.85 0.475 0.704 0.552 0.704 0.552 0.85 0.013 0.85 0.013 0.704 0.09 0.85 0.013 0.704 0.09 0.704 0.09 0.85 0.552 0.85 0.552 0.704 0.629 0.85 0.552 0.704 0.629 0.704 0.629 0.85 0.09 0.85 0.09 0.704 0.167 0.85 0.09 0.704 0.167 0.704 0.167 0.85 0.167 0.85 0.167 0.704 0.244 0.85 0.167 0.704 0.244 0.704 0.244 0.85 0.244 0.85 0.244 0.704 0.321 0.85 0.244 0.704 0.321 0.704 0.321 0.85 0.296 0.421 0.287 0.464 0.218 0.389 0.287 0.464 0.203 0.464 0.218 0.389 0.54 0.325 0.481 0.384 0.476 0.282 0.481 0.384 0.444 0.359 0.476 0.282 0.583 0.389 0.505 0.421 0.54 0.325 0.505 0.421 0.481 0.384 0.54 0.325 0.514 0.464 0.505 0.421 0.598 0.464 0.505 0.421 0.583 0.389 0.598 0.464 0.444 0.359 0.4 0.351 0.476 0.282 0.4 0.351 0.4 0.267 0.476 0.282 0.357 0.359 0.32 0.384 0.325 0.282 0.32 0.384 0.261 0.325 0.325 0.282 0.218 0.389 0.261 0.325 0.296 0.421 0.261 0.325 0.32 0.384 0.296 0.421 0.4 0.351 0.357 0.359 0.4 0.267 0.357 0.359 0.325 0.282 0.4 0.267 0.047 0.507 0.078 0.498 0.063 0.571 0.078 0.498 0.095 0.553 0.063 0.571 0.125 0.524 0.109 0.486 0.182 0.442 0.109 0.486 0.111 0.443 0.182 0.442 0.961 0.613 0.961 0.712 0.868 0.613 0.961 0.712 0.875 0.712 0.868 0.613 0.961 0.746 0.961 0.772 0.896 0.746 0.961 0.772 0.926 0.764 0.896 0.746 0.896 0.746 0.875 0.712 0.961 0.746 0.875 0.712 0.961 0.712 0.961 0.746 0.184 0.252 0.239 0.296 0.155 0.281 0.239 0.296 0.219 0.321 0.155 0.281 0.308 0.126 0.321 0.162 0.264 0.142 0.321 0.162 0.282 0.176 0.264 0.142 0.492 0.113 0.484 0.153 0.446 0.104 0.484 0.153 0.443 0.144 0.446 0.104 0.636 0.24 0.577 0.285 0.601 0.203 0.577 0.285 0.556 0.261 0.601 0.203 0.129 0.206 0.157 0.229 0.094 0.245 0.157 0.229 0.124 0.263 0.094 0.245 0.822 0.552 0.719 0.555 0.821 0.505 0.719 0.555 0.717 0.508 0.821 0.505 0.508 0.031 0.5 0.073 0.45 0.021 0.5 0.073 0.448 0.064 0.45 0.021 0.013 0.977 0.013 0.87 0.058 0.985 0.013 0.87 0.058 0.87 0.058 0.985 0.282 0.052 0.296 0.09 0.228 0.072 0.296 0.09 0.247 0.108 0.228 0.072 0.296 0.09 0.308 0.126 0.247 0.108 0.308 0.126 0.264 0.142 0.247 0.108 0.818 0.315 0.72 0.313 0.821 0.269 0.72 0.313 0.752 0.263 0.821 0.269 0.401 0.146 0.405 0.215 0.36 0.149 0.405 0.215 0.373 0.216 0.36 0.149 0.5 0.073 0.492 0.113 0.448 0.064 0.492 0.113 0.446 0.104 0.448 0.064 0.67 0.278 0.691 0.302 0.599 0.309 0.691 0.302 0.615 0.37 0.599 0.309 0.014 0.386 0.05 0.391 0.007 0.443 0.05 0.391 0.042 0.443 0.007 0.443 0.399 0.107 0.401 0.146 0.352 0.111 0.401 0.146 0.36 0.149 0.352 0.111 0.396 0.068 0.399 0.107 0.344 0.072 0.399 0.107 0.352 0.111 0.344 0.072 0.182 0.105 0.205 0.138 0.136 0.139 0.205 0.138 0.163 0.168 0.136 0.139 0.636 0.24 0.601 0.203 0.665 0.203 0.601 0.203 0.627 0.166 0.665 0.203 0.62 0.066 0.602 0.106 0.566 0.042 0.602 0.106 0.552 0.083 0.566 0.042 0.108 0.306 0.14 0.319 0.091 0.348 0.14 0.319 0.125 0.357 0.091 0.348 0.321 0.162 0.342 0.226 0.282 0.176 0.342 0.226 0.312 0.235 0.282 0.176 0.205 0.138 0.227 0.169 0.163 0.168 0.227 0.169 0.189 0.196 0.163 0.168 0.602 0.106 0.583 0.145 0.552 0.083 0.583 0.145 0.539 0.123 0.552 0.083 0.157 0.229 0.184 0.252 0.124 0.263 0.184 0.252 0.155 0.281 0.124 0.263 0.099 0.182 0.129 0.206 0.062 0.226 0.129 0.206 0.094 0.245 0.062 0.226 0.14 0.319 0.206 0.35 0.125 0.357 0.206 0.35 0.192 0.379 0.125 0.357 0.393 0.027 0.396 0.068 0.335 0.032 0.396 0.068 0.344 0.072 0.335 0.032 0.583 0.145 0.563 0.182 0.539 0.123 0.563 0.182 0.525 0.162 0.539 0.123 0.248 0.199 0.285 0.253 0.214 0.222 0.285 0.253 0.259 0.271 0.214 0.222 0.227 0.169 0.248 0.199 0.189 0.196 0.248 0.199 0.214 0.222 0.189 0.196 0.076 0.292 0.108 0.306 0.057 0.339 0.108 0.306 0.091 0.348 0.057 0.339 0.528 0.245 0.5 0.229 0.563 0.182 0.5 0.229 0.525 0.162 0.563 0.182 0.82 0.457 0.715 0.46 0.818 0.41 0.715 0.46 0.714 0.412 0.818 0.41 0.821 0.505 0.717 0.508 0.82 0.457 0.717 0.508 0.715 0.46 0.82 0.457 0.484 0.153 0.468 0.221 0.443 0.144 0.468 0.221 0.437 0.214 0.443 0.144 0.05 0.391 0.084 0.396 0.042 0.443 0.084 0.396 0.077 0.444 0.042 0.443 0.818 0.41 0.714 0.412 0.818 0.363 0.714 0.412 0.712 0.364 0.818 0.363 0.821 0.269 0.752 0.263 0.828 0.222 0.752 0.263 0.779 0.211 0.828 0.222 0.042 0.277 0.076 0.292 0.021 0.329 0.076 0.292 0.057 0.339 0.021 0.329 0.084 0.396 0.118 0.4 0.077 0.444 0.118 0.4 0.111 0.443 0.077 0.444 0.187 0.411 0.118 0.4 0.192 0.379 0.118 0.4 0.125 0.357 0.192 0.379 0.149 0.986 0.149 0.87 0.18 0.986 0.149 0.87 0.18 0.87 0.18 0.986 0.457 0.973 0.457 0.87 0.488 0.971 0.457 0.87 0.488 0.87 0.488 0.971 0.211 0.984 0.211 0.87 0.242 0.983 0.211 0.87 0.242 0.87 0.242 0.983 0.334 0.979 0.334 0.87 0.365 0.977 0.334 0.87 0.365 0.87 0.365 0.977 0.519 0.97 0.519 0.87 0.55 0.968 0.519 0.87 0.55 0.87 0.55 0.968 0.581 0.967 0.581 0.87 0.612 0.965 0.581 0.87 0.612 0.87 0.612 0.965 0.72 0.313 0.712 0.364 0.691 0.302 0.712 0.364 0.615 0.37 0.691 0.302 0.396 0.976 0.396 0.87 0.427 0.974 0.396 0.87 0.427 0.87 0.427 0.974 0.273 0.981 0.273 0.87 0.303 0.98 0.273 0.87 0.303 0.87 0.303 0.98 0.345 0.434 0.38 0.434 0.354 0.478 0.38 0.434 0.38 0.516 0.354 0.478 0.058 0.985 0.058 0.87 0.119 0.986 0.058 0.87 0.119 0.87 0.119 0.986 0.642 0.964 0.642 0.87 0.673 0.963 0.642 0.87 0.673 0.87 0.673 0.963 0.418 0.541 0.38 0.516 0.418 0.434 0.38 0.516 0.38 0.434 0.418 0.434 0.012 0.515 0.047 0.507 0.029 0.584 0.047 0.507 0.063 0.571 0.029 0.584 0.714 0.118 0.691 0.16 0.673 0.09 0.691 0.16 0.651 0.129 0.673 0.09 0.691 0.16 0.665 0.203 0.651 0.129 0.665 0.203 0.627 0.166 0.651 0.129 0.798 0.165 0.779 0.211 0.775 0.157 0.779 0.211 0.753 0.203 0.775 0.157 0.775 0.157 0.753 0.203 0.755 0.147 0.753 0.203 0.731 0.191 0.755 0.147 0.717 0.508 0.719 0.555 0.629 0.511 0.719 0.555 0.633 0.558 0.629 0.511 0.752 0.263 0.72 0.313 0.723 0.255 0.72 0.313 0.691 0.302 0.723 0.255 0.723 0.255 0.691 0.302 0.703 0.24 0.691 0.302 0.67 0.278 0.703 0.24 0.779 0.211 0.752 0.263 0.753 0.203 0.752 0.263 0.723 0.255 0.753 0.203 0.753 0.203 0.723 0.255 0.731 0.191 0.723 0.255 0.703 0.24 0.731 0.191 0.828 0.222 0.779 0.211 0.839 0.176 0.779 0.211 0.798 0.165 0.839 0.176 0.712 0.364 0.72 0.313 0.818 0.363 0.72 0.313 0.818 0.315 0.818 0.363 0.714 0.412 0.715 0.46 0.611 0.417 0.715 0.46 0.622 0.464 0.611 0.417 0.712 0.364 0.714 0.412 0.615 0.37 0.714 0.412 0.611 0.417 0.615 0.37 0.715 0.46 0.717 0.508 0.622 0.464 0.717 0.508 0.629 0.511 0.622 0.464 0.203 0.484 0.284 0.484 0.218 0.559 0.284 0.484 0.293 0.528 0.218 0.559 0.218 0.559 0.293 0.528 0.261 0.623 0.293 0.528 0.318 0.566 0.261 0.623 0.261 0.623 0.318 0.566 0.325 0.666 0.318 0.566 0.356 0.591 0.325 0.666 0.325 0.666 0.356 0.591 0.4 0.681 0.356 0.591 0.4 0.6 0.4 0.681 0.4 0.681 0.4 0.6 0.476 0.666 0.4 0.6 0.445 0.591 0.476 0.666 0.476 0.666 0.445 0.591 0.54 0.623 0.445 0.591 0.482 0.566 0.54 0.623 0.54 0.623 0.482 0.566 0.583 0.559 0.482 0.566 0.507 0.528 0.583 0.559 0.583 0.559 0.507 0.528 0.598 0.484 0.507 0.528 0.516 0.484 0.598 0.484 0.109 0.486 0.125 0.524 0.078 0.498 0.125 0.524 0.095 0.553 0.078 0.498 0.111 0.443 0.109 0.486 0.077 0.444 0.109 0.486 0.078 0.498 0.077 0.444 0.007 0.443 0.042 0.443 0.012 0.515 0.042 0.443 0.047 0.507 0.012 0.515 0.042 0.443 0.077 0.444 0.047 0.507 0.077 0.444 0.078 0.498 0.047 0.507 0.846 0.899 0.88 0.899 0.846 0.905 0.88 0.899 0.88 0.905 0.846 0.905 0.915 0.911 0.915 0.905 0.949 0.911 0.915 0.905 0.949 0.905 0.949 0.911 0.88 0.911 0.88 0.905 0.915 0.911 0.88 0.905 0.915 0.905 0.915 0.911 0.88 0.899 0.915 0.899 0.88 0.905 0.915 0.899 0.915 0.905 0.88 0.905 0.983 0.905 0.983 0.911 0.949 0.905 0.983 0.911 0.949 0.911 0.949 0.905 0.915 0.899 0.949 0.899 0.915 0.905 0.949 0.899 0.949 0.905 0.915 0.905 0.846 0.911 0.846 0.905 0.88 0.911 0.846 0.905 0.88 0.905 0.88 0.911 0.949 0.905 0.949 0.899 0.983 0.905 0.949 0.899 0.983 0.899 0.983 0.905 0.846 0.899 0.846 0.905 0.812 0.899 0.846 0.905 0.812 0.905 0.812 0.899 0.777 0.911 0.743 0.911 0.777 0.905 0.743 0.911 0.743 0.905 0.777 0.905 0.812 0.911 0.777 0.911 0.812 0.905 0.777 0.911 0.777 0.905 0.812 0.905 0.812 0.899 0.812 0.905 0.777 0.899 0.812 0.905 0.777 0.905 0.777 0.899 0.709 0.905 0.743 0.905 0.709 0.911 0.743 0.905 0.743 0.911 0.709 0.911 0.777 0.899 0.777 0.905 0.743 0.899 0.777 0.905 0.743 0.905 0.743 0.899 0.846 0.911 0.812 0.911 0.846 0.905 0.812 0.911 0.812 0.905 0.846 0.905 0.743 0.905 0.709 0.905 0.743 0.899 0.709 0.905 0.709 0.899 0.743 0.899 0.96 0.024 0.948 0.024 0.96 0.569 0.948 0.024 0.948 0.569 0.96 0.569 0.887 0.024 0.875 0.024 0.887 0.569 0.875 0.024 0.875 0.569 0.887 0.569 0.972 0.024 0.96 0.024 0.972 0.569 0.96 0.024 0.96 0.569 0.972 0.569 0.899 0.024 0.887 0.024 0.899 0.569 0.887 0.024 0.887 0.569 0.899 0.569 0.911 0.024 0.899 0.024 0.911 0.569 0.899 0.024 0.899 0.569 0.911 0.569 0.923 0.024 0.911 0.024 0.923 0.569 0.911 0.024 0.911 0.569 0.923 0.569 0.935 0.024 0.923 0.024 0.935 0.569 0.923 0.024 0.923 0.569 0.935 0.569 0.948 0.024 0.935 0.024 0.948 0.569 0.935 0.024 0.935 0.569 0.948 0.569 0.796 0.713 0.716 0.632 0.692 0.669 0.796 0.713 0.692 0.669 0.683 0.713 0.796 0.713 0.683 0.713 0.692 0.756 0.796 0.713 0.692 0.756 0.716 0.793 0.796 0.713 0.716 0.793 0.753 0.817 0.796 0.713 0.796 0.599 0.753 0.608 0.796 0.713 0.753 0.817 0.796 0.826 0.796 0.713 0.753 0.608 0.716 0.632 0.321 0.85 0.398 0.85 0.321 0.704 0.398 0.85 0.398 0.704 0.321 0.704 0.398 0.85 0.475 0.85 0.398 0.704 0.475 0.85 0.475 0.704 0.398 0.704 0.475 0.85 0.552 0.85 0.475 0.704 0.552 0.85 0.552 0.704 0.475 0.704 0.013 0.85 0.09 0.85 0.013 0.704 0.09 0.85 0.09 0.704 0.013 0.704 0.552 0.85 0.629 0.85 0.552 0.704 0.629 0.85 0.629 0.704 0.552 0.704 0.09 0.85 0.167 0.85 0.09 0.704 0.167 0.85 0.167 0.704 0.09 0.704 0.167 0.85 0.244 0.85 0.167 0.704 0.244 0.85 0.244 0.704 0.167 0.704 0.244 0.85 0.321 0.85 0.244 0.704 0.321 0.85 0.321 0.704 0.244 0.704 0.296 0.421 0.218 0.389 0.287 0.464 0.218 0.389 0.203 0.464 0.287 0.464 0.54 0.325 0.476 0.282 0.481 0.384 0.476 0.282 0.444 0.359 0.481 0.384 0.583 0.389 0.54 0.325 0.505 0.421 0.54 0.325 0.481 0.384 0.505 0.421 0.583 0.389 0.505 0.421 0.598 0.464 0.505 0.421 0.514 0.464 0.598 0.464 0.444 0.359 0.476 0.282 0.4 0.351 0.476 0.282 0.4 0.267 0.4 0.351 0.357 0.359 0.325 0.282 0.32 0.384 0.325 0.282 0.261 0.325 0.32 0.384 0.218 0.389 0.296 0.421 0.261 0.325 0.296 0.421 0.32 0.384 0.261 0.325 0.4 0.351 0.4 0.267 0.357 0.359 0.4 0.267 0.325 0.282 0.357 0.359 0.047 0.507 0.063 0.571 0.078 0.498 0.063 0.571 0.095 0.553 0.078 0.498 0.125 0.524 0.182 0.442 0.109 0.486 0.182 0.442 0.111 0.443 0.109 0.486 0.961 0.613 0.868 0.613 0.961 0.712 0.868 0.613 0.875 0.712 0.961 0.712 0.961 0.746 0.896 0.746 0.961 0.772 0.896 0.746 0.926 0.764 0.961 0.772 0.896 0.746 0.961 0.746 0.875 0.712 0.961 0.746 0.961 0.712 0.875 0.712 0.184 0.252 0.155 0.281 0.239 0.296 0.155 0.281 0.219 0.321 0.239 0.296 0.308 0.126 0.264 0.142 0.321 0.162 0.264 0.142 0.282 0.176 0.321 0.162 0.492 0.113 0.446 0.104 0.484 0.153 0.446 0.104 0.443 0.144 0.484 0.153 0.636 0.24 0.601 0.203 0.577 0.285 0.601 0.203 0.556 0.261 0.577 0.285 0.129 0.206 0.094 0.245 0.157 0.229 0.094 0.245 0.124 0.263 0.157 0.229 0.822 0.552 0.821 0.505 0.719 0.555 0.821 0.505 0.717 0.508 0.719 0.555 0.508 0.031 0.45 0.021 0.5 0.073 0.45 0.021 0.448 0.064 0.5 0.073 0.013 0.977 0.058 0.985 0.013 0.87 0.058 0.985 0.058 0.87 0.013 0.87 0.282 0.052 0.228 0.072 0.296 0.09 0.228 0.072 0.247 0.108 0.296 0.09 0.296 0.09 0.247 0.108 0.308 0.126 0.247 0.108 0.264 0.142 0.308 0.126 0.818 0.315 0.821 0.269 0.72 0.313 0.821 0.269 0.752 0.263 0.72 0.313 0.401 0.146 0.36 0.149 0.405 0.215 0.36 0.149 0.373 0.216 0.405 0.215 0.5 0.073 0.448 0.064 0.492 0.113 0.448 0.064 0.446 0.104 0.492 0.113 0.67 0.278 0.599 0.309 0.691 0.302 0.599 0.309 0.615 0.37 0.691 0.302 0.014 0.386 0.007 0.443 0.05 0.391 0.007 0.443 0.042 0.443 0.05 0.391 0.399 0.107 0.352 0.111 0.401 0.146 0.352 0.111 0.36 0.149 0.401 0.146 0.396 0.068 0.344 0.072 0.399 0.107 0.344 0.072 0.352 0.111 0.399 0.107 0.182 0.105 0.136 0.139 0.205 0.138 0.136 0.139 0.163 0.168 0.205 0.138 0.636 0.24 0.665 0.203 0.601 0.203 0.665 0.203 0.627 0.166 0.601 0.203 0.62 0.066 0.566 0.042 0.602 0.106 0.566 0.042 0.552 0.083 0.602 0.106 0.108 0.306 0.091 0.348 0.14 0.319 0.091 0.348 0.125 0.357 0.14 0.319 0.321 0.162 0.282 0.176 0.342 0.226 0.282 0.176 0.312 0.235 0.342 0.226 0.205 0.138 0.163 0.168 0.227 0.169 0.163 0.168 0.189 0.196 0.227 0.169 0.602 0.106 0.552 0.083 0.583 0.145 0.552 0.083 0.539 0.123 0.583 0.145 0.157 0.229 0.124 0.263 0.184 0.252 0.124 0.263 0.155 0.281 0.184 0.252 0.099 0.182 0.062 0.226 0.129 0.206 0.062 0.226 0.094 0.245 0.129 0.206 0.14 0.319 0.125 0.357 0.206 0.35 0.125 0.357 0.192 0.379 0.206 0.35 0.393 0.027 0.335 0.032 0.396 0.068 0.335 0.032 0.344 0.072 0.396 0.068 0.583 0.145 0.539 0.123 0.563 0.182 0.539 0.123 0.525 0.162 0.563 0.182 0.248 0.199 0.214 0.222 0.285 0.253 0.214 0.222 0.259 0.271 0.285 0.253 0.227 0.169 0.189 0.196 0.248 0.199 0.189 0.196 0.214 0.222 0.248 0.199 0.076 0.292 0.057 0.339 0.108 0.306 0.057 0.339 0.091 0.348 0.108 0.306 0.528 0.245 0.563 0.182 0.5 0.229 0.563 0.182 0.525 0.162 0.5 0.229 0.82 0.457 0.818 0.41 0.715 0.46 0.818 0.41 0.714 0.412 0.715 0.46 0.821 0.505 0.82 0.457 0.717 0.508 0.82 0.457 0.715 0.46 0.717 0.508 0.484 0.153 0.443 0.144 0.468 0.221 0.443 0.144 0.437 0.214 0.468 0.221 0.05 0.391 0.042 0.443 0.084 0.396 0.042 0.443 0.077 0.444 0.084 0.396 0.818 0.41 0.818 0.363 0.714 0.412 0.818 0.363 0.712 0.364 0.714 0.412 0.821 0.269 0.828 0.222 0.752 0.263 0.828 0.222 0.779 0.211 0.752 0.263 0.042 0.277 0.021 0.329 0.076 0.292 0.021 0.329 0.057 0.339 0.076 0.292 0.084 0.396 0.077 0.444 0.118 0.4 0.077 0.444 0.111 0.443 0.118 0.4 0.187 0.411 0.192 0.379 0.118 0.4 0.192 0.379 0.125 0.357 0.118 0.4 0.149 0.986 0.18 0.986 0.149 0.87 0.18 0.986 0.18 0.87 0.149 0.87 0.457 0.973 0.488 0.971 0.457 0.87 0.488 0.971 0.488 0.87 0.457 0.87 0.211 0.984 0.242 0.983 0.211 0.87 0.242 0.983 0.242 0.87 0.211 0.87 0.334 0.979 0.365 0.977 0.334 0.87 0.365 0.977 0.365 0.87 0.334 0.87 0.519 0.97 0.55 0.968 0.519 0.87 0.55 0.968 0.55 0.87 0.519 0.87 0.581 0.967 0.612 0.965 0.581 0.87 0.612 0.965 0.612 0.87 0.581 0.87 0.72 0.313 0.691 0.302 0.712 0.364 0.691 0.302 0.615 0.37 0.712 0.364 0.396 0.976 0.427 0.974 0.396 0.87 0.427 0.974 0.427 0.87 0.396 0.87 0.273 0.981 0.303 0.98 0.273 0.87 0.303 0.98 0.303 0.87 0.273 0.87 0.345 0.434 0.354 0.478 0.38 0.434 0.354 0.478 0.38 0.516 0.38 0.434 0.058 0.985 0.119 0.986 0.058 0.87 0.119 0.986 0.119 0.87 0.058 0.87 0.642 0.964 0.673 0.963 0.642 0.87 0.673 0.963 0.673 0.87 0.642 0.87 0.418 0.541 0.418 0.434 0.38 0.516 0.418 0.434 0.38 0.434 0.38 0.516 0.012 0.515 0.029 0.584 0.047 0.507 0.029 0.584 0.063 0.571 0.047 0.507 0.714 0.118 0.673 0.09 0.691 0.16 0.673 0.09 0.651 0.129 0.691 0.16 0.691 0.16 0.651 0.129 0.665 0.203 0.651 0.129 0.627 0.166 0.665 0.203 0.798 0.165 0.775 0.157 0.779 0.211 0.775 0.157 0.753 0.203 0.779 0.211 0.775 0.157 0.755 0.147 0.753 0.203 0.755 0.147 0.731 0.191 0.753 0.203 0.717 0.508 0.629 0.511 0.719 0.555 0.629 0.511 0.633 0.558 0.719 0.555 0.752 0.263 0.723 0.255 0.72 0.313 0.723 0.255 0.691 0.302 0.72 0.313 0.723 0.255 0.703 0.24 0.691 0.302 0.703 0.24 0.67 0.278 0.691 0.302 0.779 0.211 0.753 0.203 0.752 0.263 0.753 0.203 0.723 0.255 0.752 0.263 0.753 0.203 0.731 0.191 0.723 0.255 0.731 0.191 0.703 0.24 0.723 0.255 0.828 0.222 0.839 0.176 0.779 0.211 0.839 0.176 0.798 0.165 0.779 0.211 0.712 0.364 0.818 0.363 0.72 0.313 0.818 0.363 0.818 0.315 0.72 0.313 0.714 0.412 0.611 0.417 0.715 0.46 0.611 0.417 0.622 0.464 0.715 0.46 0.712 0.364 0.615 0.37 0.714 0.412 0.615 0.37 0.611 0.417 0.714 0.412 0.715 0.46 0.622 0.464 0.717 0.508 0.622 0.464 0.629 0.511 0.717 0.508 0.203 0.484 0.218 0.559 0.284 0.484 0.218 0.559 0.293 0.528 0.284 0.484 0.218 0.559 0.261 0.623 0.293 0.528 0.261 0.623 0.318 0.566 0.293 0.528 0.261 0.623 0.325 0.666 0.318 0.566 0.325 0.666 0.356 0.591 0.318 0.566 0.325 0.666 0.4 0.681 0.356 0.591 0.4 0.681 0.4 0.6 0.356 0.591 0.4 0.681 0.476 0.666 0.4 0.6 0.476 0.666 0.445 0.591 0.4 0.6 0.476 0.666 0.54 0.623 0.445 0.591 0.54 0.623 0.482 0.566 0.445 0.591 0.54 0.623 0.583 0.559 0.482 0.566 0.583 0.559 0.507 0.528 0.482 0.566 0.583 0.559 0.598 0.484 0.507 0.528 0.598 0.484 0.516 0.484 0.507 0.528 0.109 0.486 0.078 0.498 0.125 0.524 0.078 0.498 0.095 0.553 0.125 0.524 0.111 0.443 0.077 0.444 0.109 0.486 0.077 0.444 0.078 0.498 0.109 0.486 0.007 0.443 0.012 0.515 0.042 0.443 0.012 0.515 0.047 0.507 0.042 0.443 0.042 0.443 0.047 0.507 0.077 0.444 0.047 0.507 0.078 0.498 0.077 0.444 0.846 0.899 0.846 0.905 0.88 0.899 0.846 0.905 0.88 0.905 0.88 0.899 0.915 0.911 0.949 0.911 0.915 0.905 0.949 0.911 0.949 0.905 0.915 0.905 0.88 0.911 0.915 0.911 0.88 0.905 0.915 0.911 0.915 0.905 0.88 0.905 0.88 0.899 0.88 0.905 0.915 0.899 0.88 0.905 0.915 0.905 0.915 0.899 0.983 0.905 0.949 0.905 0.983 0.911 0.949 0.905 0.949 0.911 0.983 0.911 0.915 0.899 0.915 0.905 0.949 0.899 0.915 0.905 0.949 0.905 0.949 0.899 0.846 0.911 0.88 0.911 0.846 0.905 0.88 0.911 0.88 0.905 0.846 0.905 0.949 0.905 0.983 0.905 0.949 0.899 0.983 0.905 0.983 0.899 0.949 0.899 0.846 0.899 0.812 0.899 0.846 0.905 0.812 0.899 0.812 0.905 0.846 0.905 0.777 0.911 0.777 0.905 0.743 0.911 0.777 0.905 0.743 0.905 0.743 0.911 0.812 0.911 0.812 0.905 0.777 0.911 0.812 0.905 0.777 0.905 0.777 0.911 0.812 0.899 0.777 0.899 0.812 0.905 0.777 0.899 0.777 0.905 0.812 0.905 0.709 0.905 0.709 0.911 0.743 0.905 0.709 0.911 0.743 0.911 0.743 0.905 0.777 0.899 0.743 0.899 0.777 0.905 0.743 0.899 0.743 0.905 0.777 0.905 0.846 0.911 0.846 0.905 0.812 0.911 0.846 0.905 0.812 0.905 0.812 0.911 0.743 0.905 0.743 0.899 0.709 0.905 0.743 0.899 0.709 0.899 0.709 0.905 0.55 0.968 0.581 0.967 0.55 0.87 0.581 0.967 0.581 0.87 0.55 0.87 0.062 0.226 0.042 0.277 0.094 0.245 0.042 0.277 0.076 0.292 0.094 0.245 0.094 0.245 0.076 0.292 0.124 0.263 0.076 0.292 0.108 0.306 0.124 0.263 0.155 0.281 0.14 0.319 0.219 0.321 0.14 0.319 0.206 0.35 0.219 0.321 0.124 0.263 0.108 0.306 0.155 0.281 0.108 0.306 0.14 0.319 0.155 0.281 0.55 0.968 0.55 0.87 0.581 0.967 0.55 0.87 0.581 0.87 0.581 0.967 0.062 0.226 0.094 0.245 0.042 0.277 0.094 0.245 0.076 0.292 0.042 0.277 0.094 0.245 0.124 0.263 0.076 0.292 0.124 0.263 0.108 0.306 0.076 0.292 0.155 0.281 0.219 0.321 0.14 0.319 0.219 0.321 0.206 0.35 0.14 0.319 0.124 0.263 0.155 0.281 0.108 0.306 0.155 0.281 0.14 0.319 0.108 0.306 0.488 0.971 0.519 0.97 0.488 0.87 0.519 0.97 0.519 0.87 0.488 0.87 0.136 0.139 0.099 0.182 0.163 0.168 0.099 0.182 0.129 0.206 0.163 0.168 0.189 0.196 0.157 0.229 0.214 0.222 0.157 0.229 0.184 0.252 0.214 0.222 0.163 0.168 0.129 0.206 0.189 0.196 0.129 0.206 0.157 0.229 0.189 0.196 0.214 0.222 0.184 0.252 0.259 0.271 0.184 0.252 0.239 0.296 0.259 0.271 0.488 0.971 0.488 0.87 0.519 0.97 0.488 0.87 0.519 0.87 0.519 0.97 0.136 0.139 0.163 0.168 0.099 0.182 0.163 0.168 0.129 0.206 0.099 0.182 0.189 0.196 0.214 0.222 0.157 0.229 0.214 0.222 0.184 0.252 0.157 0.229 0.163 0.168 0.189 0.196 0.129 0.206 0.189 0.196 0.157 0.229 0.129 0.206 0.214 0.222 0.259 0.271 0.184 0.252 0.259 0.271 0.239 0.296 0.184 0.252 0.427 0.974 0.457 0.973 0.427 0.87 0.457 0.973 0.457 0.87 0.427 0.87 0.264 0.142 0.227 0.169 0.282 0.176 0.227 0.169 0.248 0.199 0.282 0.176 0.282 0.176 0.248 0.199 0.312 0.235 0.248 0.199 0.285 0.253 0.312 0.235 0.247 0.108 0.205 0.138 0.264 0.142 0.205 0.138 0.227 0.169 0.264 0.142 0.228 0.072 0.182 0.105 0.247 0.108 0.182 0.105 0.205 0.138 0.247 0.108 0.427 0.974 0.427 0.87 0.457 0.973 0.427 0.87 0.457 0.87 0.457 0.973 0.264 0.142 0.282 0.176 0.227 0.169 0.282 0.176 0.248 0.199 0.227 0.169 0.282 0.176 0.312 0.235 0.248 0.199 0.312 0.235 0.285 0.253 0.248 0.199 0.247 0.108 0.264 0.142 0.205 0.138 0.264 0.142 0.227 0.169 0.205 0.138 0.228 0.072 0.247 0.108 0.182 0.105 0.247 0.108 0.205 0.138 0.182 0.105 0.365 0.977 0.396 0.976 0.365 0.87 0.396 0.976 0.396 0.87 0.365 0.87 0.36 0.149 0.321 0.162 0.373 0.216 0.321 0.162 0.342 0.226 0.373 0.216 0.344 0.072 0.296 0.09 0.352 0.111 0.296 0.09 0.308 0.126 0.352 0.111 0.335 0.032 0.282 0.052 0.344 0.072 0.282 0.052 0.296 0.09 0.344 0.072 0.352 0.111 0.308 0.126 0.36 0.149 0.308 0.126 0.321 0.162 0.36 0.149 0.365 0.977 0.365 0.87 0.396 0.976 0.365 0.87 0.396 0.87 0.396 0.976 0.36 0.149 0.373 0.216 0.321 0.162 0.373 0.216 0.342 0.226 0.321 0.162 0.344 0.072 0.352 0.111 0.296 0.09 0.352 0.111 0.308 0.126 0.296 0.09 0.335 0.032 0.344 0.072 0.282 0.052 0.344 0.072 0.296 0.09 0.282 0.052 0.352 0.111 0.36 0.149 0.308 0.126 0.36 0.149 0.321 0.162 0.308 0.126 0.303 0.98 0.334 0.979 0.303 0.87 0.334 0.979 0.334 0.87 0.303 0.87 0.45 0.021 0.393 0.027 0.448 0.064 0.393 0.027 0.396 0.068 0.448 0.064 0.448 0.064 0.396 0.068 0.446 0.104 0.396 0.068 0.399 0.107 0.446 0.104 0.446 0.104 0.399 0.107 0.443 0.144 0.399 0.107 0.401 0.146 0.443 0.144 0.443 0.144 0.401 0.146 0.437 0.214 0.401 0.146 0.405 0.215 0.437 0.214 0.303 0.98 0.303 0.87 0.334 0.979 0.303 0.87 0.334 0.87 0.334 0.979 0.45 0.021 0.448 0.064 0.393 0.027 0.448 0.064 0.396 0.068 0.393 0.027 0.448 0.064 0.446 0.104 0.396 0.068 0.446 0.104 0.399 0.107 0.396 0.068 0.446 0.104 0.443 0.144 0.399 0.107 0.443 0.144 0.401 0.146 0.399 0.107 0.443 0.144 0.437 0.214 0.401 0.146 0.437 0.214 0.405 0.215 0.401 0.146 0.242 0.983 0.273 0.981 0.242 0.87 0.273 0.981 0.273 0.87 0.242 0.87 0.525 0.162 0.484 0.153 0.5 0.229 0.484 0.153 0.468 0.221 0.5 0.229 0.552 0.083 0.5 0.073 0.539 0.123 0.5 0.073 0.492 0.113 0.539 0.123 0.566 0.042 0.508 0.031 0.552 0.083 0.508 0.031 0.5 0.073 0.552 0.083 0.539 0.123 0.492 0.113 0.525 0.162 0.492 0.113 0.484 0.153 0.525 0.162 0.242 0.983 0.242 0.87 0.273 0.981 0.242 0.87 0.273 0.87 0.273 0.981 0.525 0.162 0.5 0.229 0.484 0.153 0.5 0.229 0.468 0.221 0.484 0.153 0.552 0.083 0.539 0.123 0.5 0.073 0.539 0.123 0.492 0.113 0.5 0.073 0.566 0.042 0.552 0.083 0.508 0.031 0.552 0.083 0.5 0.073 0.508 0.031 0.539 0.123 0.525 0.162 0.492 0.113 0.525 0.162 0.484 0.153 0.492 0.113 0.18 0.986 0.211 0.984 0.18 0.87 0.211 0.984 0.211 0.87 0.18 0.87 0.556 0.261 0.601 0.203 0.528 0.245 0.601 0.203 0.563 0.182 0.528 0.245 0.627 0.166 0.583 0.145 0.601 0.203 0.583 0.145 0.563 0.182 0.601 0.203 0.651 0.129 0.602 0.106 0.627 0.166 0.602 0.106 0.583 0.145 0.627 0.166 0.673 0.09 0.62 0.066 0.651 0.129 0.62 0.066 0.602 0.106 0.651 0.129 0.18 0.986 0.18 0.87 0.211 0.984 0.18 0.87 0.211 0.87 0.211 0.984 0.556 0.261 0.528 0.245 0.601 0.203 0.528 0.245 0.563 0.182 0.601 0.203 0.627 0.166 0.601 0.203 0.583 0.145 0.601 0.203 0.563 0.182 0.583 0.145 0.651 0.129 0.627 0.166 0.602 0.106 0.627 0.166 0.583 0.145 0.602 0.106 0.673 0.09 0.651 0.129 0.62 0.066 0.651 0.129 0.602 0.106 0.62 0.066 0.731 0.191 0.691 0.16 0.703 0.24 0.691 0.16 0.665 0.203 0.703 0.24 0.755 0.147 0.714 0.118 0.731 0.191 0.714 0.118 0.691 0.16 0.731 0.191 0.119 0.986 0.149 0.986 0.119 0.87 0.149 0.986 0.149 0.87 0.119 0.87 0.67 0.278 0.703 0.24 0.636 0.24 0.703 0.24 0.665 0.203 0.636 0.24 0.67 0.278 0.636 0.24 0.599 0.309 0.636 0.24 0.577 0.285 0.599 0.309 0.731 0.191 0.703 0.24 0.691 0.16 0.703 0.24 0.665 0.203 0.691 0.16 0.755 0.147 0.731 0.191 0.714 0.118 0.731 0.191 0.691 0.16 0.714 0.118 0.119 0.986 0.119 0.87 0.149 0.986 0.119 0.87 0.149 0.87 0.149 0.986 0.67 0.278 0.636 0.24 0.703 0.24 0.636 0.24 0.665 0.203 0.703 0.24 0.67 0.278 0.599 0.309 0.636 0.24 0.599 0.309 0.577 0.285 0.636 0.24 0.612 0.965 0.642 0.964 0.612 0.87 0.642 0.964 0.642 0.87 0.612 0.87 0.182 0.442 0.187 0.411 0.111 0.443 0.187 0.411 0.118 0.4 0.111 0.443 0.091 0.348 0.084 0.396 0.125 0.357 0.084 0.396 0.118 0.4 0.125 0.357 0.057 0.339 0.05 0.391 0.091 0.348 0.05 0.391 0.084 0.396 0.091 0.348 0.021 0.329 0.014 0.386 0.057 0.339 0.014 0.386 0.05 0.391 0.057 0.339 0.612 0.965 0.612 0.87 0.642 0.964 0.612 0.87 0.642 0.87 0.642 0.964 0.182 0.442 0.111 0.443 0.187 0.411 0.111 0.443 0.118 0.4 0.187 0.411 0.091 0.348 0.125 0.357 0.084 0.396 0.125 0.357 0.118 0.4 0.084 0.396 0.057 0.339 0.091 0.348 0.05 0.391 0.091 0.348 0.084 0.396 0.05 0.391 0.021 0.329 0.057 0.339 0.014 0.386 0.057 0.339 0.05 0.391 0.014 0.386</float_array>
					<technique_common>
						<accessor source="#78C089FF-8D51-409C-8F37-4F84982727D4-mesh-map-0-array" count="2112" stride="2">
							<param name="S" type="float"/>
							<param name="T" type="float"/>
						</accessor>
					</technique_common>
				</source>
				<source id="78C089FF-8D51-409C-8F37-4F84982727D4-mesh-map-1">
					<float_array id="78C089FF-8D51-409C-8F37-4F84982727D4-mesh-map-1-array" count="4224">2.231 0.65 0.349 0.65 2.231 0.777 0.349 0.65 0.349 0.777 2.231 0.777 2.231 0.65 0.349 0.65 2.231 0.5 0.349 0.65 0.349 0.5 2.231 0.5 2.231 0.5 0.349 0.5 2.231 0.65 0.349 0.5 0.349 0.65 2.231 0.65 2.231 0.777 0.349 0.777 2.231 0.65 0.349 0.777 0.349 0.65 2.231 0.65 2.231 0.862 0.349 0.862 2.231 0.777 0.349 0.862 0.349 0.777 2.231 0.777 2.231 0.892 0.349 0.892 2.231 0.862 0.349 0.892 0.349 0.862 2.231 0.862 2.231 0.862 0.349 0.862 2.231 0.892 0.349 0.862 0.349 0.892 2.231 0.892 2.231 0.777 0.349 0.777 2.231 0.862 0.349 0.777 0.349 0.862 2.231 0.862 0 0 0 0 0 0 0 0 0 0 0 0 0 0 0 0 0 0 0 0 0 0 0 0 0 0 0 0 0 0 0 0 0 0 0 0 0 0 0 0 0 0 0 0 0 0 0 0 0 0 0 0 0 0 0 0 0 0 0 0 0 0 0 0 0 0 0 0 0 0 0 0 0 0 0 0 0 0 0 0 0 0 0 0 0.349 0.5 0.313 0.5 0.349 0.761 0.313 0.5 0.313 0.761 0.349 0.761 0.349 0.761 0.313 0.761 0.349 0.5 0.313 0.761 0.313 0.5 0.349 0.5 0 0 0 0 0 0 0 0 0 0 0 0 0 0 0 0 0 0 0 0 0 0 0 0 0 0 0 0 0 0 0 0 0 0 0 0 0.349 0.65 0.349 0.5 0.349 0.761 0.349 0.5 0.349 0.5 0.349 0.761 0 0 0 0 0 0 0 0 0 0 0 0 0 0 0 0 0 0 0 0 0 0 0 0 0.349 0.5 0.349 0.65 0.349 0.5 0.349 0.65 0.349 0.761 0.349 0.5 0 0 0 0 0 0 0 0 0 0 0 0 0 0 0 0 0 0 0 0 0 0 0 0 0 0 0 0 0 0 0 0 0 0 0 0 0 0 0 0 0 0 0 0 0 0 0 0 0 0 0 0 0 0 0 0 0 0 0 0 0 0 0 0 0 0 0 0 0 0 0 0 0.097 0.5 0.107 0.5 0.097 0.821 0.107 0.5 0.107 0.799 0.097 0.821 0.11 0.5 0.113 0.5 0.11 0.727 0.113 0.5 0.112 0.623 0.11 0.727 0.11 0.727 0.107 0.799 0.11 0.5 0.107 0.799 0.107 0.5 0.11 0.5 0 0 0 0 0 0 0 0 0 0 0 0 0 0 0 0 0 0 0 0 0 0 0 0 0 0 0 0 0 0 0 0 0 0 0 0 0 0 0 0 0 0 0 0 0 0 0 0 0 0 0 0 0 0 0 0 0 0 0 0 0.313 0.5 0.266 0.5 0.313 0.653 0.266 0.5 0.266 0.653 0.313 0.653 0.177 0.5 0.176 0.648 0.15 0.5 0.176 0.648 0.15 0.646 0.15 0.5 0.22 0.87 0.22 0.5 0.223 0.896 0.22 0.5 0.223 0.5 0.223 0.896 0.075 0.5 0.077 0.64 0.054 0.5 0.077 0.64 0.056 0.638 0.054 0.5 0 0 0 0 0 0 0 0 0 0 0 0 0 0 0 0 0 0 0 0 0 0 0 0 0 0 0 0 0 0 0 0 0 0 0 0 0 0 0 0 0 0 0 0 0 0 0 0 0 0 0 0 0 0 0 0 0 0 0 0 0.04 0.5 0.042 0.625 0.055 0.5 0.042 0.625 0.057 0.623 0.055 0.5 0 0 0 0 0 0 0 0 0 0 0 0 0 0 0 0 0 0 0 0 0 0 0 0 0.039 0.5 0.042 0.636 0.025 0.5 0.042 0.636 0.029 0.634 0.025 0.5 0 0 0 0 0 0 0 0 0 0 0 0 0.227 0.5 0.225 0.651 0.204 0.5 0.225 0.651 0.202 0.65 0.204 0.5 0 0 0 0 0 0 0 0 0 0 0 0 0 0 0 0 0 0 0 0 0 0 0 0 0 0 0 0 0 0 0 0 0 0 0 0 0 0 0 0 0 0 0 0 0 0 0 0 0 0 0 0 0 0 0 0 0 0 0 0 0.018 0.5 0.022 0.632 0.011 0.5 0.022 0.632 0.015 0.63 0.011 0.5 0 0 0 0 0 0 0 0 0 0 0 0 0.124 0.5 0.124 0.644 0.097 0.5 0.124 0.644 0.099 0.642 0.097 0.5 0 0 0 0 0 0 0 0 0 0 0 0 0 0 0 0 0 0 0 0 0 0 0 0 0 0 0 0 0 0 0 0 0 0 0 0 0 0 0 0 0 0 0 0 0 0 0 0 0 0 0 0 0 0 0 0 0 0 0 0 0 0 0 0 0 0 0 0 0 0 0 0 0 0 0 0 0 0 0 0 0 0 0 0 0 0 0 0 0 0 0 0 0 0 0 0 0 0 0 0 0 0 0 0 0 0 0 0 0 0 0 0 0 0 0 0 0 0 0 0 0 0 0 0 0 0 0 0 0 0 0 0 0.018 0.5 0.021 0.628 0.024 0.5 0.021 0.628 0.028 0.626 0.024 0.5 0 0 0 0 0 0 0 0 0 0 0 0 0 0 0 0 0 0 0 0 0 0 0 0 0.211 0.901 0.211 0.5 0.203 0.901 0.211 0.5 0.203 0.5 0.203 0.901 0.089 0.856 0.089 0.5 0.081 0.851 0.089 0.5 0.081 0.5 0.081 0.851 0.191 0.896 0.191 0.5 0.178 0.891 0.191 0.5 0.178 0.5 0.178 0.891 0.136 0.876 0.136 0.5 0.122 0.871 0.136 0.5 0.122 0.5 0.122 0.871 0.079 0.846 0.079 0.5 0.076 0.841 0.079 0.5 0.076 0.5 0.076 0.841 0.079 0.836 0.079 0.5 0.081 0.83 0.079 0.5 0.081 0.5 0.081 0.83 0 0 0 0 0 0 0 0 0 0 0 0 0.11 0.866 0.11 0.5 0.097 0.861 0.11 0.5 0.097 0.5 0.097 0.861 0.164 0.886 0.164 0.5 0.15 0.881 0.164 0.5 0.15 0.5 0.15 0.881 0.227 0.5 0.224 0.5 0.227 0.653 0.224 0.5 0.224 0.783 0.227 0.653 0.223 0.896 0.223 0.5 0.219 0.901 0.223 0.5 0.219 0.5 0.219 0.901 0.089 0.825 0.089 0.5 0.097 0.821 0.089 0.5 0.097 0.5 0.097 0.821 0.22 0.87 0.224 0.783 0.22 0.5 0.224 0.783 0.224 0.5 0.22 0.5 0.081 0.5 0.082 0.623 0.113 0.5 0.082 0.623 0.112 0.623 0.113 0.5 0.263 0.5 0.26 0.653 0.25 0.5 0.26 0.653 0.247 0.653 0.25 0.5 0 0 0 0 0 0 0 0 0 0 0 0 0.293 0.5 0.291 0.653 0.283 0.5 0.291 0.653 0.281 0.653 0.283 0.5 0.283 0.5 0.281 0.653 0.275 0.5 0.281 0.653 0.273 0.653 0.275 0.5 0.266 0.653 0.266 0.5 0.227 0.653 0.266 0.5 0.227 0.5 0.227 0.653 0 0 0 0 0 0 0 0 0 0 0 0 0 0 0 0 0 0 0 0 0 0 0 0 0 0 0 0 0 0 0 0 0 0 0 0 0 0 0 0 0 0 0 0 0 0 0 0 0.313 0.653 0.291 0.653 0.313 0.5 0.291 0.653 0.293 0.5 0.313 0.5 0 0 0 0 0 0 0 0 0 0 0 0 0 0 0 0 0 0 0 0 0 0 0 0 0 0 0 0 0 0 0 0 0 0 0 0 0 0 0 0 0 0 0 0 0 0 0 0 0.313 0.5 0.313 0.5 0.313 0.761 0.313 0.5 0.313 0.653 0.313 0.761 0 0 0 0 0 0 0 0 0 0 0 0 0 0 0 0 0 0 0 0 0 0 0 0 0 0 0 0 0 0 0 0 0 0 0 0 0 0 0 0 0 0 0 0 0 0 0 0 0 0 0 0 0 0 0 0 0 0 0 0 0 0 0 0 0 0 0 0 0 0 0 0 0.313 0.761 0.313 0.653 0.313 0.5 0.313 0.653 0.313 0.5 0.313 0.5 0 0 0 0 0 0 0 0 0 0 0 0 0 0 0 0 0 0 0 0 0 0 0 0 0.055 0.5 0.057 0.623 0.081 0.5 0.057 0.623 0.082 0.623 0.081 0.5 0 0 0 0 0 0 0 0 0 0 0 0 0 0 0 0 0 0 0 0 0 0 0 0 0 0 0 0 0 0 0 0 0 0 0 0 0 0 0 0 0 0 0 0 0 0 0 0 0 0 0 0 0 0 0 0 0 0 0 0 0 0 0 0 0 0 0 0 0 0 0 0 0 0 0 0 0 0 0 0 0 0 0 0 0 0 0 0 0 0 0 0 0 0 0 0 0 0 0 0 0 0 0 0 0 0 0 0 0 0 0 0 0 0 0 0 0 0 0 0 0 0 0 0 0 0 0 0 0 0 0 0 0 0 0 0 0 0 0 0 0 0 0 0 0 0 0 0 0 0 0 0 0 0 0 0 0 0 0 0 0 0 0 0 0 0 0 0 0 0 0 0 0 0 0 0 0 0 0 0 0 0 0 0 0 0 0 0 0 0 0 0 0 0 0 0 0 0 0 0 0 0 0 0 2.231 0.35 2.231 0.223 0.349 0.35 2.231 0.223 0.349 0.223 0.349 0.35 2.231 0.35 2.231 0.5 0.349 0.35 2.231 0.5 0.349 0.5 0.349 0.35 2.231 0.5 2.231 0.35 0.349 0.5 2.231 0.35 0.349 0.35 0.349 0.5 2.231 0.223 2.231 0.35 0.349 0.223 2.231 0.35 0.349 0.35 0.349 0.223 2.231 0.138 2.231 0.223 0.349 0.138 2.231 0.223 0.349 0.223 0.349 0.138 2.231 0.108 2.231 0.138 0.349 0.108 2.231 0.138 0.349 0.138 0.349 0.108 2.231 0.138 2.231 0.108 0.349 0.138 2.231 0.108 0.349 0.108 0.349 0.138 2.231 0.223 2.231 0.138 0.349 0.223 2.231 0.138 0.349 0.138 0.349 0.223 0 0 0 0 0 0 0 0 0 0 0 0 0 0 0 0 0 0 0 0 0 0 0 0 0 0 0 0 0 0 0 0 0 0 0 0 0 0 0 0 0 0 0 0 0 0 0 0 0 0 0 0 0 0 0 0 0 0 0 0 0 0 0 0 0 0 0 0 0 0 0 0 0 0 0 0 0 0 0 0 0 0 0 0 0.349 0.5 0.349 0.239 0.313 0.5 0.349 0.239 0.313 0.239 0.313 0.5 0.349 0.239 0.349 0.5 0.313 0.239 0.349 0.5 0.313 0.5 0.313 0.239 0 0 0 0 0 0 0 0 0 0 0 0 0 0 0 0 0 0 0 0 0 0 0 0 0 0 0 0 0 0 0 0 0 0 0 0 0.349 0.35 0.349 0.239 0.349 0.5 0.349 0.239 0.349 0.5 0.349 0.5 0 0 0 0 0 0 0 0 0 0 0 0 0 0 0 0 0 0 0 0 0 0 0 0 0.349 0.239 0.349 0.35 0.349 0.5 0.349 0.35 0.349 0.5 0.349 0.5 0 0 0 0 0 0 0 0 0 0 0 0 0 0 0 0 0 0 0 0 0 0 0 0 0 0 0 0 0 0 0 0 0 0 0 0 0 0 0 0 0 0 0 0 0 0 0 0 0 0 0 0 0 0 0 0 0 0 0 0 0 0 0 0 0 0 0 0 0 0 0 0 0.097 0.5 0.097 0.179 0.107 0.5 0.097 0.179 0.107 0.201 0.107 0.5 0.11 0.5 0.11 0.273 0.113 0.5 0.11 0.273 0.112 0.377 0.113 0.5 0.11 0.273 0.11 0.5 0.107 0.201 0.11 0.5 0.107 0.5 0.107 0.201 0 0 0 0 0 0 0 0 0 0 0 0 0 0 0 0 0 0 0 0 0 0 0 0 0 0 0 0 0 0 0 0 0 0 0 0 0 0 0 0 0 0 0 0 0 0 0 0 0 0 0 0 0 0 0 0 0 0 0 0 0.313 0.5 0.313 0.347 0.266 0.5 0.313 0.347 0.266 0.347 0.266 0.5 0.177 0.5 0.15 0.5 0.176 0.352 0.15 0.5 0.15 0.354 0.176 0.352 0.22 0.13 0.223 0.104 0.22 0.5 0.223 0.104 0.223 0.5 0.22 0.5 0.075 0.5 0.054 0.5 0.077 0.36 0.054 0.5 0.056 0.362 0.077 0.36 0 0 0 0 0 0 0 0 0 0 0 0 0 0 0 0 0 0 0 0 0 0 0 0 0 0 0 0 0 0 0 0 0 0 0 0 0 0 0 0 0 0 0 0 0 0 0 0 0 0 0 0 0 0 0 0 0 0 0 0 0.04 0.5 0.055 0.5 0.042 0.375 0.055 0.5 0.057 0.377 0.042 0.375 0 0 0 0 0 0 0 0 0 0 0 0 0 0 0 0 0 0 0 0 0 0 0 0 0.039 0.5 0.025 0.5 0.042 0.364 0.025 0.5 0.029 0.366 0.042 0.364 0 0 0 0 0 0 0 0 0 0 0 0 0.227 0.5 0.204 0.5 0.225 0.349 0.204 0.5 0.202 0.35 0.225 0.349 0 0 0 0 0 0 0 0 0 0 0 0 0 0 0 0 0 0 0 0 0 0 0 0 0 0 0 0 0 0 0 0 0 0 0 0 0 0 0 0 0 0 0 0 0 0 0 0 0 0 0 0 0 0 0 0 0 0 0 0 0.018 0.5 0.011 0.5 0.022 0.368 0.011 0.5 0.015 0.37 0.022 0.368 0 0 0 0 0 0 0 0 0 0 0 0 0.124 0.5 0.097 0.5 0.124 0.356 0.097 0.5 0.099 0.358 0.124 0.356 0 0 0 0 0 0 0 0 0 0 0 0 0 0 0 0 0 0 0 0 0 0 0 0 0 0 0 0 0 0 0 0 0 0 0 0 0 0 0 0 0 0 0 0 0 0 0 0 0 0 0 0 0 0 0 0 0 0 0 0 0 0 0 0 0 0 0 0 0 0 0 0 0 0 0 0 0 0 0 0 0 0 0 0 0 0 0 0 0 0 0 0 0 0 0 0 0 0 0 0 0 0 0 0 0 0 0 0 0 0 0 0 0 0 0 0 0 0 0 0 0 0 0 0 0 0 0 0 0 0 0 0 0.018 0.5 0.024 0.5 0.021 0.372 0.024 0.5 0.028 0.374 0.021 0.372 0 0 0 0 0 0 0 0 0 0 0 0 0 0 0 0 0 0 0 0 0 0 0 0 0.211 0.099 0.203 0.099 0.211 0.5 0.203 0.099 0.203 0.5 0.211 0.5 0.089 0.144 0.081 0.149 0.089 0.5 0.081 0.149 0.081 0.5 0.089 0.5 0.191 0.104 0.178 0.109 0.191 0.5 0.178 0.109 0.178 0.5 0.191 0.5 0.136 0.124 0.122 0.129 0.136 0.5 0.122 0.129 0.122 0.5 0.136 0.5 0.079 0.154 0.076 0.159 0.079 0.5 0.076 0.159 0.076 0.5 0.079 0.5 0.079 0.164 0.081 0.17 0.079 0.5 0.081 0.17 0.081 0.5 0.079 0.5 0 0 0 0 0 0 0 0 0 0 0 0 0.11 0.134 0.097 0.139 0.11 0.5 0.097 0.139 0.097 0.5 0.11 0.5 0.164 0.114 0.15 0.119 0.164 0.5 0.15 0.119 0.15 0.5 0.164 0.5 0.227 0.5 0.227 0.347 0.224 0.5 0.227 0.347 0.224 0.217 0.224 0.5 0.223 0.104 0.219 0.099 0.223 0.5 0.219 0.099 0.219 0.5 0.223 0.5 0.089 0.175 0.097 0.179 0.089 0.5 0.097 0.179 0.097 0.5 0.089 0.5 0.22 0.13 0.22 0.5 0.224 0.217 0.22 0.5 0.224 0.5 0.224 0.217 0.081 0.5 0.113 0.5 0.082 0.377 0.113 0.5 0.112 0.377 0.082 0.377 0.263 0.5 0.25 0.5 0.26 0.347 0.25 0.5 0.247 0.347 0.26 0.347 0 0 0 0 0 0 0 0 0 0 0 0 0.293 0.5 0.283 0.5 0.291 0.347 0.283 0.5 0.281 0.347 0.291 0.347 0.283 0.5 0.275 0.5 0.281 0.347 0.275 0.5 0.273 0.347 0.281 0.347 0.266 0.347 0.227 0.347 0.266 0.5 0.227 0.347 0.227 0.5 0.266 0.5 0 0 0 0 0 0 0 0 0 0 0 0 0 0 0 0 0 0 0 0 0 0 0 0 0 0 0 0 0 0 0 0 0 0 0 0 0 0 0 0 0 0 0 0 0 0 0 0 0.313 0.347 0.313 0.5 0.291 0.347 0.313 0.5 0.293 0.5 0.291 0.347 0 0 0 0 0 0 0 0 0 0 0 0 0 0 0 0 0 0 0 0 0 0 0 0 0 0 0 0 0 0 0 0 0 0 0 0 0 0 0 0 0 0 0 0 0 0 0 0 0.313 0.5 0.313 0.239 0.313 0.5 0.313 0.239 0.313 0.347 0.313 0.5 0 0 0 0 0 0 0 0 0 0 0 0 0 0 0 0 0 0 0 0 0 0 0 0 0 0 0 0 0 0 0 0 0 0 0 0 0 0 0 0 0 0 0 0 0 0 0 0 0 0 0 0 0 0 0 0 0 0 0 0 0 0 0 0 0 0 0 0 0 0 0 0 0.313 0.239 0.313 0.5 0.313 0.347 0.313 0.5 0.313 0.5 0.313 0.347 0 0 0 0 0 0 0 0 0 0 0 0 0 0 0 0 0 0 0 0 0 0 0 0 0.055 0.5 0.081 0.5 0.057 0.377 0.081 0.5 0.082 0.377 0.057 0.377 0 0 0 0 0 0 0 0 0 0 0 0 0 0 0 0 0 0 0 0 0 0 0 0 0 0 0 0 0 0 0 0 0 0 0 0 0 0 0 0 0 0 0 0 0 0 0 0 0 0 0 0 0 0 0 0 0 0 0 0 0 0 0 0 0 0 0 0 0 0 0 0 0 0 0 0 0 0 0 0 0 0 0 0 0 0 0 0 0 0 0 0 0 0 0 0 0 0 0 0 0 0 0 0 0 0 0 0 0 0 0 0 0 0 0 0 0 0 0 0 0 0 0 0 0 0 0 0 0 0 0 0 0 0 0 0 0 0 0 0 0 0 0 0 0 0 0 0 0 0 0 0 0 0 0 0 0 0 0 0 0 0 0 0 0 0 0 0 0 0 0 0 0 0 0 0 0 0 0 0 0 0 0 0 0 0 0 0 0 0 0 0 0 0 0 0 0 0 0 0 0 0 0 0 0.076 0.159 0.079 0.164 0.076 0.5 0.079 0.164 0.079 0.5 0.076 0.5 0.011 0.5 0.018 0.5 0.015 0.37 0.018 0.5 0.021 0.372 0.015 0.37 0 0 0 0 0 0 0 0 0 0 0 0 0 0 0 0 0 0 0 0 0 0 0 0 0 0 0 0 0 0 0 0 0 0 0 0 0.076 0.841 0.076 0.5 0.079 0.836 0.076 0.5 0.079 0.5 0.079 0.836 0.011 0.5 0.015 0.63 0.018 0.5 0.015 0.63 0.021 0.628 0.018 0.5 0 0 0 0 0 0 0 0 0 0 0 0 0 0 0 0 0 0 0 0 0 0 0 0 0 0 0 0 0 0 0 0 0 0 0 0 0.081 0.149 0.079 0.154 0.081 0.5 0.079 0.154 0.079 0.5 0.081 0.5 0.025 0.5 0.018 0.5 0.029 0.366 0.018 0.5 0.022 0.368 0.029 0.366 0 0 0 0 0 0 0 0 0 0 0 0 0 0 0 0 0 0 0 0 0 0 0 0 0 0 0 0 0 0 0 0 0 0 0 0 0.081 0.851 0.081 0.5 0.079 0.846 0.081 0.5 0.079 0.5 0.079 0.846 0.025 0.5 0.029 0.634 0.018 0.5 0.029 0.634 0.022 0.632 0.018 0.5 0 0 0 0 0 0 0 0 0 0 0 0 0 0 0 0 0 0 0 0 0 0 0 0 0 0 0 0 0 0 0 0 0 0 0 0 0.097 0.139 0.089 0.144 0.097 0.5 0.089 0.144 0.089 0.5 0.097 0.5 0 0 0 0 0 0 0 0 0 0 0 0 0 0 0 0 0 0 0 0 0 0 0 0 0 0 0 0 0 0 0 0 0 0 0 0 0.054 0.5 0.039 0.5 0.056 0.362 0.039 0.5 0.042 0.364 0.056 0.362 0.097 0.861 0.097 0.5 0.089 0.856 0.097 0.5 0.089 0.5 0.089 0.856 0 0 0 0 0 0 0 0 0 0 0 0 0 0 0 0 0 0 0 0 0 0 0 0 0 0 0 0 0 0 0 0 0 0 0 0 0.054 0.5 0.056 0.638 0.039 0.5 0.056 0.638 0.042 0.636 0.039 0.5 0.122 0.129 0.11 0.134 0.122 0.5 0.11 0.134 0.11 0.5 0.122 0.5 0 0 0 0 0 0 0 0 0 0 0 0 0 0 0 0 0 0 0 0 0 0 0 0 0.097 0.5 0.075 0.5 0.099 0.358 0.075 0.5 0.077 0.36 0.099 0.358 0 0 0 0 0 0 0 0 0 0 0 0 0.122 0.871 0.122 0.5 0.11 0.866 0.122 0.5 0.11 0.5 0.11 0.866 0 0 0 0 0 0 0 0 0 0 0 0 0 0 0 0 0 0 0 0 0 0 0 0 0.097 0.5 0.099 0.642 0.075 0.5 0.099 0.642 0.077 0.64 0.075 0.5 0 0 0 0 0 0 0 0 0 0 0 0 0.15 0.119 0.136 0.124 0.15 0.5 0.136 0.124 0.136 0.5 0.15 0.5 0.15 0.5 0.124 0.5 0.15 0.354 0.124 0.5 0.124 0.356 0.15 0.354 0 0 0 0 0 0 0 0 0 0 0 0 0 0 0 0 0 0 0 0 0 0 0 0 0 0 0 0 0 0 0 0 0 0 0 0 0.15 0.881 0.15 0.5 0.136 0.876 0.15 0.5 0.136 0.5 0.136 0.876 0.15 0.5 0.15 0.646 0.124 0.5 0.15 0.646 0.124 0.644 0.124 0.5 0 0 0 0 0 0 0 0 0 0 0 0 0 0 0 0 0 0 0 0 0 0 0 0 0 0 0 0 0 0 0 0 0 0 0 0 0.178 0.109 0.164 0.114 0.178 0.5 0.164 0.114 0.164 0.5 0.178 0.5 0 0 0 0 0 0 0 0 0 0 0 0 0 0 0 0 0 0 0 0 0 0 0 0 0.204 0.5 0.177 0.5 0.202 0.35 0.177 0.5 0.176 0.352 0.202 0.35 0 0 0 0 0 0 0 0 0 0 0 0 0.178 0.891 0.178 0.5 0.164 0.886 0.178 0.5 0.164 0.5 0.164 0.886 0 0 0 0 0 0 0 0 0 0 0 0 0 0 0 0 0 0 0 0 0 0 0 0 0.204 0.5 0.202 0.65 0.177 0.5 0.202 0.65 0.176 0.648 0.177 0.5 0 0 0 0 0 0 0 0 0 0 0 0 0.203 0.099 0.191 0.104 0.203 0.5 0.191 0.104 0.191 0.5 0.203 0.5 0 0 0 0 0 0 0 0 0 0 0 0 0 0 0 0 0 0 0 0 0 0 0 0 0 0 0 0 0 0 0 0 0 0 0 0 0.25 0.5 0.227 0.5 0.247 0.347 0.227 0.5 0.225 0.349 0.247 0.347 0.203 0.901 0.203 0.5 0.191 0.896 0.203 0.5 0.191 0.5 0.191 0.896 0 0 0 0 0 0 0 0 0 0 0 0 0 0 0 0 0 0 0 0 0 0 0 0 0 0 0 0 0 0 0 0 0 0 0 0 0.25 0.5 0.247 0.653 0.227 0.5 0.247 0.653 0.225 0.651 0.227 0.5 0 0 0 0 0 0 0 0 0 0 0 0 0.275 0.5 0.263 0.5 0.273 0.347 0.263 0.5 0.26 0.347 0.273 0.347 0.219 0.099 0.211 0.099 0.219 0.5 0.211 0.099 0.211 0.5 0.219 0.5 0 0 0 0 0 0 0 0 0 0 0 0 0 0 0 0 0 0 0 0 0 0 0 0 0 0 0 0 0 0 0 0 0 0 0 0 0.275 0.5 0.273 0.653 0.263 0.5 0.273 0.653 0.26 0.653 0.263 0.5 0.219 0.901 0.219 0.5 0.211 0.901 0.219 0.5 0.211 0.5 0.211 0.901 0 0 0 0 0 0 0 0 0 0 0 0 0 0 0 0 0 0 0 0 0 0 0 0 0.081 0.17 0.089 0.175 0.081 0.5 0.089 0.175 0.089 0.5 0.081 0.5 0 0 0 0 0 0 0 0 0 0 0 0 0 0 0 0 0 0 0 0 0 0 0 0 0 0 0 0 0 0 0 0 0 0 0 0 0.024 0.5 0.04 0.5 0.028 0.374 0.04 0.5 0.042 0.375 0.028 0.374 0.081 0.83 0.081 0.5 0.089 0.825 0.081 0.5 0.089 0.5 0.089 0.825 0 0 0 0 0 0 0 0 0 0 0 0 0 0 0 0 0 0 0 0 0 0 0 0 0 0 0 0 0 0 0 0 0 0 0 0 0.024 0.5 0.028 0.626 0.04 0.5 0.028 0.626 0.042 0.625 0.04 0.5</float_array>
					<technique_common>
						<accessor source="#78C089FF-8D51-409C-8F37-4F84982727D4-mesh-map-1-array" count="2112" stride="2">
							<param name="S" type="float"/>
							<param name="T" type="float"/>
						</accessor>
					</technique_common>
				</source>
				<vertices id="78C089FF-8D51-409C-8F37-4F84982727D4-mesh-vertices">
					<input semantic="POSITION" source="#78C089FF-8D51-409C-8F37-4F84982727D4-mesh-positions"/>
				</vertices>
				<triangles material="MB|199-material" count="704">
					<input semantic="VERTEX" source="#78C089FF-8D51-409C-8F37-4F84982727D4-mesh-vertices" offset="0"/>
					<input semantic="NORMAL" source="#78C089FF-8D51-409C-8F37-4F84982727D4-mesh-normals" offset="1"/>
					<input semantic="TEXCOORD" source="#78C089FF-8D51-409C-8F37-4F84982727D4-mesh-map-0" offset="2" set="0"/>
					<input semantic="TEXCOORD" source="#78C089FF-8D51-409C-8F37-4F84982727D4-mesh-map-1" offset="2" set="1"/>
					<p>386 386 0 377 377 1 385 385 2 377 377 3 376 376 4 385 385 5 379 379 6 370 370 7 380 380 8 370 370 9 371 371 10 380 380 11 387 387 12 378 378 13 386 386 14 378 378 15 377 377 16 386 386 17 381 381 18 372 372 19 379 379 20 372 372 21 370 370 22 379 379 23 382 382 24 373 373 25 381 381 26 373 373 27 372 372 28 381 381 29 383 383 30 374 374 31 382 382 32 374 374 33 373 373 34 382 382 35 384 384 36 375 375 37 383 383 38 375 375 39 374 374 40 383 383 41 385 385 42 376 376 43 384 384 44 376 376 45 375 375 46 384 384 47 215 215 48 9 9 49 8 8 50 215 215 51 10 10 52 9 9 53 215 215 54 11 11 55 10 10 56 215 215 57 12 12 58 11 11 59 215 215 60 13 13 61 12 12 62 215 215 63 7 7 64 213 213 65 215 215 66 214 214 67 13 13 68 215 215 69 8 8 70 7 7 71 392 392 72 401 401 73 393 393 74 401 401 75 400 400 76 393 393 77 393 393 78 400 400 79 394 394 80 400 400 81 399 399 82 394 394 83 394 394 84 399 399 85 395 395 86 399 399 87 397 397 88 395 395 89 388 388 90 405 405 91 389 389 92 405 405 93 404 404 94 389 389 95 395 395 96 397 397 97 396 396 98 397 397 99 398 398 100 396 396 101 389 389 102 404 404 103 390 390 104 404 404 105 403 403 106 390 390 107 390 390 108 403 403 109 391 391 110 403 403 111 402 402 112 391 391 113 391 391 114 402 402 115 392 392 116 402 402 117 401 401 118 392 392 119 6 6 120 212 212 121 14 14 122 212 212 123 216 216 124 14 14 125 19 19 126 1 1 127 18 18 128 1 1 129 2 2 130 18 18 131 20 20 132 0 0 133 19 19 134 0 0 135 1 1 136 19 19 137 211 211 138 0 0 139 217 217 140 0 0 141 20 20 142 217 217 143 2 2 144 3 3 145 18 18 146 3 3 147 17 17 148 18 18 149 4 4 150 5 5 151 16 16 152 5 5 153 15 15 154 16 16 155 14 14 156 15 15 157 6 6 158 15 15 159 5 5 160 6 6 161 3 3 162 4 4 163 17 17 164 4 4 165 16 16 166 17 17 167 92 92 168 93 93 169 435 435 170 93 93 171 31 31 172 435 435 173 32 32 174 94 94 175 413 413 176 94 94 177 29 29 178 413 413 179 414 414 180 252 252 181 412 412 182 252 252 183 421 421 184 412 412 185 251 251 186 434 434 187 420 420 188 434 434 189 30 30 190 420 420 191 420 420 192 421 421 193 251 251 194 421 421 195 252 252 196 251 251 197 290 290 198 294 294 199 49 49 200 294 294 201 423 423 202 49 49 203 311 311 204 310 310 205 56 56 206 310 310 207 55 55 208 56 56 209 330 330 210 333 333 211 62 62 212 333 333 213 61 61 214 62 62 215 352 352 216 350 350 217 67 67 218 350 350 219 43 43 220 67 67 221 292 292 222 291 291 223 51 51 224 291 291 225 50 50 226 51 51 227 424 424 228 249 249 229 418 418 230 249 249 231 89 89 232 418 418 233 332 332 234 334 334 235 228 228 236 334 334 237 63 63 238 228 228 239 431 431 240 443 443 241 446 446 242 443 443 243 248 248 244 446 446 245 313 313 246 312 312 247 226 226 248 312 312 249 57 57 250 226 226 251 312 312 252 311 311 253 57 57 254 311 311 255 56 56 256 57 57 257 415 415 258 87 87 259 419 419 260 87 87 261 84 84 262 419 419 263 322 322 264 321 321 265 58 58 266 321 321 267 440 440 268 58 58 269 334 334 270 330 330 271 63 63 272 330 330 273 62 62 274 63 63 275 70 70 276 88 88 277 44 44 278 88 88 279 83 83 280 44 44 281 365 365 282 361 361 283 220 220 284 361 361 285 28 28 286 220 220 287 323 323 288 322 322 289 59 59 290 322 322 291 58 58 292 59 59 293 320 320 294 323 323 295 60 60 296 323 323 297 59 59 298 60 60 299 304 304 300 302 302 301 225 225 302 302 302 303 54 54 304 225 225 305 352 352 306 67 67 307 354 354 308 67 67 309 68 68 310 354 354 311 343 343 312 342 342 313 229 229 314 342 342 315 66 66 316 229 229 317 282 282 318 280 280 319 47 47 320 280 280 321 45 45 322 47 47 323 310 310 324 314 314 325 55 55 326 314 314 327 428 428 328 55 55 329 302 302 330 303 303 331 54 54 332 303 303 333 53 53 334 54 54 335 342 342 336 344 344 337 66 66 338 344 344 339 65 65 340 66 66 341 291 291 342 290 290 343 50 50 344 290 290 345 49 49 346 50 50 347 293 293 348 292 292 349 224 224 350 292 292 351 51 51 352 224 224 353 280 280 354 281 281 355 45 45 356 281 281 357 442 442 358 45 45 359 324 324 360 320 320 361 227 227 362 320 320 363 60 60 364 227 227 365 344 344 366 341 341 367 65 65 368 341 341 369 64 64 370 65 65 371 300 300 372 301 301 373 52 52 374 301 301 375 437 437 376 52 52 377 303 303 378 300 300 379 53 53 380 300 300 381 52 52 382 53 53 383 283 283 384 282 282 385 48 48 386 282 282 387 47 47 388 48 48 389 340 340 390 42 42 391 341 341 392 42 42 393 64 64 394 341 341 395 417 417 396 86 86 397 438 438 398 86 86 399 91 91 400 438 438 401 418 418 402 89 89 403 417 417 404 89 89 405 86 86 406 417 417 407 333 333 408 331 331 409 61 61 410 331 331 411 41 41 412 61 61 413 361 361 414 360 360 415 28 28 416 360 360 417 46 46 418 28 28 419 438 438 420 91 91 421 416 416 422 91 91 423 90 90 424 416 416 425 419 419 426 84 84 427 429 429 428 84 84 429 80 80 430 429 429 431 284 284 432 283 283 433 223 223 434 283 283 435 48 48 436 223 223 437 360 360 438 363 363 439 46 46 440 363 363 441 29 29 442 46 46 443 441 441 444 363 363 445 442 442 446 363 363 447 45 45 448 442 442 449 410 410 450 353 353 451 407 407 452 353 353 453 240 240 454 407 407 455 427 427 456 305 305 457 38 38 458 305 305 459 236 236 460 38 38 461 406 406 462 345 345 463 409 409 464 345 345 465 239 239 466 409 409 467 425 425 468 325 325 469 40 40 470 325 325 471 234 234 472 40 40 473 436 436 474 295 295 475 37 37 476 295 295 477 241 241 478 37 37 479 422 422 480 285 285 481 36 36 482 285 285 483 238 238 484 36 36 485 87 87 486 90 90 487 88 88 488 90 90 489 83 83 490 88 88 491 439 439 492 315 315 493 39 39 494 315 315 495 235 235 496 39 39 497 408 408 498 335 335 499 426 426 500 335 335 501 242 242 502 426 426 503 445 445 504 244 244 505 444 444 506 244 244 507 432 432 508 444 444 509 446 446 510 248 248 511 411 411 512 248 248 513 237 237 514 411 411 515 362 362 516 364 364 517 33 33 518 364 364 519 222 222 520 33 33 521 430 430 522 432 432 523 243 243 524 432 432 525 244 244 526 243 243 527 250 250 528 92 92 529 221 221 530 92 92 531 435 435 532 221 221 533 351 351 534 355 355 535 230 230 536 355 355 537 69 69 538 230 230 539 355 355 540 354 354 541 69 69 542 354 354 543 68 68 544 69 69 545 246 246 546 80 80 547 247 247 548 80 80 549 82 82 550 247 247 551 247 247 552 82 82 553 245 245 554 82 82 555 81 81 556 245 245 557 89 89 558 249 249 559 35 35 560 249 249 561 231 231 562 35 35 563 84 84 564 87 87 565 85 85 566 87 87 567 88 88 568 85 85 569 85 85 570 88 88 571 79 79 572 88 88 573 70 70 574 79 79 575 80 80 576 84 84 577 82 82 578 84 84 579 85 85 580 82 82 581 82 82 582 85 85 583 81 81 584 85 85 585 79 79 586 81 81 587 429 429 588 80 80 589 433 433 590 80 80 591 246 246 592 433 433 593 90 90 594 87 87 595 416 416 596 87 87 597 415 415 598 416 416 599 91 91 600 86 86 601 34 34 602 86 86 603 71 71 604 34 34 605 90 90 606 91 91 607 83 83 608 91 91 609 34 34 610 83 83 611 86 86 612 89 89 613 71 71 614 89 89 615 35 35 616 71 71 617 219 219 618 233 233 619 27 27 620 233 233 621 78 78 622 27 27 623 27 27 624 78 78 625 26 26 626 78 78 627 77 77 628 26 26 629 26 26 630 77 77 631 25 25 632 77 77 633 76 76 634 25 25 635 25 25 636 76 76 637 24 24 638 76 76 639 75 75 640 24 24 641 24 24 642 75 75 643 23 23 644 75 75 645 74 74 646 23 23 647 23 23 648 74 74 649 22 22 650 74 74 651 73 73 652 22 22 653 22 22 654 73 73 655 21 21 656 73 73 657 72 72 658 21 21 659 21 21 660 72 72 661 218 218 662 72 72 663 232 232 664 218 218 665 94 94 666 32 32 667 93 93 668 32 32 669 31 31 670 93 93 671 29 29 672 94 94 673 46 46 674 94 94 675 93 93 676 46 46 677 220 220 678 28 28 679 250 250 680 28 28 681 92 92 682 250 250 683 28 28 684 46 46 685 92 92 686 46 46 687 93 93 688 92 92 689 114 114 690 100 100 691 113 113 692 100 100 693 99 99 694 113 113 695 102 102 696 97 97 697 96 96 698 97 97 699 95 95 700 96 96 701 101 101 702 99 99 703 102 102 704 99 99 705 97 97 706 102 102 707 100 100 708 98 98 709 99 99 710 98 98 711 97 97 712 99 99 713 253 253 714 263 263 715 95 95 716 263 263 717 96 96 718 95 95 719 98 98 720 103 103 721 97 97 722 103 103 723 95 95 724 97 97 725 115 115 726 113 113 727 101 101 728 113 113 729 99 99 730 101 101 731 95 95 732 103 103 733 253 253 734 103 103 735 254 254 736 253 253 737 114 114 738 113 113 739 111 111 740 113 113 741 110 110 742 111 111 743 109 109 744 106 106 745 107 107 746 106 106 747 104 104 748 107 107 749 112 112 750 109 109 751 110 110 752 109 109 753 107 107 754 110 110 755 111 111 756 110 110 757 108 108 758 110 110 759 107 107 760 108 108 761 265 265 762 104 104 763 266 266 764 104 104 765 106 106 766 266 266 767 108 108 768 107 107 769 105 105 770 107 107 771 104 104 772 105 105 773 115 115 774 112 112 775 113 113 776 112 112 777 110 110 778 113 113 779 104 104 780 265 265 781 105 105 782 265 265 783 276 276 784 105 105 785 460 460 786 459 459 787 453 453 788 459 459 789 452 452 790 453 453 791 454 454 792 380 380 793 447 447 794 380 380 795 371 371 796 447 447 797 387 387 798 460 460 799 378 378 800 460 460 801 453 453 802 378 378 803 455 455 804 454 454 805 448 448 806 454 454 807 447 447 808 448 448 809 456 456 810 455 455 811 449 449 812 455 455 813 448 448 814 449 449 815 457 457 816 456 456 817 450 450 818 456 456 819 449 449 820 450 450 821 458 458 822 457 457 823 451 451 824 457 457 825 450 450 826 451 451 827 459 459 828 458 458 829 452 452 830 458 458 831 451 451 832 452 452 833 215 215 834 124 124 835 125 125 836 215 215 837 125 125 838 126 126 839 215 215 840 126 126 841 127 127 842 215 215 843 127 127 844 128 128 845 215 215 846 128 128 847 129 129 848 215 215 849 213 213 850 123 123 851 215 215 852 129 129 853 214 214 854 215 215 855 123 123 856 124 124 857 464 464 858 465 465 859 471 471 860 465 465 861 470 470 862 471 471 863 465 465 864 466 466 865 470 470 866 466 466 867 469 469 868 470 470 869 466 466 870 467 467 871 469 469 872 467 467 873 468 468 874 469 469 875 388 388 876 461 461 877 405 405 878 461 461 879 474 474 880 405 405 881 467 467 882 396 396 883 468 468 884 396 396 885 398 398 886 468 468 887 461 461 888 462 462 889 474 474 890 462 462 891 473 473 892 474 474 893 462 462 894 463 463 895 473 473 896 463 463 897 472 472 898 473 473 899 463 463 900 464 464 901 472 472 902 464 464 903 471 471 904 472 472 905 122 122 906 130 130 907 212 212 908 130 130 909 216 216 910 212 212 911 135 135 912 134 134 913 117 117 914 134 134 915 118 118 916 117 117 917 136 136 918 135 135 919 116 116 920 135 135 921 117 117 922 116 116 923 136 136 924 116 116 925 217 217 926 116 116 927 211 211 928 217 217 929 118 118 930 134 134 931 119 119 932 134 134 933 133 133 934 119 119 935 120 120 936 132 132 937 121 121 938 132 132 939 131 131 940 121 121 941 130 130 942 122 122 943 131 131 944 122 122 945 121 121 946 131 131 947 119 119 948 133 133 949 120 120 950 133 133 951 132 132 952 120 120 953 208 208 954 500 500 955 209 209 956 500 500 957 147 147 958 209 209 959 148 148 960 482 482 961 210 210 962 482 482 963 145 145 964 210 210 965 414 414 966 481 481 967 252 252 968 481 481 969 489 489 970 252 252 971 251 251 972 488 488 973 434 434 974 488 488 975 146 146 976 434 434 977 488 488 978 251 251 979 489 489 980 251 251 981 252 252 982 489 489 983 296 296 984 165 165 985 299 299 986 165 165 987 491 491 988 299 299 989 317 317 990 172 172 991 316 316 992 172 172 993 171 171 994 316 316 995 336 336 996 178 178 997 338 338 998 178 178 999 177 177 1000 338 338 1001 357 357 1002 183 183 1003 356 356 1004 183 183 1005 159 159 1006 356 356 1007 298 298 1008 167 167 1009 297 297 1010 167 167 1011 166 166 1012 297 297 1013 424 424 1014 486 486 1015 249 249 1016 486 486 1017 205 205 1018 249 249 1019 332 332 1020 228 228 1021 339 339 1022 228 228 1023 179 179 1024 339 339 1025 498 498 1026 509 509 1027 443 443 1028 509 509 1029 248 248 1030 443 443 1031 313 313 1032 226 226 1033 318 318 1034 226 226 1035 173 173 1036 318 318 1037 318 318 1038 173 173 1039 317 317 1040 173 173 1041 172 172 1042 317 317 1043 483 483 1044 487 487 1045 203 203 1046 487 487 1047 200 200 1048 203 203 1049 328 328 1050 174 174 1051 327 327 1052 174 174 1053 505 505 1054 327 327 1055 339 339 1056 179 179 1057 336 336 1058 179 179 1059 178 178 1060 336 336 1061 186 186 1062 160 160 1063 204 204 1064 160 160 1065 199 199 1066 204 204 1067 365 365 1068 220 220 1069 367 367 1070 220 220 1071 144 144 1072 367 367 1073 329 329 1074 175 175 1075 328 328 1076 175 175 1077 174 174 1078 328 328 1079 326 326 1080 176 176 1081 329 329 1082 176 176 1083 175 175 1084 329 329 1085 304 304 1086 225 225 1087 308 308 1088 225 225 1089 170 170 1090 308 308 1091 357 357 1092 358 358 1093 183 183 1094 358 358 1095 184 184 1096 183 183 1097 343 343 1098 229 229 1099 348 348 1100 229 229 1101 182 182 1102 348 348 1103 288 288 1104 163 163 1105 286 286 1106 163 163 1107 161 161 1108 286 286 1109 316 316 1110 171 171 1111 319 319 1112 171 171 1113 495 495 1114 319 319 1115 308 308 1116 170 170 1117 309 309 1118 170 170 1119 169 169 1120 309 309 1121 348 348 1122 182 182 1123 349 349 1124 182 182 1125 181 181 1126 349 349 1127 297 297 1128 166 166 1129 296 296 1130 166 166 1131 165 165 1132 296 296 1133 293 293 1134 224 224 1135 298 298 1136 224 224 1137 167 167 1138 298 298 1139 286 286 1140 161 161 1141 287 287 1142 161 161 1143 507 507 1144 287 287 1145 324 324 1146 227 227 1147 326 326 1148 227 227 1149 176 176 1150 326 326 1151 349 349 1152 181 181 1153 347 347 1154 181 181 1155 180 180 1156 347 347 1157 306 306 1158 168 168 1159 307 307 1160 168 168 1161 502 502 1162 307 307 1163 309 309 1164 169 169 1165 306 306 1166 169 169 1167 168 168 1168 306 306 1169 289 289 1170 164 164 1171 288 288 1172 164 164 1173 163 163 1174 288 288 1175 346 346 1176 347 347 1177 158 158 1178 347 347 1179 180 180 1180 158 158 1181 485 485 1182 503 503 1183 202 202 1184 503 503 1185 207 207 1186 202 202 1187 486 486 1188 485 485 1189 205 205 1190 485 485 1191 202 202 1192 205 205 1193 338 338 1194 177 177 1195 337 337 1196 177 177 1197 157 157 1198 337 337 1199 367 367 1200 144 144 1201 366 366 1202 144 144 1203 162 162 1204 366 366 1205 503 503 1206 484 484 1207 207 207 1208 484 484 1209 206 206 1210 207 207 1211 487 487 1212 496 496 1213 200 200 1214 496 496 1215 196 196 1216 200 200 1217 284 284 1218 223 223 1219 289 289 1220 223 223 1221 164 164 1222 289 289 1223 366 366 1224 162 162 1225 369 369 1226 162 162 1227 145 145 1228 369 369 1229 506 506 1230 507 507 1231 369 369 1232 507 507 1233 161 161 1234 369 369 1235 479 479 1236 476 476 1237 353 353 1238 476 476 1239 240 240 1240 353 353 1241 494 494 1242 154 154 1243 305 305 1244 154 154 1245 236 236 1246 305 305 1247 475 475 1248 478 478 1249 345 345 1250 478 478 1251 239 239 1252 345 345 1253 492 492 1254 156 156 1255 325 325 1256 156 156 1257 234 234 1258 325 325 1259 501 501 1260 153 153 1261 295 295 1262 153 153 1263 241 241 1264 295 295 1265 490 490 1266 152 152 1267 285 285 1268 152 152 1269 238 238 1270 285 285 1271 203 203 1272 204 204 1273 206 206 1274 204 204 1275 199 199 1276 206 206 1277 504 504 1278 155 155 1279 315 315 1280 155 155 1281 235 235 1282 315 315 1283 477 477 1284 493 493 1285 335 335 1286 493 493 1287 242 242 1288 335 335 1289 445 445 1290 508 508 1291 244 244 1292 508 508 1293 499 499 1294 244 244 1295 509 509 1296 480 480 1297 248 248 1298 480 480 1299 237 237 1300 248 248 1301 368 368 1302 149 149 1303 364 364 1304 149 149 1305 222 222 1306 364 364 1307 497 497 1308 243 243 1309 499 499 1310 243 243 1311 244 244 1312 499 499 1313 250 250 1314 221 221 1315 208 208 1316 221 221 1317 500 500 1318 208 208 1319 351 351 1320 230 230 1321 359 359 1322 230 230 1323 185 185 1324 359 359 1325 359 359 1326 185 185 1327 358 358 1328 185 185 1329 184 184 1330 358 358 1331 246 246 1332 247 247 1333 196 196 1334 247 247 1335 198 198 1336 196 196 1337 247 247 1338 245 245 1339 198 198 1340 245 245 1341 197 197 1342 198 198 1343 205 205 1344 151 151 1345 249 249 1346 151 151 1347 231 231 1348 249 249 1349 200 200 1350 201 201 1351 203 203 1352 201 201 1353 204 204 1354 203 203 1355 201 201 1356 195 195 1357 204 204 1358 195 195 1359 186 186 1360 204 204 1361 196 196 1362 198 198 1363 200 200 1364 198 198 1365 201 201 1366 200 200 1367 198 198 1368 197 197 1369 201 201 1370 197 197 1371 195 195 1372 201 201 1373 496 496 1374 433 433 1375 196 196 1376 433 433 1377 246 246 1378 196 196 1379 206 206 1380 484 484 1381 203 203 1382 484 484 1383 483 483 1384 203 203 1385 207 207 1386 150 150 1387 202 202 1388 150 150 1389 187 187 1390 202 202 1391 206 206 1392 199 199 1393 207 207 1394 199 199 1395 150 150 1396 207 207 1397 202 202 1398 187 187 1399 205 205 1400 187 187 1401 151 151 1402 205 205 1403 219 219 1404 143 143 1405 233 233 1406 143 143 1407 194 194 1408 233 233 1409 143 143 1410 142 142 1411 194 194 1412 142 142 1413 193 193 1414 194 194 1415 142 142 1416 141 141 1417 193 193 1418 141 141 1419 192 192 1420 193 193 1421 141 141 1422 140 140 1423 192 192 1424 140 140 1425 191 191 1426 192 192 1427 140 140 1428 139 139 1429 191 191 1430 139 139 1431 190 190 1432 191 191 1433 139 139 1434 138 138 1435 190 190 1436 138 138 1437 189 189 1438 190 190 1439 138 138 1440 137 137 1441 189 189 1442 137 137 1443 188 188 1444 189 189 1445 137 137 1446 218 218 1447 188 188 1448 218 218 1449 232 232 1450 188 188 1451 210 210 1452 209 209 1453 148 148 1454 209 209 1455 147 147 1456 148 148 1457 145 145 1458 162 162 1459 210 210 1460 162 162 1461 209 209 1462 210 210 1463 220 220 1464 250 250 1465 144 144 1466 250 250 1467 208 208 1468 144 144 1469 144 144 1470 208 208 1471 162 162 1472 208 208 1473 209 209 1474 162 162 1475 278 278 1476 277 277 1477 260 260 1478 277 277 1479 259 259 1480 260 260 1481 262 262 1482 256 256 1483 257 257 1484 256 256 1485 255 255 1486 257 257 1487 261 261 1488 262 262 1489 259 259 1490 262 262 1491 257 257 1492 259 259 1493 260 260 1494 259 259 1495 258 258 1496 259 259 1497 257 257 1498 258 258 1499 253 253 1500 255 255 1501 263 263 1502 255 255 1503 256 256 1504 263 263 1505 258 258 1506 257 257 1507 264 264 1508 257 257 1509 255 255 1510 264 264 1511 279 279 1512 261 261 1513 277 277 1514 261 261 1515 259 259 1516 277 277 1517 255 255 1518 253 253 1519 264 264 1520 253 253 1521 254 254 1522 264 264 1523 278 278 1524 274 274 1525 277 277 1526 274 274 1527 273 273 1528 277 277 1529 272 272 1530 270 270 1531 269 269 1532 270 270 1533 267 267 1534 269 269 1535 275 275 1536 273 273 1537 272 272 1538 273 273 1539 270 270 1540 272 272 1541 274 274 1542 271 271 1543 273 273 1544 271 271 1545 270 270 1546 273 273 1547 265 265 1548 266 266 1549 267 267 1550 266 266 1551 269 269 1552 267 267 1553 271 271 1554 268 268 1555 270 270 1556 268 268 1557 267 267 1558 270 270 1559 279 279 1560 277 277 1561 275 275 1562 277 277 1563 273 273 1564 275 275 1565 267 267 1566 268 268 1567 265 265 1568 268 268 1569 276 276 1570 265 265 1571 153 153 1572 490 490 1573 241 241 1574 490 490 1575 285 285 1576 241 241 1577 224 224 1578 284 284 1579 167 167 1580 284 284 1581 289 289 1582 167 167 1583 167 167 1584 289 289 1585 166 166 1586 289 289 1587 288 288 1588 166 166 1589 165 165 1590 286 286 1591 491 491 1592 286 286 1593 287 287 1594 491 491 1595 166 166 1596 288 288 1597 165 165 1598 288 288 1599 286 286 1600 165 165 1601 37 37 1602 241 241 1603 422 422 1604 241 241 1605 285 285 1606 422 422 1607 224 224 1608 51 51 1609 284 284 1610 51 51 1611 283 283 1612 284 284 1613 51 51 1614 50 50 1615 283 283 1616 50 50 1617 282 282 1618 283 283 1619 49 49 1620 423 423 1621 280 280 1622 423 423 1623 281 281 1624 280 280 1625 50 50 1626 49 49 1627 282 282 1628 49 49 1629 280 280 1630 282 282 1631 154 154 1632 501 501 1633 236 236 1634 501 501 1635 295 295 1636 236 236 1637 225 225 1638 293 293 1639 170 170 1640 293 293 1641 298 298 1642 170 170 1643 169 169 1644 297 297 1645 168 168 1646 297 297 1647 296 296 1648 168 168 1649 170 170 1650 298 298 1651 169 169 1652 298 298 1653 297 297 1654 169 169 1655 168 168 1656 296 296 1657 502 502 1658 296 296 1659 299 299 1660 502 502 1661 38 38 1662 236 236 1663 436 436 1664 236 236 1665 295 295 1666 436 436 1667 225 225 1668 54 54 1669 293 293 1670 54 54 1671 292 292 1672 293 293 1673 53 53 1674 52 52 1675 291 291 1676 52 52 1677 290 290 1678 291 291 1679 54 54 1680 53 53 1681 292 292 1682 53 53 1683 291 291 1684 292 292 1685 52 52 1686 437 437 1687 290 290 1688 437 437 1689 294 294 1690 290 290 1691 155 155 1692 494 494 1693 235 235 1694 494 494 1695 305 305 1696 235 235 1697 172 172 1698 309 309 1699 171 171 1700 309 309 1701 306 306 1702 171 171 1703 171 171 1704 306 306 1705 495 495 1706 306 306 1707 307 307 1708 495 495 1709 173 173 1710 308 308 1711 172 172 1712 308 308 1713 309 309 1714 172 172 1715 226 226 1716 304 304 1717 173 173 1718 304 304 1719 308 308 1720 173 173 1721 39 39 1722 235 235 1723 427 427 1724 235 235 1725 305 305 1726 427 427 1727 56 56 1728 55 55 1729 303 303 1730 55 55 1731 300 300 1732 303 303 1733 55 55 1734 428 428 1735 300 300 1736 428 428 1737 301 301 1738 300 300 1739 57 57 1740 56 56 1741 302 302 1742 56 56 1743 303 303 1744 302 302 1745 226 226 1746 57 57 1747 304 304 1748 57 57 1749 302 302 1750 304 304 1751 156 156 1752 504 504 1753 234 234 1754 504 504 1755 315 315 1756 234 234 1757 174 174 1758 316 316 1759 505 505 1760 316 316 1761 319 319 1762 505 505 1763 176 176 1764 318 318 1765 175 175 1766 318 318 1767 317 317 1768 175 175 1769 227 227 1770 313 313 1771 176 176 1772 313 313 1773 318 318 1774 176 176 1775 175 175 1776 317 317 1777 174 174 1778 317 317 1779 316 316 1780 174 174 1781 40 40 1782 234 234 1783 439 439 1784 234 234 1785 315 315 1786 439 439 1787 58 58 1788 440 440 1789 310 310 1790 440 440 1791 314 314 1792 310 310 1793 60 60 1794 59 59 1795 312 312 1796 59 59 1797 311 311 1798 312 312 1799 227 227 1800 60 60 1801 313 313 1802 60 60 1803 312 312 1804 313 313 1805 59 59 1806 58 58 1807 311 311 1808 58 58 1809 310 310 1810 311 311 1811 493 493 1812 492 492 1813 242 242 1814 492 492 1815 325 325 1816 242 242 1817 228 228 1818 324 324 1819 179 179 1820 324 324 1821 326 326 1822 179 179 1823 179 179 1824 326 326 1825 178 178 1826 326 326 1827 329 329 1828 178 178 1829 178 178 1830 329 329 1831 177 177 1832 329 329 1833 328 328 1834 177 177 1835 177 177 1836 328 328 1837 157 157 1838 328 328 1839 327 327 1840 157 157 1841 426 426 1842 242 242 1843 425 425 1844 242 242 1845 325 325 1846 425 425 1847 228 228 1848 63 63 1849 324 324 1850 63 63 1851 320 320 1852 324 324 1853 63 63 1854 62 62 1855 320 320 1856 62 62 1857 323 323 1858 320 320 1859 62 62 1860 61 61 1861 323 323 1862 61 61 1863 322 322 1864 323 323 1865 61 61 1866 41 41 1867 322 322 1868 41 41 1869 321 321 1870 322 322 1871 478 478 1872 477 477 1873 239 239 1874 477 477 1875 335 335 1876 239 239 1877 180 180 1878 338 338 1879 158 158 1880 338 338 1881 337 337 1882 158 158 1883 182 182 1884 339 339 1885 181 181 1886 339 339 1887 336 336 1888 181 181 1889 229 229 1890 332 332 1891 182 182 1892 332 332 1893 339 339 1894 182 182 1895 181 181 1896 336 336 1897 180 180 1898 336 336 1899 338 338 1900 180 180 1901 409 409 1902 239 239 1903 408 408 1904 239 239 1905 335 335 1906 408 408 1907 64 64 1908 42 42 1909 333 333 1910 42 42 1911 331 331 1912 333 333 1913 66 66 1914 65 65 1915 334 334 1916 65 65 1917 330 330 1918 334 334 1919 229 229 1920 66 66 1921 332 332 1922 66 66 1923 334 334 1924 332 332 1925 65 65 1926 64 64 1927 330 330 1928 64 64 1929 333 333 1930 330 330 1931 476 476 1932 475 475 1933 240 240 1934 475 475 1935 345 345 1936 240 240 1937 159 159 1938 183 183 1939 346 346 1940 183 183 1941 347 347 1942 346 346 1943 184 184 1944 349 349 1945 183 183 1946 349 349 1947 347 347 1948 183 183 1949 185 185 1950 348 348 1951 184 184 1952 348 348 1953 349 349 1954 184 184 1955 230 230 1956 343 343 1957 185 185 1958 343 343 1959 348 348 1960 185 185 1961 407 407 1962 240 240 1963 406 406 1964 240 240 1965 345 345 1966 406 406 1967 43 43 1968 340 340 1969 67 67 1970 340 340 1971 341 341 1972 67 67 1973 68 68 1974 67 67 1975 344 344 1976 67 67 1977 341 341 1978 344 344 1979 69 69 1980 68 68 1981 342 342 1982 68 68 1983 344 344 1984 342 342 1985 230 230 1986 69 69 1987 343 343 1988 69 69 1989 342 342 1990 343 343 1991 197 197 1992 359 359 1993 195 195 1994 359 359 1995 358 358 1996 195 195 1997 245 245 1998 351 351 1999 197 197 2000 351 351 2001 359 359 2002 197 197 2003 480 480 2004 479 479 2005 237 237 2006 479 479 2007 353 353 2008 237 237 2009 186 186 2010 195 195 2011 357 357 2012 195 195 2013 358 358 2014 357 357 2015 186 186 2016 357 357 2017 160 160 2018 357 357 2019 356 356 2020 160 160 2021 81 81 2022 79 79 2023 355 355 2024 79 79 2025 354 354 2026 355 355 2027 245 245 2028 81 81 2029 351 351 2030 81 81 2031 355 355 2032 351 351 2033 411 411 2034 237 237 2035 410 410 2036 237 237 2037 353 353 2038 410 410 2039 70 70 2040 352 352 2041 79 79 2042 352 352 2043 354 354 2044 79 79 2045 70 70 2046 44 44 2047 352 352 2048 44 44 2049 350 350 2050 352 352 2051 152 152 2052 368 368 2053 238 238 2054 368 368 2055 364 364 2056 238 238 2057 482 482 2058 506 506 2059 145 145 2060 506 506 2061 369 369 2062 145 145 2063 163 163 2064 366 366 2065 161 161 2066 366 366 2067 369 369 2068 161 161 2069 164 164 2070 367 367 2071 163 163 2072 367 367 2073 366 366 2074 163 163 2075 223 223 2076 365 365 2077 164 164 2078 365 365 2079 367 367 2080 164 164 2081 36 36 2082 238 238 2083 362 362 2084 238 238 2085 364 364 2086 362 362 2087 413 413 2088 29 29 2089 441 441 2090 29 29 2091 363 363 2092 441 441 2093 47 47 2094 45 45 2095 360 360 2096 45 45 2097 363 363 2098 360 360 2099 48 48 2100 47 47 2101 361 361 2102 47 47 2103 360 360 2104 361 361 2105 223 223 2106 48 48 2107 365 365 2108 48 48 2109 361 361 2110 365 365 2111</p>
				</triangles>
			</mesh>
		</geometry>
	</library_geometries>
	<library_visual_scenes>
		<visual_scene id="Scene" name="Scene">
			<node id="Part_0" name="Part.0" type="NODE">
				<matrix sid="transform">0.98451 0.17534 0 -6.265 -0.17534 0.98451 0 8.99 0 0 1 0 0 0 0 1</matrix>
				<instance_geometry url="#5D715459-B5B4-48AE-9085-3E3FAA6D5644-mesh">
					<bind_material>
						<technique_common>
							<instance_material symbol="MB|5-material" target="#MB|5-material"/>
						</technique_common>
					</bind_material>
				</instance_geometry>
			</node>
			<node id="Part_1" name="Part.1" type="NODE">
				<matrix sid="transform">0.98451 0.09945 -0.14441 -10.24679 -0.17534 0.55834 -0.81087 -2.13198 -0.00001 0.82363 0.56713 5.3504 0 0 0 1</matrix>
				<instance_geometry url="#970009BA-1C4B-4301-AD1F-770D3F6984AC-mesh">
					<bind_material>
						<technique_common>
							<instance_material symbol="MB|26-material" target="#MB|26-material"/>
						</technique_common>
					</bind_material>
				</instance_geometry>
			</node>
			<node id="Part_2" name="Part.2" type="NODE">
				<matrix sid="transform">0.98451 -0.17534 0 6.265 0.17534 0.98451 0 8.99 0 0 1 0 0 0 0 1</matrix>
				<instance_geometry url="#CE5EB98C-D736-463E-ADA7-F944921B82B3-mesh">
					<bind_material>
						<technique_common>
							<instance_material symbol="MB|5-material" target="#MB|5-material"/>
						</technique_common>
					</bind_material>
				</instance_geometry>
			</node>
			<node id="Part_3" name="Part.3" type="NODE">
				<matrix sid="transform">0.98451 -0.12392 0.12404 9.58509 0.17533 0.6958 -0.6965 1.5834 0 0.70746 0.70675 4.21 0 0 0 1</matrix>
				<instance_geometry url="#78C089FF-8D51-409C-8F37-4F84982727D4-mesh">
					<bind_material>
						<technique_common>
							<instance_material symbol="MB|199-material" target="#MB|199-material"/>
						</technique_common>
					</bind_material>
				</instance_geometry>
			</node>
		</visual_scene>
	</library_visual_scenes>
	<scene>
		<instance_visual_scene url="#Scene"/>
	</scene>
</COLLADA>